{
    "function": "bin.ffn.main",
    "gpus": [
        "A100-SXM-80GB"
    ],
    "config": {
        "seed": 0,
        "batch_size": 128,
        "patience": 16,
        "n_epochs": Infinity,
        "data": {
            "seed": 0,
            "cache": true,
            "path": ":data/regression-num-medium-0-wine_quality",
            "num_policy": "quantile",
            "cat_policy": null,
            "y_policy": "standard"
        },
        "optimizer": {
            "type": "AdamW",
            "lr": 0.0004433511644809127,
            "weight_decay": 1.927116848440703e-05
        },
        "model": {
            "backbone": {
                "type": "MLP",
                "n_blocks": 3,
                "d_layer": 1011,
                "dropout": 0.40299488381368825,
                "activation": "ReLU"
            },
            "num_embeddings": {
                "type": "PLREmbeddings",
                "n_frequencies": 21,
                "frequency_scale": 0.2575982991736272,
                "d_embedding": 59,
                "lite": false
            }
        }
    },
    "n_parameters": 2732564,
    "prediction_type": null,
    "best_epoch": 33,
    "metrics": {
        "train": {
            "rmse": 0.24056517755218168,
            "mae": 0.17582812391659353,
            "r2": 0.9230672602582757,
            "score": -0.24056517755218168
        },
        "val": {
            "rmse": 0.6530589645699604,
            "mae": 0.4692653021953461,
            "r2": 0.5012569334028616,
            "score": -0.6530589645699604
        },
        "test": {
            "rmse": 0.6569747916121765,
            "mae": 0.4719167402715492,
            "r2": 0.4292196735876631,
            "score": -0.6569747916121765
        }
    },
    "time": "0:00:07",
    "chunk_size": null,
    "eval_batch_size": 32768
}
