{
    "function": "bin.catboost_.main",
    "gpus": [
        "NVIDIA GeForce RTX 2080 Ti",
        "NVIDIA GeForce RTX 2080 Ti"
    ],
    "config": {
        "seed": 10,
        "data": {
            "seed": 0,
            "num_policy": null,
            "cat_policy": null,
            "cache": true,
            "path": ":data/regression-num-medium-0-isolet",
            "y_policy": "standard"
        },
        "model": {
            "iterations": 4000,
            "early_stopping_rounds": 3999,
            "thread_count": 4,
            "task_type": "CPU",
            "od_pval": 0.001
        },
        "fit": {
            "logging_level": "Verbose"
        }
    },
    "prediction_type": null,
    "time": "0:03:50",
    "best_iteration": 3999,
    "metrics": {
        "train": {
            "rmse": 0.309912523683552,
            "mae": 0.24024152958653877,
            "r2": 0.9982878109658045,
            "score": -0.309912523683552
        },
        "val": {
            "rmse": 3.1959391591920125,
            "mae": 2.2048688441806674,
            "r2": 0.8197720898378908,
            "score": -3.1959391591920125
        },
        "test": {
            "rmse": 2.901087722417448,
            "mae": 1.984326043737515,
            "r2": 0.8513140305877356,
            "score": -2.901087722417448
        }
    }
}
