{
    "function": "bin.ft_transformer.main",
    "gpus": [
        "A100-SXM-80GB"
    ],
    "config": {
        "seed": 11,
        "batch_size": 256,
        "patience": 16,
        "n_epochs": Infinity,
        "data": {
            "seed": 0,
            "cache": true,
            "path": ":data/regression-num-medium-1-fifa",
            "num_policy": "quantile",
            "cat_policy": null,
            "y_policy": "standard"
        },
        "optimizer": {
            "type": "AdamW",
            "lr": 0.0005182065985482411,
            "weight_decay": 3.6184881258247296e-05
        },
        "model": {
            "d_token": 88,
            "n_blocks": 3,
            "attention_dropout": 0.44626593329058395,
            "ffn_d_hidden_factor": 1.4913809770530688,
            "ffn_dropout": 0.014099473751764915,
            "residual_dropout": 0.0
        }
    },
    "n_parameters": 200899,
    "prediction_type": null,
    "best_epoch": 73,
    "metrics": {
        "train": {
            "rmse": 0.7539196945654515,
            "mae": 0.553862954586414,
            "r2": 0.698092836792682,
            "score": -0.7539196945654515
        },
        "val": {
            "rmse": 0.759469462383058,
            "mae": 0.5586410225685299,
            "r2": 0.6892285584143638,
            "score": -0.759469462383058
        },
        "test": {
            "rmse": 0.7754289158164025,
            "mae": 0.5659584026841671,
            "r2": 0.6641643606777388,
            "score": -0.7754289158164025
        }
    },
    "time": "0:00:44",
    "chunk_size": null,
    "eval_batch_size": 32768
}
