{
    "function": "bin.xgboost_.main",
    "gpus": [
        "NVIDIA GeForce RTX 2080 Ti"
    ],
    "config": {
        "seed": 8,
        "data": {
            "seed": 0,
            "num_policy": null,
            "cache": true,
            "path": ":data/regression-num-medium-0-house_16H",
            "cat_policy": null,
            "y_policy": "standard"
        },
        "model": {
            "booster": "gbtree",
            "n_estimators": 4000,
            "n_jobs": 1,
            "tree_method": "gpu_hist",
            "use_label_encoder": false,
            "colsample_bytree": 0.8090624719569393,
            "gamma": 0,
            "lambda": 0.0,
            "learning_rate": 0.02997212989583002,
            "max_depth": 5,
            "min_child_weight": 0.017454547963878287,
            "subsample": 0.5853383215848017
        },
        "fit": {
            "early_stopping_rounds": 200,
            "verbose": true
        },
        "neighbors": null
    },
    "prediction_type": null,
    "time": "0:00:02",
    "best_iteration": 850,
    "metrics": {
        "train": {
            "rmse": 0.24712297748130388,
            "mae": 0.19219011531937724,
            "r2": 0.9214153185456949,
            "score": -0.24712297748130388
        },
        "val": {
            "rmse": 0.5765986860816812,
            "mae": 0.2884578067442334,
            "r2": 0.6005606244543991,
            "score": -0.5765986860816812
        },
        "test": {
            "rmse": 0.590650683959614,
            "mae": 0.2951367446605957,
            "r2": 0.5203669636726997,
            "score": -0.590650683959614
        }
    }
}
