{
    "function": "bin.tabr.main",
    "gpus": [
        "A100-SXM4-40GB"
    ],
    "config": {
        "seed": 13,
        "batch_size": 256,
        "patience": 16,
        "n_epochs": Infinity,
        "context_size": 96,
        "data": {
            "seed": 0,
            "cache": true,
            "path": ":data/regression-num-medium-0-houses",
            "num_policy": "quantile",
            "cat_policy": null,
            "y_policy": "standard"
        },
        "model": {
            "d_main": 318,
            "context_dropout": 0.16713706776106374,
            "d_multiplier": 2.0,
            "encoder_n_blocks": 0,
            "predictor_n_blocks": 2,
            "mixer_normalization": "auto",
            "dropout0": 0.46278077560294856,
            "dropout1": 0.0,
            "normalization": "LayerNorm",
            "activation": "ReLU",
            "num_embeddings": {
                "type": "PLREmbeddings",
                "n_frequencies": 17,
                "frequency_scale": 0.021586843017117274,
                "d_embedding": 43,
                "lite": true
            }
        },
        "optimizer": {
            "type": "AdamW",
            "lr": 0.0004648741525296296,
            "weight_decay": 0.0
        }
    },
    "n_parameters": 1431688,
    "prediction_type": null,
    "best_epoch": 37,
    "metrics": {
        "train": {
            "rmse": 0.1914524673827149,
            "mae": 0.1283456439007562,
            "r2": 0.8858071968811043,
            "score": -0.1914524673827149
        },
        "val": {
            "rmse": 0.21506271941791985,
            "mae": 0.13785204105417748,
            "r2": 0.8622175898276773,
            "score": -0.21506271941791985
        },
        "test": {
            "rmse": 0.19991301096116307,
            "mae": 0.13282361866199288,
            "r2": 0.8761677929941307,
            "score": -0.19991301096116307
        }
    },
    "time": "0:00:31",
    "chunk_size": null,
    "eval_batch_size": 32768
}