{
    "function": "bin.tabr.main",
    "gpus": [
        "A100-SXM-80GB"
    ],
    "config": {
        "seed": 1,
        "batch_size": 256,
        "patience": 16,
        "n_epochs": Infinity,
        "context_size": 96,
        "data": {
            "seed": 0,
            "cache": true,
            "path": ":data/classif-cat-medium-1-compass",
            "num_policy": "quantile",
            "cat_policy": "ordinal",
            "y_policy": null
        },
        "model": {
            "num_embeddings": null,
            "d_main": 146,
            "context_dropout": 0.008514886024567986,
            "d_multiplier": 2.0,
            "encoder_n_blocks": 0,
            "predictor_n_blocks": 1,
            "mixer_normalization": "auto",
            "dropout0": 0.5848070754715678,
            "dropout1": 0.0,
            "normalization": "LayerNorm",
            "activation": "ReLU"
        },
        "optimizer": {
            "type": "AdamW",
            "lr": 0.00011687120390911033,
            "weight_decay": 0.0
        }
    },
    "n_parameters": 202357,
    "prediction_type": "logits",
    "best_epoch": 35,
    "metrics": {
        "train": {
            "0": {
                "precision": 0.8439603258944386,
                "recall": 0.9475044740505071,
                "f1-score": 0.8927400468384075,
                "support": 5029
            },
            "1": {
                "precision": 0.9393661001378043,
                "recall": 0.8227720780527057,
                "f1-score": 0.8772117962466488,
                "support": 4971
            },
            "accuracy": 0.8855,
            "macro avg": {
                "precision": 0.8916632130161215,
                "recall": 0.8851382760516064,
                "f1-score": 0.8849759215425281,
                "support": 10000
            },
            "weighted avg": {
                "precision": 0.8913865362708157,
                "recall": 0.8855,
                "f1-score": 0.8850209534692444,
                "support": 10000
            },
            "cross-entropy": 0.2692689445859559,
            "roc-auc": 0.9518074188015685,
            "score": 0.8855
        },
        "val": {
            "0": {
                "precision": 0.8306159420289855,
                "recall": 0.9347604485219164,
                "f1-score": 0.8796163069544365,
                "support": 981
            },
            "1": {
                "precision": 0.9280089988751407,
                "recall": 0.8152173913043478,
                "f1-score": 0.8679642293529721,
                "support": 1012
            },
            "accuracy": 0.8740592072252885,
            "macro avg": {
                "precision": 0.8793124704520631,
                "recall": 0.8749889199131321,
                "f1-score": 0.8737902681537043,
                "support": 1993
            },
            "weighted avg": {
                "precision": 0.8800699177080166,
                "recall": 0.8740592072252885,
                "f1-score": 0.8736996473795835,
                "support": 1993
            },
            "cross-entropy": 0.29842925843044305,
            "roc-auc": 0.9410922145265983,
            "score": 0.8740592072252885
        },
        "test": {
            "0": {
                "precision": 0.8177302254489874,
                "recall": 0.9256055363321799,
                "f1-score": 0.8683302901196998,
                "support": 2312
            },
            "1": {
                "precision": 0.9154375614552606,
                "recall": 0.7960666951688756,
                "f1-score": 0.8515892979647838,
                "support": 2339
            },
            "accuracy": 0.8604601161040636,
            "macro avg": {
                "precision": 0.8665838934521239,
                "recall": 0.8608361157505278,
                "f1-score": 0.8599597940422418,
                "support": 4651
            },
            "weighted avg": {
                "precision": 0.8668674989210736,
                "recall": 0.8604601161040636,
                "f1-score": 0.859911201611777,
                "support": 4651
            },
            "cross-entropy": 0.317111706164356,
            "roc-auc": 0.93249137167127,
            "score": 0.8604601161040636
        }
    },
    "time": "0:00:24",
    "chunk_size": null,
    "eval_batch_size": 32768
}