{
    "function": "bin.ensemble.main",
    "config": {
        "seeds": [
            0,
            1,
            2,
            3,
            4
        ]
    },
    "single_model_function": "bin.ffn.main",
    "data": ":data/regression-num-medium-2-cpu_act",
    "prediction_type": null,
    "metrics": {
        "train": {
            "rmse": 1.7339217198105978,
            "mae": 1.2622764882472381,
            "r2": 0.9909138901204158,
            "score": -1.7339217198105978
        },
        "val": {
            "rmse": 2.095812400264982,
            "mae": 1.5295304133329068,
            "r2": 0.9895196719625096,
            "score": -2.095812400264982
        },
        "test": {
            "rmse": 2.187788340046995,
            "mae": 1.5826860443934265,
            "r2": 0.9854496746313346,
            "score": -2.187788340046995
        }
    }
}
