{
    "function": "bin.ffn.main",
    "gpus": [
        "A100-SXM-80GB"
    ],
    "config": {
        "seed": 1,
        "batch_size": 32,
        "patience": 16,
        "n_epochs": Infinity,
        "data": {
            "seed": 0,
            "cache": true,
            "path": ":data/classif-num-medium-1-wine",
            "num_policy": "quantile",
            "cat_policy": null,
            "y_policy": null
        },
        "optimizer": {
            "type": "AdamW",
            "lr": 6.049095805827476e-05,
            "weight_decay": 0.0
        },
        "model": {
            "backbone": {
                "type": "MLP",
                "n_blocks": 6,
                "d_layer": 427,
                "dropout": 0.0,
                "activation": "ReLU"
            },
            "num_embeddings": {
                "type": "PLREmbeddings",
                "n_frequencies": 61,
                "frequency_scale": 0.16758922713327312,
                "d_embedding": 20,
                "lite": false
            }
        }
    },
    "n_parameters": 1036306,
    "prediction_type": "logits",
    "best_epoch": 24,
    "metrics": {
        "train": {
            "0": {
                "precision": 0.9780853517877739,
                "recall": 0.9453734671125975,
                "f1-score": 0.9614512471655329,
                "support": 897
            },
            "1": {
                "precision": 0.9467391304347826,
                "recall": 0.9786516853932584,
                "f1-score": 0.9624309392265193,
                "support": 890
            },
            "accuracy": 0.961947397873531,
            "macro avg": {
                "precision": 0.9624122411112783,
                "recall": 0.9620125762529279,
                "f1-score": 0.9619410931960262,
                "support": 1787
            },
            "weighted avg": {
                "precision": 0.9624736355011694,
                "recall": 0.961947397873531,
                "f1-score": 0.9619391743811333,
                "support": 1787
            },
            "cross-entropy": 0.14893407263100442,
            "roc-auc": 0.9811819673568574,
            "score": 0.961947397873531
        },
        "val": {
            "0": {
                "precision": 0.7751937984496124,
                "recall": 0.8264462809917356,
                "f1-score": 0.8,
                "support": 121
            },
            "1": {
                "precision": 0.7920792079207921,
                "recall": 0.7339449541284404,
                "f1-score": 0.761904761904762,
                "support": 109
            },
            "accuracy": 0.782608695652174,
            "macro avg": {
                "precision": 0.7836365031852023,
                "recall": 0.7801956175600879,
                "f1-score": 0.7809523809523811,
                "support": 230
            },
            "weighted avg": {
                "precision": 0.7831960142424758,
                "recall": 0.782608695652174,
                "f1-score": 0.7819461697722567,
                "support": 230
            },
            "cross-entropy": 0.6428224262587039,
            "roc-auc": 0.8503298203047995,
            "score": 0.782608695652174
        },
        "test": {
            "0": {
                "precision": 0.7656903765690377,
                "recall": 0.7065637065637066,
                "f1-score": 0.7349397590361447,
                "support": 259
            },
            "1": {
                "precision": 0.7449664429530202,
                "recall": 0.7985611510791367,
                "f1-score": 0.7708333333333334,
                "support": 278
            },
            "accuracy": 0.7541899441340782,
            "macro avg": {
                "precision": 0.7553284097610289,
                "recall": 0.7525624288214217,
                "f1-score": 0.752886546184739,
                "support": 537
            },
            "weighted avg": {
                "precision": 0.7549617852370956,
                "recall": 0.7541899441340782,
                "f1-score": 0.753521534929289,
                "support": 537
            },
            "cross-entropy": 0.6615554257460582,
            "roc-auc": 0.8181578289491959,
            "score": 0.7541899441340782
        }
    },
    "time": "0:00:10",
    "chunk_size": null,
    "eval_batch_size": 32768
}
