{
    "function": "bin.ensemble.main",
    "config": {
        "seeds": [
            0,
            1,
            2,
            3,
            4
        ]
    },
    "single_model_function": "bin.ffn.main",
    "data": ":data/regression-num-medium-1-sulfur",
    "prediction_type": null,
    "metrics": {
        "train": {
            "rmse": 0.014879132285720426,
            "mae": 0.010413600912421994,
            "r2": 0.9181112368349093,
            "score": -0.014879132285720426
        },
        "val": {
            "rmse": 0.02137052857840487,
            "mae": 0.01186781558565192,
            "r2": 0.8863427971243615,
            "score": -0.02137052857840487
        },
        "test": {
            "rmse": 0.02204425570002806,
            "mae": 0.011348392215099201,
            "r2": 0.8153069219956453,
            "score": -0.02204425570002806
        }
    }
}
