{
    "function": "bin.tabr.main",
    "gpus": [
        "NVIDIA A100-SXM4-80GB"
    ],
    "config": {
        "seed": 12,
        "batch_size": 128,
        "patience": 16,
        "n_epochs": Infinity,
        "context_size": 96,
        "data": {
            "seed": 0,
            "cache": true,
            "path": ":data/regression-cat-medium-2-yprop_4_1",
            "num_policy": "quantile",
            "cat_policy": null,
            "y_policy": "standard"
        },
        "model": {
            "num_embeddings": null,
            "d_main": 265,
            "mixer_dropout": 0.38920071545944357,
            "d_multiplier": 2.0,
            "encoder_n_blocks": 0,
            "predictor_n_blocks": 1,
            "mixer_normalization": "auto",
            "dropout0": 0.38852797479169876,
            "dropout1": 0.0,
            "normalization": "LayerNorm",
            "activation": "ReLU"
        },
        "optimizer": {
            "type": "AdamW",
            "lr": 0.0003121273641315169,
            "weight_decay": 1.2260352006404615e-06
        }
    },
    "n_parameters": 652166,
    "prediction_type": null,
    "best_epoch": 1,
    "metrics": {
        "train": {
            "rmse": 0.028643947311044075,
            "mae": 0.019054544060777223,
            "r2": 0.1161599101076023,
            "score": -0.028643947311044075
        },
        "val": {
            "rmse": 0.02622555846801649,
            "mae": 0.01858805528377816,
            "r2": 0.09498267767286206,
            "score": -0.02622555846801649
        },
        "test": {
            "rmse": 0.026778585549966875,
            "mae": 0.01928527958589621,
            "r2": 0.09778632132383369,
            "score": -0.026778585549966875
        }
    },
    "time": "0:00:07",
    "chunk_size": null,
    "eval_batch_size": 32768
}