{
    "function": "bin.tabr.main",
    "gpus": [
        "A100-SXM-80GB"
    ],
    "config": {
        "seed": 10,
        "batch_size": 64,
        "patience": 16,
        "n_epochs": Infinity,
        "context_size": 96,
        "data": {
            "seed": 0,
            "cache": true,
            "path": ":data/regression-cat-medium-3-analcatdata_supreme",
            "num_policy": "quantile",
            "cat_policy": null,
            "y_policy": "standard"
        },
        "model": {
            "num_embeddings": null,
            "d_main": 242,
            "context_dropout": 0.032411797800509345,
            "d_multiplier": 2.0,
            "encoder_n_blocks": 0,
            "predictor_n_blocks": 1,
            "mixer_normalization": "auto",
            "dropout0": 0.28213117726838305,
            "dropout1": 0.0,
            "normalization": "LayerNorm",
            "activation": "ReLU"
        },
        "optimizer": {
            "type": "AdamW",
            "lr": 0.00034120364985297557,
            "weight_decay": 4.872086670599718e-06
        }
    },
    "n_parameters": 532159,
    "prediction_type": null,
    "best_epoch": 12,
    "metrics": {
        "train": {
            "rmse": 0.07435744952413878,
            "mae": 0.025163528797313317,
            "r2": 0.981946960666338,
            "score": -0.07435744952413878
        },
        "val": {
            "rmse": 0.09009733932754012,
            "mae": 0.027543288161587576,
            "r2": 0.9727244234289354,
            "score": -0.09009733932754012
        },
        "test": {
            "rmse": 0.06502749812978743,
            "mae": 0.024674734244021,
            "r2": 0.9853537837219476,
            "score": -0.06502749812978743
        }
    },
    "time": "0:00:11",
    "chunk_size": null,
    "eval_batch_size": 32768
}