{
    "function": "bin.ffn.main",
    "gpus": [
        "A100-SXM-80GB"
    ],
    "config": {
        "seed": 10,
        "batch_size": 256,
        "patience": 16,
        "n_epochs": Infinity,
        "data": {
            "seed": 0,
            "cache": true,
            "path": ":data/classif-num-large-0-MiniBooNE",
            "num_policy": "quantile",
            "cat_policy": null,
            "y_policy": null
        },
        "optimizer": {
            "type": "AdamW",
            "lr": 4.1777531745043454e-05,
            "weight_decay": 0.0
        },
        "model": {
            "backbone": {
                "type": "MLP",
                "n_blocks": 6,
                "d_layer": 847,
                "dropout": 0.4955790329689283,
                "activation": "ReLU"
            },
            "num_embeddings": {
                "type": "PLREmbeddings",
                "n_frequencies": 93,
                "frequency_scale": 0.03767220734240942,
                "d_embedding": 55,
                "lite": false
            }
        }
    },
    "n_parameters": 6441125,
    "prediction_type": "logits",
    "best_epoch": 34,
    "metrics": {
        "train": {
            "0": {
                "precision": 0.9712230215827338,
                "recall": 0.9566463633106413,
                "f1-score": 0.9638795852469866,
                "support": 25119
            },
            "1": {
                "precision": 0.9568849473434159,
                "recall": 0.9713837868252884,
                "f1-score": 0.9640798579947745,
                "support": 24881
            },
            "accuracy": 0.96398,
            "macro avg": {
                "precision": 0.9640539844630749,
                "recall": 0.9640150750679648,
                "f1-score": 0.9639797216208805,
                "support": 50000
            },
            "weighted avg": {
                "precision": 0.9640881090797644,
                "recall": 0.96398,
                "f1-score": 0.9639792449717408,
                "support": 50000
            },
            "cross-entropy": 0.09954401459320934,
            "roc-auc": 0.9929180475399542,
            "score": 0.96398
        },
        "val": {
            "0": {
                "precision": 0.9598149754264238,
                "recall": 0.9437180216031836,
                "f1-score": 0.9516984377239501,
                "support": 3518
            },
            "1": {
                "precision": 0.9424418604651162,
                "recall": 0.9588879029872819,
                "f1-score": 0.9505937545814397,
                "support": 3381
            },
            "accuracy": 0.9511523409189737,
            "macro avg": {
                "precision": 0.95112841794577,
                "recall": 0.9513029622952327,
                "f1-score": 0.951146096152695,
                "support": 6899
            },
            "weighted avg": {
                "precision": 0.9513009151736074,
                "recall": 0.9511523409189737,
                "f1-score": 0.951157064524236,
                "support": 6899
            },
            "cross-entropy": 0.13820357570954983,
            "roc-auc": 0.9873727526950173,
            "score": 0.9511523409189737
        },
        "test": {
            "0": {
                "precision": 0.9478272016408152,
                "recall": 0.9404731620452811,
                "f1-score": 0.944135861584626,
                "support": 7862
            },
            "1": {
                "precision": 0.9436008676789588,
                "recall": 0.9505888066043462,
                "f1-score": 0.9470819473843362,
                "support": 8237
            },
            "accuracy": 0.9456487980619914,
            "macro avg": {
                "precision": 0.945714034659887,
                "recall": 0.9455309843248136,
                "f1-score": 0.9456089044844811,
                "support": 16099
            },
            "weighted avg": {
                "precision": 0.9456648118747545,
                "recall": 0.9456487980619914,
                "f1-score": 0.9456432166211011,
                "support": 16099
            },
            "cross-entropy": 0.15331861939509403,
            "roc-auc": 0.9862135309875367,
            "score": 0.9456487980619914
        }
    },
    "time": "0:01:08",
    "chunk_size": null,
    "eval_batch_size": 32768
}
