{
    "function": "bin.ensemble.main",
    "config": {
        "seeds": [
            0,
            1,
            2,
            3,
            4
        ]
    },
    "single_model_function": "bin.ft_transformer.main",
    "data": ":data/regression-cat-large-0-diamonds",
    "prediction_type": null,
    "metrics": {
        "train": {
            "rmse": 0.0824711462034691,
            "mae": 0.059106478507269244,
            "r2": 0.9933732921054104,
            "score": -0.0824711462034691
        },
        "val": {
            "rmse": 0.08089731485577505,
            "mae": 0.0582887973552193,
            "r2": 0.9936750507026563,
            "score": -0.08089731485577505
        },
        "test": {
            "rmse": 0.08481168895435195,
            "mae": 0.060407874581660526,
            "r2": 0.9930312338460587,
            "score": -0.08481168895435195
        }
    }
}
