{
    "function": "bin.ft_transformer.main",
    "gpus": [
        "A100-SXM-80GB"
    ],
    "config": {
        "seed": 4,
        "batch_size": 256,
        "patience": 16,
        "n_epochs": Infinity,
        "data": {
            "seed": 0,
            "cache": true,
            "path": ":data/classif-cat-medium-1-compass",
            "num_policy": "quantile",
            "cat_policy": "ordinal",
            "y_policy": null
        },
        "optimizer": {
            "type": "AdamW",
            "lr": 6.449956792589892e-05,
            "weight_decay": 0.0
        },
        "model": {
            "d_token": 192,
            "n_blocks": 3,
            "attention_dropout": 0.06154363532042305,
            "ffn_d_hidden_factor": 1.8711531388607834,
            "ffn_dropout": 0.1118173269744686,
            "residual_dropout": 0.0
        }
    },
    "n_parameters": 1084843,
    "prediction_type": "logits",
    "best_epoch": 86,
    "metrics": {
        "train": {
            "0": {
                "precision": 0.9550038789759504,
                "recall": 0.9791210976337243,
                "f1-score": 0.9669121256750124,
                "support": 5029
            },
            "1": {
                "precision": 0.9783236994219653,
                "recall": 0.9533293099979884,
                "f1-score": 0.9656647987773816,
                "support": 4971
            },
            "accuracy": 0.9663,
            "macro avg": {
                "precision": 0.9666637891989578,
                "recall": 0.9662252038158563,
                "f1-score": 0.966288462226197,
                "support": 10000
            },
            "weighted avg": {
                "precision": 0.9665961617196644,
                "recall": 0.9663,
                "f1-score": 0.9662920794742001,
                "support": 10000
            },
            "cross-entropy": 0.09728793328291037,
            "roc-auc": 0.9954730877146707,
            "score": 0.9663
        },
        "val": {
            "0": {
                "precision": 0.7830474268415741,
                "recall": 0.7910295616717635,
                "f1-score": 0.7870182555780934,
                "support": 981
            },
            "1": {
                "precision": 0.7954091816367266,
                "recall": 0.7875494071146245,
                "f1-score": 0.791459781529295,
                "support": 1012
            },
            "accuracy": 0.7892624184646262,
            "macro avg": {
                "precision": 0.7892283042391504,
                "recall": 0.789289484393194,
                "f1-score": 0.7892390185536942,
                "support": 1993
            },
            "weighted avg": {
                "precision": 0.7893244443291277,
                "recall": 0.7892624184646262,
                "f1-score": 0.7892735612793557,
                "support": 1993
            },
            "cross-entropy": 0.6232348508385639,
            "roc-auc": 0.8548997151410394,
            "score": 0.7892624184646262
        },
        "test": {
            "0": {
                "precision": 0.7574736842105263,
                "recall": 0.778114186851211,
                "f1-score": 0.7676552165564327,
                "support": 2312
            },
            "1": {
                "precision": 0.7746045694200352,
                "recall": 0.7537409149209063,
                "f1-score": 0.7640303358613219,
                "support": 2339
            },
            "accuracy": 0.7658568049881745,
            "macro avg": {
                "precision": 0.7660391268152807,
                "recall": 0.7659275508860587,
                "f1-score": 0.7658427762088773,
                "support": 4651
            },
            "weighted avg": {
                "precision": 0.766088850949946,
                "recall": 0.7658568049881745,
                "f1-score": 0.7658322546244042,
                "support": 4651
            },
            "cross-entropy": 0.6777934245919237,
            "roc-auc": 0.8383051935659962,
            "score": 0.7658568049881745
        }
    },
    "time": "0:02:11",
    "chunk_size": null,
    "eval_batch_size": 32768
}
