{
    "function": "bin.xgboost_.main",
    "gpus": [
        "NVIDIA GeForce RTX 2080 Ti"
    ],
    "config": {
        "seed": 2,
        "data": {
            "seed": 0,
            "num_policy": null,
            "cache": true,
            "path": ":data/regression-num-medium-0-california",
            "cat_policy": null,
            "y_policy": "standard"
        },
        "model": {
            "booster": "gbtree",
            "n_estimators": 4000,
            "n_jobs": 1,
            "tree_method": "gpu_hist",
            "use_label_encoder": false,
            "colsample_bytree": 0.7107975207714106,
            "gamma": 0,
            "lambda": 0.0,
            "learning_rate": 0.021518469292965962,
            "max_depth": 8,
            "min_child_weight": 0.00013553821021146544,
            "subsample": 0.7764750382138884
        },
        "fit": {
            "early_stopping_rounds": 200,
            "verbose": true
        },
        "neighbors": null
    },
    "prediction_type": null,
    "time": "0:00:09",
    "best_iteration": 2401,
    "metrics": {
        "train": {
            "rmse": 0.008901327132875786,
            "mae": 0.00707686760001186,
            "r2": 0.9993717729095234,
            "score": -0.008901327132875786
        },
        "val": {
            "rmse": 0.14359753938632921,
            "mae": 0.09670946140512005,
            "r2": 0.8436077257614261,
            "score": -0.14359753938632921
        },
        "test": {
            "rmse": 0.1312639227346041,
            "mae": 0.09105314974173773,
            "r2": 0.8629974427136216,
            "score": -0.1312639227346041
        }
    }
}
