{
    "function": "bin.catboost_.main",
    "gpus": [
        "NVIDIA GeForce RTX 2080 Ti",
        "NVIDIA GeForce RTX 2080 Ti"
    ],
    "config": {
        "seed": 1,
        "data": {
            "seed": 0,
            "num_policy": null,
            "cat_policy": null,
            "cache": true,
            "path": ":data/classif-num-medium-3-wine",
            "y_policy": null
        },
        "model": {
            "iterations": 4000,
            "early_stopping_rounds": 3999,
            "thread_count": 4,
            "task_type": "CPU",
            "od_pval": 0.001
        },
        "fit": {
            "logging_level": "Verbose"
        }
    },
    "prediction_type": "probs",
    "time": "0:00:05",
    "best_iteration": 1168,
    "metrics": {
        "train": {
            "0": {
                "precision": 0.9910714285714286,
                "recall": 0.9855715871254163,
                "f1-score": 0.988313856427379,
                "support": 901
            },
            "1": {
                "precision": 0.9854096520763187,
                "recall": 0.9909706546275395,
                "f1-score": 0.9881823297692741,
                "support": 886
            },
            "accuracy": 0.9882484611080022,
            "macro avg": {
                "precision": 0.9882405403238737,
                "recall": 0.9882711208764778,
                "f1-score": 0.9882480930983266,
                "support": 1787
            },
            "weighted avg": {
                "precision": 0.9882643026762594,
                "recall": 0.9882484611080022,
                "f1-score": 0.9882486451128402,
                "support": 1787
            },
            "cross-entropy": 0.12562219338856245,
            "roc-auc": 0.999500179133794,
            "score": 0.9882484611080022
        },
        "val": {
            "0": {
                "precision": 0.8269230769230769,
                "recall": 0.7610619469026548,
                "f1-score": 0.7926267281105989,
                "support": 113
            },
            "1": {
                "precision": 0.7857142857142857,
                "recall": 0.8461538461538461,
                "f1-score": 0.8148148148148148,
                "support": 117
            },
            "accuracy": 0.8043478260869565,
            "macro avg": {
                "precision": 0.8063186813186813,
                "recall": 0.8036078965282505,
                "f1-score": 0.8037207714627068,
                "support": 230
            },
            "weighted avg": {
                "precision": 0.8059603440038223,
                "recall": 0.8043478260869565,
                "f1-score": 0.8039137113470913,
                "support": 230
            },
            "cross-entropy": 0.4552615859947748,
            "roc-auc": 0.8695257544815067,
            "score": 0.8043478260869565
        },
        "test": {
            "0": {
                "precision": 0.8166666666666667,
                "recall": 0.7452471482889734,
                "f1-score": 0.779324055666004,
                "support": 263
            },
            "1": {
                "precision": 0.7744107744107744,
                "recall": 0.8394160583941606,
                "f1-score": 0.8056042031523643,
                "support": 274
            },
            "accuracy": 0.7932960893854749,
            "macro avg": {
                "precision": 0.7955387205387205,
                "recall": 0.792331603341567,
                "f1-score": 0.7924641294091841,
                "support": 537
            },
            "weighted avg": {
                "precision": 0.7951059320705502,
                "recall": 0.7932960893854749,
                "f1-score": 0.7927332929309252,
                "support": 537
            },
            "cross-entropy": 0.45058593799836844,
            "roc-auc": 0.8745385917681997,
            "score": 0.7932960893854749
        }
    }
}
