{
    "function": "bin.catboost_.main",
    "gpus": [
        "NVIDIA GeForce RTX 2080 Ti",
        "NVIDIA GeForce RTX 2080 Ti"
    ],
    "config": {
        "seed": 14,
        "data": {
            "seed": 0,
            "num_policy": null,
            "cat_policy": null,
            "cache": true,
            "path": ":data/classif-num-medium-1-phoneme",
            "y_policy": null
        },
        "model": {
            "iterations": 4000,
            "early_stopping_rounds": 3999,
            "thread_count": 4,
            "task_type": "CPU",
            "od_pval": 0.001
        },
        "fit": {
            "logging_level": "Verbose"
        }
    },
    "prediction_type": "probs",
    "time": "0:00:07",
    "best_iteration": 2862,
    "metrics": {
        "train": {
            "0": {
                "precision": 1.0,
                "recall": 1.0,
                "f1-score": 1.0,
                "support": 1098
            },
            "1": {
                "precision": 1.0,
                "recall": 1.0,
                "f1-score": 1.0,
                "support": 1122
            },
            "accuracy": 1.0,
            "macro avg": {
                "precision": 1.0,
                "recall": 1.0,
                "f1-score": 1.0,
                "support": 2220
            },
            "weighted avg": {
                "precision": 1.0,
                "recall": 1.0,
                "f1-score": 1.0,
                "support": 2220
            },
            "cross-entropy": 0.04137856517615713,
            "roc-auc": 1.0,
            "score": 1.0
        },
        "val": {
            "0": {
                "precision": 0.9006622516556292,
                "recall": 0.9006622516556292,
                "f1-score": 0.9006622516556292,
                "support": 151
            },
            "1": {
                "precision": 0.8880597014925373,
                "recall": 0.8880597014925373,
                "f1-score": 0.8880597014925373,
                "support": 134
            },
            "accuracy": 0.8947368421052632,
            "macro avg": {
                "precision": 0.8943609765740832,
                "recall": 0.8943609765740832,
                "f1-score": 0.8943609765740832,
                "support": 285
            },
            "weighted avg": {
                "precision": 0.8947368421052632,
                "recall": 0.8947368421052632,
                "f1-score": 0.8947368421052632,
                "support": 285
            },
            "cross-entropy": 0.27224172209917524,
            "roc-auc": 0.9566571117920332,
            "score": 0.8947368421052632
        },
        "test": {
            "0": {
                "precision": 0.9105431309904153,
                "recall": 0.8456973293768546,
                "f1-score": 0.8769230769230769,
                "support": 337
            },
            "1": {
                "precision": 0.8531073446327684,
                "recall": 0.9151515151515152,
                "f1-score": 0.8830409356725145,
                "support": 330
            },
            "accuracy": 0.8800599700149925,
            "macro avg": {
                "precision": 0.8818252378115918,
                "recall": 0.8804244222641848,
                "f1-score": 0.8799820062977957,
                "support": 667
            },
            "weighted avg": {
                "precision": 0.882126624996377,
                "recall": 0.8800599700149925,
                "f1-score": 0.8799499035907147,
                "support": 667
            },
            "cross-entropy": 0.31181579537763515,
            "roc-auc": 0.9435302580703174,
            "score": 0.8800599700149925
        }
    }
}
