{
    "function": "bin.catboost_.main",
    "gpus": [
        "GeForce RTX 2080 Ti",
        "GeForce RTX 2080 Ti"
    ],
    "config": {
        "seed": 11,
        "data": {
            "seed": 0,
            "num_policy": null,
            "cat_policy": null,
            "cache": true,
            "path": ":data/classif-num-medium-0-wine",
            "y_policy": null
        },
        "model": {
            "iterations": 4000,
            "early_stopping_rounds": 200,
            "od_pval": 0.001,
            "bagging_temperature": 0.14468023830473115,
            "depth": 14,
            "l2_leaf_reg": 0.10946301572896817,
            "leaf_estimation_iterations": 9,
            "learning_rate": 0.06273335384722817,
            "task_type": "CPU",
            "thread_count": 4
        },
        "fit": {
            "logging_level": "Verbose"
        }
    },
    "prediction_type": "probs",
    "time": "0:01:55",
    "best_iteration": 8,
    "metrics": {
        "train": {
            "0": {
                "precision": 0.9814385150812065,
                "recall": 0.9441964285714286,
                "f1-score": 0.9624573378839589,
                "support": 896
            },
            "1": {
                "precision": 0.9459459459459459,
                "recall": 0.9820426487093153,
                "f1-score": 0.9636563876651982,
                "support": 891
            },
            "accuracy": 0.9630665920537214,
            "macro avg": {
                "precision": 0.9636922305135762,
                "recall": 0.9631195386403719,
                "f1-score": 0.9630568627745786,
                "support": 1787
            },
            "weighted avg": {
                "precision": 0.9637418843595964,
                "recall": 0.9630665920537214,
                "f1-score": 0.9630551853126574,
                "support": 1787
            },
            "cross-entropy": 0.31339448614034726,
            "roc-auc": 0.9955532507615841,
            "score": 0.9630665920537214
        },
        "val": {
            "0": {
                "precision": 0.8468468468468469,
                "recall": 0.8623853211009175,
                "f1-score": 0.8545454545454546,
                "support": 109
            },
            "1": {
                "precision": 0.8739495798319328,
                "recall": 0.859504132231405,
                "f1-score": 0.8666666666666667,
                "support": 121
            },
            "accuracy": 0.8608695652173913,
            "macro avg": {
                "precision": 0.8603982133393898,
                "recall": 0.8609447266661612,
                "f1-score": 0.8606060606060606,
                "support": 230
            },
            "weighted avg": {
                "precision": 0.8611052411563921,
                "recall": 0.8608695652173913,
                "f1-score": 0.8609222661396575,
                "support": 230
            },
            "cross-entropy": 0.456824411770178,
            "roc-auc": 0.907422852376981,
            "score": 0.8608695652173913
        },
        "test": {
            "0": {
                "precision": 0.828,
                "recall": 0.7610294117647058,
                "f1-score": 0.793103448275862,
                "support": 272
            },
            "1": {
                "precision": 0.7735191637630662,
                "recall": 0.8377358490566038,
                "f1-score": 0.8043478260869564,
                "support": 265
            },
            "accuracy": 0.7988826815642458,
            "macro avg": {
                "precision": 0.8007595818815331,
                "recall": 0.7993826304106548,
                "f1-score": 0.7987256371814092,
                "support": 537
            },
            "weighted avg": {
                "precision": 0.8011146711307495,
                "recall": 0.7988826815642458,
                "f1-score": 0.7986523498027521,
                "support": 537
            },
            "cross-entropy": 0.48142734056211706,
            "roc-auc": 0.8805077691453941,
            "score": 0.7988826815642458
        }
    }
}
