{
    "function": "bin.catboost_.main",
    "gpus": [
        "NVIDIA GeForce RTX 2080 Ti",
        "NVIDIA GeForce RTX 2080 Ti"
    ],
    "config": {
        "seed": 14,
        "data": {
            "seed": 0,
            "num_policy": null,
            "cat_policy": null,
            "cache": true,
            "path": ":data/classif-cat-large-0-road-safety",
            "y_policy": null
        },
        "model": {
            "iterations": 4000,
            "early_stopping_rounds": 3999,
            "thread_count": 4,
            "task_type": "CPU",
            "od_pval": 0.001
        },
        "fit": {
            "logging_level": "Verbose"
        }
    },
    "prediction_type": "probs",
    "time": "0:00:38",
    "best_iteration": 3384,
    "metrics": {
        "train": {
            "0": {
                "precision": 0.9147476930750685,
                "recall": 0.8757959248646928,
                "f1-score": 0.8948481275159598,
                "support": 25128
            },
            "1": {
                "precision": 0.8796931616683371,
                "recall": 0.917537793502734,
                "f1-score": 0.8982170268036369,
                "support": 24872
            },
            "accuracy": 0.89656,
            "macro avg": {
                "precision": 0.8972204273717028,
                "recall": 0.8966668591837135,
                "f1-score": 0.8965325771597983,
                "support": 50000
            },
            "weighted avg": {
                "precision": 0.8973101669721041,
                "recall": 0.89656,
                "f1-score": 0.8965239527776219,
                "support": 50000
            },
            "cross-entropy": 0.2841887658890585,
            "roc-auc": 0.9645034358788696,
            "score": 0.89656
        },
        "val": {
            "0": {
                "precision": 0.8069783046298368,
                "recall": 0.772425604795547,
                "f1-score": 0.789323999124918,
                "support": 9342
            },
            "1": {
                "precision": 0.7782182349259337,
                "recall": 0.8121053777487481,
                "f1-score": 0.7948007670999361,
                "support": 9186
            },
            "accuracy": 0.792098445595855,
            "macro avg": {
                "precision": 0.7925982697778853,
                "recall": 0.7922654912721476,
                "f1-score": 0.792062383112427,
                "support": 18528
            },
            "weighted avg": {
                "precision": 0.7927193452008615,
                "recall": 0.792098445595855,
                "f1-score": 0.7920393267705633,
                "support": 18528
            },
            "cross-entropy": 0.41628472448389164,
            "roc-auc": 0.8867914733277203,
            "score": 0.792098445595855
        },
        "test": {
            "0": {
                "precision": 0.8045650470219435,
                "recall": 0.7671757507823082,
                "f1-score": 0.7854256819757572,
                "support": 21411
            },
            "1": {
                "precision": 0.7815321237619424,
                "recall": 0.8171653759794713,
                "f1-score": 0.7989516363880738,
                "support": 21823
            },
            "accuracy": 0.7924087523708193,
            "macro avg": {
                "precision": 0.7930485853919429,
                "recall": 0.7921705633808898,
                "f1-score": 0.7921886591819155,
                "support": 43234
            },
            "weighted avg": {
                "precision": 0.7929388388454388,
                "recall": 0.7924087523708193,
                "f1-score": 0.7922531072230159,
                "support": 43234
            },
            "cross-entropy": 0.42041841643658906,
            "roc-auc": 0.8841400878167622,
            "score": 0.7924087523708193
        }
    }
}
