{
    "function": "bin.catboost_.main",
    "gpus": [
        "GeForce RTX 2080 Ti",
        "GeForce RTX 2080 Ti"
    ],
    "config": {
        "seed": 0,
        "data": {
            "seed": 0,
            "num_policy": null,
            "cat_policy": null,
            "cache": true,
            "path": ":data/regression-cat-medium-0-Mercedes_Benz_Greener_Manufacturing",
            "y_policy": "standard"
        },
        "model": {
            "iterations": 4000,
            "early_stopping_rounds": 200,
            "od_pval": 0.001,
            "bagging_temperature": 0.4713304757020423,
            "depth": 3,
            "l2_leaf_reg": 8.521295303794405,
            "leaf_estimation_iterations": 1,
            "learning_rate": 0.01452801217342092,
            "task_type": "CPU",
            "thread_count": 4
        },
        "fit": {
            "logging_level": "Verbose"
        }
    },
    "prediction_type": null,
    "time": "0:00:18",
    "best_iteration": 1979,
    "metrics": {
        "train": {
            "rmse": 7.5896205274421815,
            "mae": 5.076334408110228,
            "r2": 0.6283271793849932,
            "score": -7.5896205274421815
        },
        "val": {
            "rmse": 8.042690196972053,
            "mae": 5.4206930225252,
            "r2": 0.5840240266780362,
            "score": -8.042690196972053
        },
        "test": {
            "rmse": 9.76356000902178,
            "mae": 5.382195642093667,
            "r2": 0.47562682926160715,
            "score": -9.76356000902178
        }
    }
}
