{
    "function": "bin.ft_transformer.main",
    "gpus": [
        "A100-SXM-80GB"
    ],
    "config": {
        "seed": 11,
        "batch_size": 256,
        "patience": 16,
        "n_epochs": Infinity,
        "data": {
            "seed": 0,
            "cache": true,
            "path": ":data/regression-cat-medium-0-Bike_Sharing_Demand",
            "num_policy": "quantile",
            "cat_policy": "ordinal",
            "y_policy": "standard"
        },
        "optimizer": {
            "type": "AdamW",
            "lr": 2.3840515188602983e-05,
            "weight_decay": 0.0
        },
        "model": {
            "d_token": 344,
            "n_blocks": 2,
            "attention_dropout": 0.06303353220293609,
            "ffn_d_hidden_factor": 2.0914281305757756,
            "ffn_dropout": 0.04099115362622136,
            "residual_dropout": 0.0
        }
    },
    "n_parameters": 2450093,
    "prediction_type": null,
    "best_epoch": 55,
    "metrics": {
        "train": {
            "rmse": 36.18002936775708,
            "mae": 23.88938831907808,
            "r2": 0.9601001042441268,
            "score": -36.18002936775708
        },
        "val": {
            "rmse": 46.081472752288654,
            "mae": 28.55689301676648,
            "r2": 0.9340994243211381,
            "score": -46.081472752288654
        },
        "test": {
            "rmse": 43.65209969986963,
            "mae": 27.517507550546725,
            "r2": 0.9428841302400127,
            "score": -43.65209969986963
        }
    },
    "time": "0:00:31",
    "chunk_size": null,
    "eval_batch_size": 32768
}
