{
    "function": "bin.ensemble.main",
    "config": {
        "seeds": [
            5,
            6,
            7,
            8,
            9
        ]
    },
    "single_model_function": "bin.xgboost_.main",
    "data": ":data/regression-num-medium-1-Ailerons",
    "prediction_type": null,
    "metrics": {
        "train": {
            "rmse": 7.564025279465267e-05,
            "mae": 5.721239181026225e-05,
            "r2": 0.9654863876460624,
            "score": -7.564025279465267e-05
        },
        "val": {
            "rmse": 0.00014563453805081485,
            "mae": 0.00010612276043322176,
            "r2": 0.8697969600327354,
            "score": -0.00014563453805081485
        },
        "test": {
            "rmse": 0.0001614583172240344,
            "mae": 0.00011118100894336354,
            "r2": 0.846150950948328,
            "score": -0.0001614583172240344
        }
    }
}
