{
    "function": "bin.tabr.main",
    "gpus": [
        "NVIDIA A100-SXM4-80GB"
    ],
    "config": {
        "seed": 10,
        "batch_size": 256,
        "patience": 16,
        "n_epochs": Infinity,
        "context_size": 96,
        "data": {
            "seed": 0,
            "cache": true,
            "path": ":data/regression-num-medium-1-MiamiHousing2016",
            "num_policy": "quantile",
            "cat_policy": null,
            "y_policy": "standard"
        },
        "model": {
            "num_embeddings": null,
            "d_main": 265,
            "mixer_dropout": 0.38920071545944357,
            "d_multiplier": 2.0,
            "encoder_n_blocks": 0,
            "predictor_n_blocks": 1,
            "mixer_normalization": "auto",
            "dropout0": 0.38852797479169876,
            "dropout1": 0.0,
            "normalization": "LayerNorm",
            "activation": "ReLU"
        },
        "optimizer": {
            "type": "AdamW",
            "lr": 0.0003121273641315169,
            "weight_decay": 1.2260352006404615e-06
        }
    },
    "n_parameters": 639181,
    "prediction_type": null,
    "best_epoch": 41,
    "metrics": {
        "train": {
            "rmse": 0.13069443438030415,
            "mae": 0.09114672980101801,
            "r2": 0.9475571666988841,
            "score": -0.13069443438030415
        },
        "val": {
            "rmse": 0.12926567533092415,
            "mae": 0.08916903246923713,
            "r2": 0.9437508043562877,
            "score": -0.12926567533092415
        },
        "test": {
            "rmse": 0.14277017426460328,
            "mae": 0.09777901270400413,
            "r2": 0.9366937371265583,
            "score": -0.14277017426460328
        }
    },
    "time": "0:00:32",
    "chunk_size": null,
    "eval_batch_size": 32768
}