{
    "function": "bin.catboost_.main",
    "gpus": [
        "NVIDIA GeForce RTX 2080 Ti",
        "NVIDIA GeForce RTX 2080 Ti"
    ],
    "config": {
        "seed": 13,
        "data": {
            "seed": 0,
            "num_policy": null,
            "cat_policy": null,
            "cache": true,
            "path": ":data/regression-num-medium-0-wine_quality",
            "y_policy": "standard"
        },
        "model": {
            "iterations": 4000,
            "early_stopping_rounds": 3999,
            "thread_count": 4,
            "task_type": "CPU",
            "od_pval": 0.001
        },
        "fit": {
            "logging_level": "Verbose"
        }
    },
    "prediction_type": null,
    "time": "0:00:06",
    "best_iteration": 3999,
    "metrics": {
        "train": {
            "rmse": 0.29072805645937333,
            "mae": 0.21610135803704725,
            "r2": 0.8876379643014903,
            "score": -0.29072805645937333
        },
        "val": {
            "rmse": 0.6525697841497967,
            "mae": 0.48356728721114,
            "r2": 0.5020037824906631,
            "score": -0.6525697841497967
        },
        "test": {
            "rmse": 0.6347191709349382,
            "mae": 0.4697503733378729,
            "r2": 0.46723607345075957,
            "score": -0.6347191709349382
        }
    }
}
