{
    "function": "bin.tabr.main",
    "gpus": [
        "NVIDIA A100-SXM4-80GB"
    ],
    "config": {
        "seed": 12,
        "batch_size": 64,
        "patience": 16,
        "n_epochs": Infinity,
        "context_size": 96,
        "data": {
            "seed": 0,
            "cache": true,
            "path": ":data/classif-cat-medium-1-KDDCup09_upselling",
            "num_policy": "quantile",
            "cat_policy": "ordinal",
            "y_policy": null
        },
        "model": {
            "num_embeddings": null,
            "d_main": 265,
            "mixer_dropout": 0.38920071545944357,
            "d_multiplier": 2.0,
            "encoder_n_blocks": 0,
            "predictor_n_blocks": 1,
            "mixer_normalization": "auto",
            "dropout0": 0.38852797479169876,
            "dropout1": 0.0,
            "normalization": "LayerNorm",
            "activation": "ReLU"
        },
        "optimizer": {
            "type": "AdamW",
            "lr": 0.0003121273641315169,
            "weight_decay": 1.2260352006404615e-06
        }
    },
    "n_parameters": 663031,
    "prediction_type": "logits",
    "best_epoch": 4,
    "metrics": {
        "train": {
            "0": {
                "precision": 0.8086785009861933,
                "recall": 0.9177392277560157,
                "f1-score": 0.8597640891218873,
                "support": 1787
            },
            "1": {
                "precision": 0.905829596412556,
                "recall": 0.7846836847946725,
                "f1-score": 0.8409158489443948,
                "support": 1802
            },
            "accuracy": 0.8509334076344386,
            "macro avg": {
                "precision": 0.8572540486993747,
                "recall": 0.8512114562753441,
                "f1-score": 0.850339969033141,
                "support": 3589
            },
            "weighted avg": {
                "precision": 0.8574570671489978,
                "recall": 0.8509334076344386,
                "f1-score": 0.8503005815153558,
                "support": 3589
            },
            "cross-entropy": 0.3286170644009272,
            "roc-auc": 0.933081566399828,
            "score": 0.8509334076344386
        },
        "val": {
            "0": {
                "precision": 0.7854406130268199,
                "recall": 0.8686440677966102,
                "f1-score": 0.8249496981891347,
                "support": 236
            },
            "1": {
                "precision": 0.845,
                "recall": 0.7511111111111111,
                "f1-score": 0.7952941176470588,
                "support": 225
            },
            "accuracy": 0.8112798264642083,
            "macro avg": {
                "precision": 0.8152203065134099,
                "recall": 0.8098775894538606,
                "f1-score": 0.8101219079180968,
                "support": 461
            },
            "weighted avg": {
                "precision": 0.8145097281438817,
                "recall": 0.8112798264642083,
                "f1-score": 0.810475716362742,
                "support": 461
            },
            "cross-entropy": 0.3909152580068671,
            "roc-auc": 0.89105461393597,
            "score": 0.8112798264642083
        },
        "test": {
            "0": {
                "precision": 0.7401960784313726,
                "recall": 0.8373382624768947,
                "f1-score": 0.7857762359063313,
                "support": 541
            },
            "1": {
                "precision": 0.8111587982832618,
                "recall": 0.7039106145251397,
                "f1-score": 0.7537387836490528,
                "support": 537
            },
            "accuracy": 0.7708719851576994,
            "macro avg": {
                "precision": 0.7756774383573172,
                "recall": 0.7706244385010173,
                "f1-score": 0.7697575097776921,
                "support": 1078
            },
            "weighted avg": {
                "precision": 0.7755457821052728,
                "recall": 0.7708719851576994,
                "f1-score": 0.7698169484646258,
                "support": 1078
            },
            "cross-entropy": 0.43276796180357346,
            "roc-auc": 0.8746544952618952,
            "score": 0.7708719851576994
        }
    },
    "time": "0:00:12",
    "chunk_size": null,
    "eval_batch_size": 32768
}