{
    "function": "bin.tabr_design.main",
    "gpus": [
        "A100-SXM-80GB"
    ],
    "config": {
        "seed": 10,
        "batch_size": 512,
        "patience": 16,
        "n_epochs": Infinity,
        "context_size": 96,
        "data": {
            "seed": 0,
            "cache": true,
            "path": ":data/black-friday",
            "num_policy": "quantile",
            "cat_policy": "ordinal",
            "y_policy": "standard"
        },
        "model": {
            "num_embeddings": null,
            "d_main": 165,
            "context_dropout": 0.18720859280032076,
            "d_multiplier": 2.0,
            "encoder_n_blocks": 0,
            "predictor_n_blocks": 1,
            "mixer_normalization": "auto",
            "dropout0": 0.48077848468221374,
            "dropout1": 0.0,
            "normalization": "LayerNorm",
            "activation": "ReLU",
            "dot_product": false,
            "use_Q": false,
            "use_V": true,
            "use_labels": false,
            "use_T": false,
            "self_attention": true,
            "scale_similarities": true
        },
        "optimizer": {
            "type": "AdamW",
            "lr": 0.00013170277468199662,
            "weight_decay": 0.0
        }
    },
    "n_parameters": 168796,
    "prediction_type": null,
    "best_epoch": 102,
    "metrics": {
        "train": {
            "rmse": 0.6837856409055282,
            "mae": 0.5316730518462895,
            "r2": 0.5316445032676775,
            "score": -0.6837856409055282
        },
        "val": {
            "rmse": 0.6981762238311194,
            "mae": 0.5434711627522879,
            "r2": 0.5111621765486654,
            "score": -0.6981762238311194
        },
        "test": {
            "rmse": 0.6991514625828182,
            "mae": 0.5446675408478032,
            "r2": 0.514878119389574,
            "score": -0.6991514625828182
        }
    },
    "time": "0:05:56",
    "chunk_size": null,
    "eval_batch_size": 32768
}