{
    "function": "bin.tabr_scaling.main",
    "gpus": [
        "NVIDIA A100-SXM4-80GB"
    ],
    "config": {
        "seed": 9,
        "batch_size": 1024,
        "patience": 16,
        "n_epochs": Infinity,
        "context_size": 96,
        "freeze_contexts_after_n_epochs": 1,
        "data": {
            "seed": 0,
            "cache": true,
            "path": ":data/weather-small",
            "num_policy": "quantile",
            "cat_policy": null,
            "y_policy": "standard"
        },
        "model": {
            "num_embeddings": null,
            "d_main": 265,
            "mixer_dropout": 0.38920071545944357,
            "d_multiplier": 2.0,
            "encoder_n_blocks": 0,
            "predictor_n_blocks": 1,
            "mixer_normalization": "auto",
            "dropout0": 0.38852797479169876,
            "dropout1": 0.0,
            "normalization": "LayerNorm",
            "activation": "ReLU"
        },
        "optimizer": {
            "type": "AdamW",
            "lr": 0.0003121273641315169,
            "weight_decay": 1.2260352006404615e-06
        }
    },
    "n_parameters": 667271,
    "prediction_type": null,
    "best_epoch": 40,
    "metrics": {
        "train": {
            "rmse": 1.6795902945298944,
            "mae": 1.2403336729183607,
            "r2": 0.9732468198980551,
            "score": -1.6795902945298944
        },
        "val": {
            "rmse": 1.7735789235098036,
            "mae": 1.303557508264504,
            "r2": 0.9701528229270292,
            "score": -1.7735789235098036
        },
        "test": {
            "rmse": 1.7687931901893588,
            "mae": 1.3002739460807078,
            "r2": 0.9703934147395206,
            "score": -1.7687931901893588
        }
    },
    "time": "0:08:33",
    "chunk_size": null,
    "eval_batch_size": 32768
}