{
    "function": "bin.ft_transformer.main",
    "gpus": [
        "A100-SXM-80GB"
    ],
    "config": {
        "seed": 1,
        "batch_size": 64,
        "patience": 16,
        "n_epochs": Infinity,
        "data": {
            "seed": 0,
            "cache": true,
            "path": ":data/regression-cat-medium-2-analcatdata_supreme",
            "num_policy": "quantile",
            "cat_policy": null,
            "y_policy": "standard"
        },
        "optimizer": {
            "type": "AdamW",
            "lr": 0.00014886625378006938,
            "weight_decay": 1.5350195972778377e-05
        },
        "model": {
            "d_token": 88,
            "n_blocks": 3,
            "attention_dropout": 0.4525842478778901,
            "ffn_d_hidden_factor": 1.940113426564465,
            "ffn_dropout": 0.2591228887665597,
            "residual_dropout": 0.0
        }
    },
    "n_parameters": 232373,
    "prediction_type": null,
    "best_epoch": 61,
    "metrics": {
        "train": {
            "rmse": 0.06994185563475695,
            "mae": 0.023388715651833536,
            "r2": 0.9835977155051633,
            "score": -0.06994185563475695
        },
        "val": {
            "rmse": 0.10765525329795862,
            "mae": 0.03161426805826206,
            "r2": 0.9695429049007929,
            "score": -0.10765525329795862
        },
        "test": {
            "rmse": 0.07967971760668156,
            "mae": 0.0236987441249763,
            "r2": 0.9771293924568509,
            "score": -0.07967971760668156
        }
    },
    "time": "0:00:44",
    "chunk_size": null,
    "eval_batch_size": 32768
}
