{
    "function": "bin.catboost_.main",
    "gpus": [
        "NVIDIA GeForce RTX 2080 Ti",
        "NVIDIA GeForce RTX 2080 Ti"
    ],
    "config": {
        "seed": 0,
        "data": {
            "seed": 0,
            "num_policy": null,
            "cat_policy": null,
            "cache": true,
            "path": ":data/regression-num-medium-1-wine_quality",
            "y_policy": "standard"
        },
        "model": {
            "iterations": 4000,
            "early_stopping_rounds": 3999,
            "thread_count": 4,
            "task_type": "CPU",
            "od_pval": 0.001
        },
        "fit": {
            "logging_level": "Verbose"
        }
    },
    "prediction_type": null,
    "time": "0:00:06",
    "best_iteration": 3999,
    "metrics": {
        "train": {
            "rmse": 0.2983898253874965,
            "mae": 0.22274005418568368,
            "r2": 0.8849160849924517,
            "score": -0.2983898253874965
        },
        "val": {
            "rmse": 0.6169809861605938,
            "mae": 0.46850942067775964,
            "r2": 0.47410234417905506,
            "score": -0.6169809861605938
        },
        "test": {
            "rmse": 0.6143168010570207,
            "mae": 0.45132294638231224,
            "r2": 0.4898497022179993,
            "score": -0.6143168010570207
        }
    }
}
