{
    "function": "bin.ensemble.main",
    "config": {
        "seeds": [
            10,
            11,
            12,
            13,
            14
        ]
    },
    "single_model_function": "bin.tabr.main",
    "data": ":data/churn",
    "prediction_type": "probs",
    "metrics": {
        "train": {
            "0": {
                "precision": 0.8784864096642387,
                "recall": 0.9703689167974883,
                "f1-score": 0.9221445221445222,
                "support": 5096
            },
            "1": {
                "precision": 0.8041504539559015,
                "recall": 0.4754601226993865,
                "f1-score": 0.5975903614457831,
                "support": 1304
            },
            "accuracy": 0.86953125,
            "macro avg": {
                "precision": 0.8413184318100702,
                "recall": 0.7229145197484373,
                "f1-score": 0.7598674417951528,
                "support": 6400
            },
            "weighted avg": {
                "precision": 0.8633404586886652,
                "recall": 0.86953125,
                "f1-score": 0.8560166119021543,
                "support": 6400
            },
            "cross-entropy": 0.31978463436240806,
            "roc-auc": 0.8788870255511358,
            "score": 0.86953125
        },
        "val": {
            "0": {
                "precision": 0.8772919605077574,
                "recall": 0.9764521193092621,
                "f1-score": 0.924219910846954,
                "support": 1274
            },
            "1": {
                "precision": 0.8351648351648352,
                "recall": 0.4662576687116564,
                "f1-score": 0.5984251968503936,
                "support": 326
            },
            "accuracy": 0.8725,
            "macro avg": {
                "precision": 0.8562283978362963,
                "recall": 0.7213548940104593,
                "f1-score": 0.7613225538486739,
                "support": 1600
            },
            "weighted avg": {
                "precision": 0.868708558719137,
                "recall": 0.8725,
                "f1-score": 0.8578392378701548,
                "support": 1600
            },
            "cross-entropy": 0.3277164702903842,
            "roc-auc": 0.8655098188402307,
            "score": 0.8725
        },
        "test": {
            "0": {
                "precision": 0.8715492957746479,
                "recall": 0.9711236660389203,
                "f1-score": 0.918646080760095,
                "support": 1593
            },
            "1": {
                "precision": 0.7955555555555556,
                "recall": 0.4398034398034398,
                "f1-score": 0.5664556962025316,
                "support": 407
            },
            "accuracy": 0.863,
            "macro avg": {
                "precision": 0.8335524256651017,
                "recall": 0.70546355292118,
                "f1-score": 0.7425508884813132,
                "support": 2000
            },
            "weighted avg": {
                "precision": 0.8560845696400626,
                "recall": 0.863,
                "f1-score": 0.8469753375026309,
                "support": 2000
            },
            "cross-entropy": 0.3421529733837542,
            "roc-auc": 0.8549921261785668,
            "score": 0.863
        }
    }
}