{
    "function": "bin.ft_transformer.main",
    "gpus": [
        "A100-SXM-80GB"
    ],
    "config": {
        "seed": 11,
        "batch_size": 256,
        "patience": 16,
        "n_epochs": Infinity,
        "data": {
            "seed": 0,
            "cache": true,
            "path": ":data/regression-num-medium-0-california",
            "num_policy": "quantile",
            "cat_policy": null,
            "y_policy": "standard"
        },
        "optimizer": {
            "type": "AdamW",
            "lr": 0.00019535978779587,
            "weight_decay": 0.0
        },
        "model": {
            "d_token": 248,
            "n_blocks": 2,
            "attention_dropout": 0.3324190876743162,
            "ffn_d_hidden_factor": 2.252340225685858,
            "ffn_dropout": 0.23414756874010229,
            "residual_dropout": 0.0
        }
    },
    "n_parameters": 1333497,
    "prediction_type": null,
    "best_epoch": 69,
    "metrics": {
        "train": {
            "rmse": 0.11957232566842825,
            "mae": 0.08683892369357737,
            "r2": 0.8866377568627909,
            "score": -0.11957232566842825
        },
        "val": {
            "rmse": 0.14866635216815163,
            "mae": 0.1007772853742539,
            "r2": 0.8323719547609915,
            "score": -0.14866635216815163
        },
        "test": {
            "rmse": 0.1399863063094836,
            "mae": 0.09801291353889408,
            "r2": 0.844185101202175,
            "score": -0.1399863063094836
        }
    },
    "time": "0:00:33",
    "chunk_size": null,
    "eval_batch_size": 32768
}
