{
    "function": "bin.ensemble.main",
    "config": {
        "seeds": [
            5,
            6,
            7,
            8,
            9
        ]
    },
    "single_model_function": "bin.catboost_.main",
    "data": ":data/regression-cat-medium-4-Mercedes_Benz_Greener_Manufacturing",
    "prediction_type": null,
    "metrics": {
        "train": {
            "rmse": 8.079956099575455,
            "mae": 5.079076568534043,
            "r2": 0.601660612932063,
            "score": -8.079956099575455
        },
        "val": {
            "rmse": 7.949806655739664,
            "mae": 5.329979787755177,
            "r2": 0.5877022117976656,
            "score": -7.949806655739664
        },
        "test": {
            "rmse": 7.924556596261584,
            "mae": 5.25621239639712,
            "r2": 0.5903378227255989,
            "score": -7.924556596261584
        }
    }
}
