{
    "function": "bin.catboost_.main",
    "gpus": [
        "NVIDIA GeForce RTX 2080 Ti",
        "NVIDIA GeForce RTX 2080 Ti"
    ],
    "config": {
        "seed": 3,
        "data": {
            "seed": 0,
            "num_policy": null,
            "cat_policy": null,
            "cache": true,
            "path": ":data/regression-cat-medium-2-visualizing_soil",
            "y_policy": "standard"
        },
        "model": {
            "iterations": 4000,
            "early_stopping_rounds": 200,
            "od_pval": 0.001,
            "bagging_temperature": 0.36901230976290617,
            "depth": 10,
            "l2_leaf_reg": 0.6402417060274004,
            "leaf_estimation_iterations": 5,
            "learning_rate": 0.02169844509418585,
            "task_type": "CPU",
            "thread_count": 4
        },
        "fit": {
            "logging_level": "Verbose"
        }
    },
    "prediction_type": null,
    "time": "0:00:16",
    "best_iteration": 3999,
    "metrics": {
        "train": {
            "rmse": 0.014641623806815217,
            "mae": 0.011133382322073814,
            "r2": 0.9999985948231109,
            "score": -0.014641623806815217
        },
        "val": {
            "rmse": 0.038276346607498596,
            "mae": 0.022925524556558236,
            "r2": 0.9999904709417605,
            "score": -0.038276346607498596
        },
        "test": {
            "rmse": 0.05012652083420638,
            "mae": 0.024716957779881296,
            "r2": 0.9999838803244111,
            "score": -0.05012652083420638
        }
    }
}
