{
    "function": "bin.ffn.main",
    "gpus": [
        "A100-SXM-80GB"
    ],
    "config": {
        "seed": 14,
        "batch_size": 256,
        "patience": 16,
        "n_epochs": Infinity,
        "data": {
            "seed": 0,
            "cache": true,
            "path": ":data/regression-cat-medium-0-Bike_Sharing_Demand",
            "num_policy": "quantile",
            "cat_policy": "ordinal",
            "y_policy": "standard"
        },
        "optimizer": {
            "type": "AdamW",
            "lr": 0.000999846423029019,
            "weight_decay": 9.150738703231001e-05
        },
        "model": {
            "num_embeddings": null,
            "backbone": {
                "type": "MLP",
                "n_blocks": 5,
                "d_layer": 303,
                "dropout": 0.0,
                "activation": "ReLU"
            }
        }
    },
    "n_parameters": 374206,
    "prediction_type": null,
    "best_epoch": 54,
    "metrics": {
        "train": {
            "rmse": 26.7389713236029,
            "mae": 18.07848943450972,
            "r2": 0.9782066836567722,
            "score": -26.7389713236029
        },
        "val": {
            "rmse": 46.178352464078024,
            "mae": 28.657125834369708,
            "r2": 0.9338220373809857,
            "score": -46.178352464078024
        },
        "test": {
            "rmse": 45.61462984587659,
            "mae": 28.44005594211785,
            "r2": 0.9376330052473443,
            "score": -45.61462984587659
        }
    },
    "time": "0:00:08",
    "chunk_size": null,
    "eval_batch_size": 32768
}
