{
    "function": "bin.tabr.main",
    "gpus": [
        "A100-SXM-80GB"
    ],
    "config": {
        "seed": 8,
        "batch_size": 256,
        "patience": 16,
        "n_epochs": Infinity,
        "context_size": 96,
        "data": {
            "seed": 0,
            "cache": true,
            "path": ":data/classif-num-medium-1-credit",
            "num_policy": "quantile",
            "cat_policy": null,
            "y_policy": null
        },
        "model": {
            "num_embeddings": null,
            "d_main": 300,
            "context_dropout": 0.3524655876338054,
            "d_multiplier": 2.0,
            "encoder_n_blocks": 0,
            "predictor_n_blocks": 1,
            "mixer_normalization": "auto",
            "dropout0": 0.38690884881388965,
            "dropout1": 0.0,
            "normalization": "LayerNorm",
            "activation": "ReLU"
        },
        "optimizer": {
            "type": "AdamW",
            "lr": 0.00029462970000508664,
            "weight_decay": 2.5631791325227523e-06
        }
    },
    "n_parameters": 817201,
    "prediction_type": "logits",
    "best_epoch": 9,
    "metrics": {
        "train": {
            "0": {
                "precision": 0.7691460055096419,
                "recall": 0.8306227687425625,
                "f1-score": 0.7987031562887384,
                "support": 5042
            },
            "1": {
                "precision": 0.8125137211855105,
                "recall": 0.7464703509479629,
                "f1-score": 0.7780931357090298,
                "support": 4958
            },
            "accuracy": 0.7889,
            "macro avg": {
                "precision": 0.7908298633475761,
                "recall": 0.7885465598452627,
                "f1-score": 0.7883981459988841,
                "support": 10000
            },
            "weighted avg": {
                "precision": 0.7906477189417376,
                "recall": 0.7889,
                "f1-score": 0.7884847080853189,
                "support": 10000
            },
            "cross-entropy": 0.45394725670725594,
            "roc-auc": 0.8692242524632537,
            "score": 0.7889
        },
        "val": {
            "0": {
                "precision": 0.7493061979648473,
                "recall": 0.7996051332675223,
                "f1-score": 0.7736389684813754,
                "support": 1013
            },
            "1": {
                "precision": 0.782422293676313,
                "recall": 0.7292707292707292,
                "f1-score": 0.7549120992761117,
                "support": 1001
            },
            "accuracy": 0.7646474677259185,
            "macro avg": {
                "precision": 0.7658642458205802,
                "recall": 0.7644379312691257,
                "f1-score": 0.7642755338787435,
                "support": 2014
            },
            "weighted avg": {
                "precision": 0.7657655881372293,
                "recall": 0.7646474677259185,
                "f1-score": 0.7643313239558197,
                "support": 2014
            },
            "cross-entropy": 0.48705626381744105,
            "roc-auc": 0.8455670686667727,
            "score": 0.7646474677259185
        },
        "test": {
            "0": {
                "precision": 0.7528942115768463,
                "recall": 0.8192875760208514,
                "f1-score": 0.784688995215311,
                "support": 2302
            },
            "1": {
                "precision": 0.8104783599088838,
                "recall": 0.7418682235195997,
                "f1-score": 0.774657086871326,
                "support": 2398
            },
            "accuracy": 0.7797872340425532,
            "macro avg": {
                "precision": 0.781686285742865,
                "recall": 0.7805778997702255,
                "f1-score": 0.7796730410433185,
                "support": 4700
            },
            "weighted avg": {
                "precision": 0.7822743791726391,
                "recall": 0.7797872340425532,
                "f1-score": 0.7795705875112948,
                "support": 4700
            },
            "cross-entropy": 0.48075150549410905,
            "roc-auc": 0.8519347863735274,
            "score": 0.7797872340425532
        }
    },
    "time": "0:00:14",
    "chunk_size": null,
    "eval_batch_size": 32768
}