{
    "function": "bin.ft_transformer.main",
    "gpus": [
        "A100-SXM-80GB"
    ],
    "config": {
        "seed": 0,
        "batch_size": 128,
        "patience": 16,
        "n_epochs": Infinity,
        "data": {
            "seed": 0,
            "cache": true,
            "path": ":data/regression-num-medium-1-wine_quality",
            "num_policy": "quantile",
            "cat_policy": null,
            "y_policy": "standard"
        },
        "optimizer": {
            "type": "AdamW",
            "lr": 1.2367699746161981e-05,
            "weight_decay": 0.0
        },
        "model": {
            "d_token": 232,
            "n_blocks": 4,
            "attention_dropout": 0.016907699355516892,
            "ffn_d_hidden_factor": 2.388807978711011,
            "ffn_dropout": 9.368760256749445e-05,
            "residual_dropout": 0.0
        }
    },
    "n_parameters": 2421873,
    "prediction_type": null,
    "best_epoch": 34,
    "metrics": {
        "train": {
            "rmse": 0.3922674950263686,
            "mae": 0.2960776026923462,
            "r2": 0.8011107764844405,
            "score": -0.3922674950263686
        },
        "val": {
            "rmse": 0.6380779329995653,
            "mae": 0.49532522671853485,
            "r2": 0.43752259430300156,
            "score": -0.6380779329995653
        },
        "test": {
            "rmse": 0.6521522973014316,
            "mae": 0.48649197444596837,
            "r2": 0.4250747423682778,
            "score": -0.6521522973014316
        }
    },
    "time": "0:00:32",
    "chunk_size": null,
    "eval_batch_size": 32768
}
