{
    "function": "bin.ffn.main",
    "gpus": [
        "A100-SXM-80GB"
    ],
    "config": {
        "seed": 12,
        "batch_size": 64,
        "patience": 16,
        "n_epochs": Infinity,
        "data": {
            "seed": 0,
            "cache": true,
            "path": ":data/classif-cat-medium-2-KDDCup09_upselling",
            "num_policy": "quantile",
            "cat_policy": "ordinal",
            "y_policy": null
        },
        "optimizer": {
            "type": "AdamW",
            "lr": 0.0003779668860006852,
            "weight_decay": 0.0
        },
        "model": {
            "num_embeddings": null,
            "backbone": {
                "type": "MLP",
                "n_blocks": 1,
                "d_layer": 233,
                "dropout": 0.0,
                "activation": "ReLU"
            }
        }
    },
    "n_parameters": 24000,
    "prediction_type": "logits",
    "best_epoch": 27,
    "metrics": {
        "train": {
            "0": {
                "precision": 0.8224,
                "recall": 0.8643497757847534,
                "f1-score": 0.8428532385897786,
                "support": 1784
            },
            "1": {
                "precision": 0.8588098016336057,
                "recall": 0.8155124653739613,
                "f1-score": 0.8366013071895426,
                "support": 1805
            },
            "accuracy": 0.8397882418500975,
            "macro avg": {
                "precision": 0.8406049008168028,
                "recall": 0.8399311205793574,
                "f1-score": 0.8397272728896605,
                "support": 3589
            },
            "weighted avg": {
                "precision": 0.8407114215515905,
                "recall": 0.8397882418500975,
                "f1-score": 0.8397089822015295,
                "support": 3589
            },
            "cross-entropy": 0.34644710430398945,
            "roc-auc": 0.9278769114194501,
            "score": 0.8397882418500975
        },
        "val": {
            "0": {
                "precision": 0.7967479674796748,
                "recall": 0.7935222672064778,
                "f1-score": 0.7951318458417851,
                "support": 247
            },
            "1": {
                "precision": 0.7616822429906542,
                "recall": 0.7652582159624414,
                "f1-score": 0.7634660421545667,
                "support": 213
            },
            "accuracy": 0.7804347826086957,
            "macro avg": {
                "precision": 0.7792151052351646,
                "recall": 0.7793902415844596,
                "f1-score": 0.7792989439981759,
                "support": 460
            },
            "weighted avg": {
                "precision": 0.7805110124445415,
                "recall": 0.7804347826086957,
                "f1-score": 0.7804692019605296,
                "support": 460
            },
            "cross-entropy": 0.44854124146083013,
            "roc-auc": 0.8673851475927088,
            "score": 0.7804347826086957
        },
        "test": {
            "0": {
                "precision": 0.7639639639639639,
                "recall": 0.7984934086629002,
                "f1-score": 0.7808471454880295,
                "support": 531
            },
            "1": {
                "precision": 0.7950191570881227,
                "recall": 0.76007326007326,
                "f1-score": 0.7771535580524345,
                "support": 546
            },
            "accuracy": 0.7790157845868152,
            "macro avg": {
                "precision": 0.7794915605260433,
                "recall": 0.7792833343680801,
                "f1-score": 0.779000351770232,
                "support": 1077
            },
            "weighted avg": {
                "precision": 0.7797078223166015,
                "recall": 0.7790157845868152,
                "f1-score": 0.7789746304092598,
                "support": 1077
            },
            "cross-entropy": 0.42630039684295923,
            "roc-auc": 0.8775032249608521,
            "score": 0.7790157845868152
        }
    },
    "time": "0:00:06",
    "chunk_size": null,
    "eval_batch_size": 32768
}
