{
    "function": "bin.xgboost_.main",
    "gpus": [
        "NVIDIA GeForce RTX 2080 Ti"
    ],
    "config": {
        "seed": 8,
        "data": {
            "seed": 0,
            "num_policy": null,
            "cache": true,
            "path": ":data/regression-num-medium-0-isolet",
            "cat_policy": null,
            "y_policy": "standard"
        },
        "model": {
            "booster": "gbtree",
            "n_estimators": 4000,
            "n_jobs": 1,
            "tree_method": "gpu_hist",
            "use_label_encoder": false,
            "colsample_bytree": 0.6039993754691174,
            "gamma": 0,
            "lambda": 0.0,
            "learning_rate": 0.009016185171532928,
            "max_depth": 14,
            "min_child_weight": 12.674062048088436,
            "subsample": 0.6669570367724601
        },
        "fit": {
            "early_stopping_rounds": 200,
            "verbose": true
        },
        "neighbors": null
    },
    "prediction_type": null,
    "time": "0:00:41",
    "best_iteration": 2770,
    "metrics": {
        "train": {
            "rmse": 0.09657847213288565,
            "mae": 0.03699799449218277,
            "r2": 0.9998337222462574,
            "score": -0.09657847213288565
        },
        "val": {
            "rmse": 3.0555599203210293,
            "mae": 1.8423224541445506,
            "r2": 0.8352571237342552,
            "score": -3.0555599203210293
        },
        "test": {
            "rmse": 2.697077992870207,
            "mae": 1.6371937027977026,
            "r2": 0.8714904928630489,
            "score": -2.697077992870207
        }
    }
}
