{
    "function": "bin.tabr.main",
    "gpus": [
        "A100-SXM-80GB"
    ],
    "config": {
        "seed": 8,
        "batch_size": 32,
        "patience": 16,
        "n_epochs": Infinity,
        "context_size": 96,
        "data": {
            "seed": 0,
            "cache": true,
            "path": ":data/classif-num-medium-1-wine",
            "num_policy": "quantile",
            "cat_policy": null,
            "y_policy": null
        },
        "model": {
            "num_embeddings": null,
            "d_main": 291,
            "context_dropout": 0.5379301599868547,
            "d_multiplier": 2.0,
            "encoder_n_blocks": 0,
            "predictor_n_blocks": 1,
            "mixer_normalization": "auto",
            "dropout0": 0.532719318819775,
            "dropout1": 0.0,
            "normalization": "LayerNorm",
            "activation": "ReLU"
        },
        "optimizer": {
            "type": "AdamW",
            "lr": 0.0004467338870875981,
            "weight_decay": 7.331443354014981e-05
        }
    },
    "n_parameters": 769405,
    "prediction_type": "logits",
    "best_epoch": 16,
    "metrics": {
        "train": {
            "0": {
                "precision": 0.8456375838926175,
                "recall": 0.842809364548495,
                "f1-score": 0.8442211055276382,
                "support": 897
            },
            "1": {
                "precision": 0.8421052631578947,
                "recall": 0.8449438202247191,
                "f1-score": 0.843522153673584,
                "support": 890
            },
            "accuracy": 0.8438724118634583,
            "macro avg": {
                "precision": 0.843871423525256,
                "recall": 0.8438765923866071,
                "f1-score": 0.843871629600611,
                "support": 1787
            },
            "weighted avg": {
                "precision": 0.8438783418926715,
                "recall": 0.8438724118634583,
                "f1-score": 0.843872998560594,
                "support": 1787
            },
            "cross-entropy": 0.32787570509424674,
            "roc-auc": 0.9325491964475843,
            "score": 0.8438724118634583
        },
        "val": {
            "0": {
                "precision": 0.7777777777777778,
                "recall": 0.8677685950413223,
                "f1-score": 0.8203125000000001,
                "support": 121
            },
            "1": {
                "precision": 0.8315789473684211,
                "recall": 0.7247706422018348,
                "f1-score": 0.7745098039215687,
                "support": 109
            },
            "accuracy": 0.8,
            "macro avg": {
                "precision": 0.8046783625730994,
                "recall": 0.7962696186215785,
                "f1-score": 0.7974111519607844,
                "support": 230
            },
            "weighted avg": {
                "precision": 0.8032748538011696,
                "recall": 0.8,
                "f1-score": 0.7986060049019609,
                "support": 230
            },
            "cross-entropy": 0.44315098371999273,
            "roc-auc": 0.8821745393888848,
            "score": 0.8
        },
        "test": {
            "0": {
                "precision": 0.7991967871485943,
                "recall": 0.7683397683397684,
                "f1-score": 0.7834645669291338,
                "support": 259
            },
            "1": {
                "precision": 0.7916666666666666,
                "recall": 0.8201438848920863,
                "f1-score": 0.8056537102473498,
                "support": 278
            },
            "accuracy": 0.7951582867783985,
            "macro avg": {
                "precision": 0.7954317269076305,
                "recall": 0.7942418266159273,
                "f1-score": 0.7945591385882418,
                "support": 537
            },
            "weighted avg": {
                "precision": 0.7952985124856969,
                "recall": 0.7951582867783985,
                "f1-score": 0.7949516839542065,
                "support": 537
            },
            "cross-entropy": 0.45506004994283744,
            "roc-auc": 0.8664620427210354,
            "score": 0.7951582867783985
        }
    },
    "time": "0:00:15",
    "chunk_size": null,
    "eval_batch_size": 32768
}