{
    "function": "bin.ensemble.main",
    "config": {
        "seeds": [
            5,
            6,
            7,
            8,
            9
        ]
    },
    "single_model_function": "bin.tabr_scaling.main",
    "data": ":data/adult",
    "prediction_type": "probs",
    "metrics": {
        "train": {
            "0": {
                "precision": 0.897748638094779,
                "recall": 0.9416940581542351,
                "f1-score": 0.919196406535367,
                "support": 19775
            },
            "1": {
                "precision": 0.7826578699340245,
                "recall": 0.6618842659014825,
                "f1-score": 0.7172223181896701,
                "support": 6273
            },
            "accuracy": 0.8743089680589681,
            "macro avg": {
                "precision": 0.8402032540144018,
                "recall": 0.8017891620278588,
                "f1-score": 0.8182093623625186,
                "support": 26048
            },
            "weighted avg": {
                "precision": 0.8700319462692103,
                "recall": 0.8743089680589681,
                "f1-score": 0.8705560711471393,
                "support": 26048
            },
            "cross-entropy": 0.2727350425020306,
            "roc-auc": 0.9324328191597525,
            "score": 0.8743089680589681
        },
        "val": {
            "0": {
                "precision": 0.8892105771086662,
                "recall": 0.9316481294236603,
                "f1-score": 0.909934821252222,
                "support": 4945
            },
            "1": {
                "precision": 0.7462462462462462,
                "recall": 0.6339285714285714,
                "f1-score": 0.6855172413793104,
                "support": 1568
            },
            "accuracy": 0.8599723629663749,
            "macro avg": {
                "precision": 0.8177284116774562,
                "recall": 0.7827883504261158,
                "f1-score": 0.7977260313157661,
                "support": 6513
            },
            "weighted avg": {
                "precision": 0.854792018718942,
                "recall": 0.8599723629663749,
                "f1-score": 0.8559064525679406,
                "support": 6513
            },
            "cross-entropy": 0.29611963614457076,
            "roc-auc": 0.9190633963393244,
            "score": 0.8599723629663749
        },
        "test": {
            "0": {
                "precision": 0.8882767064585246,
                "recall": 0.9334941696823482,
                "f1-score": 0.9103242755754225,
                "support": 12435
            },
            "1": {
                "precision": 0.7426081543728602,
                "recall": 0.6203848153926157,
                "f1-score": 0.6760164329225102,
                "support": 3846
            },
            "accuracy": 0.8595295129291812,
            "macro avg": {
                "precision": 0.8154424304156924,
                "recall": 0.776939492537482,
                "f1-score": 0.7931703542489663,
                "support": 16281
            },
            "weighted avg": {
                "precision": 0.8538659668650436,
                "recall": 0.8595295129291812,
                "f1-score": 0.8549746064615412,
                "support": 16281
            },
            "cross-entropy": 0.30162681992205176,
            "roc-auc": 0.9133463118983143,
            "score": 0.8595295129291812
        }
    }
}