{
    "function": "bin.ensemble.main",
    "config": {
        "seeds": [
            5,
            6,
            7,
            8,
            9
        ]
    },
    "single_model_function": "bin.ffn.main",
    "data": ":data/classif-cat-medium-2-rl",
    "prediction_type": "probs",
    "metrics": {
        "train": {
            "0": {
                "precision": 1.0,
                "recall": 1.0,
                "f1-score": 1.0,
                "support": 1714
            },
            "1": {
                "precision": 1.0,
                "recall": 1.0,
                "f1-score": 1.0,
                "support": 1765
            },
            "accuracy": 1.0,
            "macro avg": {
                "precision": 1.0,
                "recall": 1.0,
                "f1-score": 1.0,
                "support": 3479
            },
            "weighted avg": {
                "precision": 1.0,
                "recall": 1.0,
                "f1-score": 1.0,
                "support": 3479
            },
            "cross-entropy": 0.015134351993586965,
            "roc-auc": 1.0,
            "score": 1.0
        },
        "val": {
            "0": {
                "precision": 0.8309859154929577,
                "recall": 0.75,
                "f1-score": 0.7884187082405345,
                "support": 236
            },
            "1": {
                "precision": 0.7478632478632479,
                "recall": 0.8293838862559242,
                "f1-score": 0.7865168539325842,
                "support": 211
            },
            "accuracy": 0.7874720357941835,
            "macro avg": {
                "precision": 0.7894245816781028,
                "recall": 0.7896919431279621,
                "f1-score": 0.7874677810865593,
                "support": 447
            },
            "weighted avg": {
                "precision": 0.791749041063721,
                "recall": 0.7874720357941835,
                "f1-score": 0.78752096493186,
                "support": 447
            },
            "cross-entropy": 0.6700106292354314,
            "roc-auc": 0.8519559804000322,
            "score": 0.7874720357941835
        },
        "test": {
            "0": {
                "precision": 0.8308026030368764,
                "recall": 0.7185741088180112,
                "f1-score": 0.7706237424547283,
                "support": 533
            },
            "1": {
                "precision": 0.7418244406196214,
                "recall": 0.8467583497053045,
                "f1-score": 0.7908256880733945,
                "support": 509
            },
            "accuracy": 0.781190019193858,
            "macro avg": {
                "precision": 0.7863135218282489,
                "recall": 0.7826662292616579,
                "f1-score": 0.7807247152640614,
                "support": 1042
            },
            "weighted avg": {
                "precision": 0.787338222355127,
                "recall": 0.781190019193858,
                "f1-score": 0.7804920632991631,
                "support": 1042
            },
            "cross-entropy": 0.5827663731872678,
            "roc-auc": 0.8698879825431169,
            "score": 0.781190019193858
        }
    }
}
