{
    "function": "bin.tabr_scaling.main",
    "gpus": [
        "NVIDIA A100-SXM4-80GB"
    ],
    "config": {
        "seed": 10,
        "batch_size": 256,
        "patience": 16,
        "n_epochs": Infinity,
        "context_size": 96,
        "freeze_contexts_after_n_epochs": 1,
        "data": {
            "seed": 0,
            "cache": true,
            "path": ":data/california",
            "num_policy": "quantile",
            "cat_policy": null,
            "y_policy": "standard"
        },
        "model": {
            "num_embeddings": null,
            "d_main": 265,
            "mixer_dropout": 0.38920071545944357,
            "d_multiplier": 2.0,
            "encoder_n_blocks": 0,
            "predictor_n_blocks": 1,
            "mixer_normalization": "auto",
            "dropout0": 0.38852797479169876,
            "dropout1": 0.0,
            "normalization": "LayerNorm",
            "activation": "ReLU"
        },
        "optimizer": {
            "type": "AdamW",
            "lr": 0.0003121273641315169,
            "weight_decay": 1.2260352006404615e-06
        }
    },
    "n_parameters": 637856,
    "prediction_type": null,
    "best_epoch": 63,
    "metrics": {
        "train": {
            "rmse": 0.35953677599448597,
            "mae": 0.23730782645002968,
            "r2": 0.9040314872370869,
            "score": -0.35953677599448597
        },
        "val": {
            "rmse": 0.42273919607879357,
            "mae": 0.2632714887574803,
            "r2": 0.8629399547683512,
            "score": -0.42273919607879357
        },
        "test": {
            "rmse": 0.4149473753933413,
            "mae": 0.262666211046394,
            "r2": 0.8679545510149852,
            "score": -0.4149473753933413
        }
    },
    "time": "0:00:33",
    "chunk_size": null,
    "eval_batch_size": 32768
}