{
    "function": "bin.ensemble.main",
    "config": {
        "seeds": [
            10,
            11,
            12,
            13,
            14
        ]
    },
    "single_model_function": "bin.catboost_.main",
    "data": ":data/regression-num-medium-1-MiamiHousing2016",
    "prediction_type": null,
    "metrics": {
        "train": {
            "rmse": 0.06711032855160921,
            "mae": 0.04945454690850376,
            "r2": 0.9861722767674446,
            "score": -0.06711032855160921
        },
        "val": {
            "rmse": 0.13349464401165154,
            "mae": 0.09060685942484152,
            "r2": 0.9400101810584032,
            "score": -0.13349464401165154
        },
        "test": {
            "rmse": 0.14249845390728605,
            "mae": 0.09616236743698468,
            "r2": 0.9369344699264236,
            "score": -0.14249845390728605
        }
    }
}
