{
    "function": "bin.catboost_.main",
    "gpus": [
        "NVIDIA GeForce RTX 2080 Ti",
        "NVIDIA GeForce RTX 2080 Ti"
    ],
    "config": {
        "seed": 9,
        "data": {
            "seed": 0,
            "num_policy": null,
            "cat_policy": null,
            "cache": true,
            "path": ":data/classif-cat-medium-1-rl",
            "y_policy": null
        },
        "model": {
            "iterations": 4000,
            "early_stopping_rounds": 200,
            "od_pval": 0.001,
            "bagging_temperature": 0.6052886394081946,
            "depth": 5,
            "l2_leaf_reg": 0.41302566828721266,
            "leaf_estimation_iterations": 7,
            "learning_rate": 0.12952375777875705,
            "task_type": "CPU",
            "thread_count": 4
        },
        "fit": {
            "logging_level": "Verbose"
        }
    },
    "prediction_type": "probs",
    "time": "0:00:09",
    "best_iteration": 3812,
    "metrics": {
        "train": {
            "0": {
                "precision": 0.9971048060220035,
                "recall": 0.992507204610951,
                "f1-score": 0.9948006932409011,
                "support": 1735
            },
            "1": {
                "precision": 0.992579908675799,
                "recall": 0.9971330275229358,
                "f1-score": 0.9948512585812356,
                "support": 1744
            },
            "accuracy": 0.994826099453866,
            "macro avg": {
                "precision": 0.9948423573489013,
                "recall": 0.9948201160669434,
                "f1-score": 0.9948259759110684,
                "support": 3479
            },
            "weighted avg": {
                "precision": 0.9948365045066886,
                "recall": 0.994826099453866,
                "f1-score": 0.9948260413160789,
                "support": 3479
            },
            "cross-entropy": 0.031452394783623494,
            "roc-auc": 0.9998595431351294,
            "score": 0.994826099453866
        },
        "val": {
            "0": {
                "precision": 0.8409090909090909,
                "recall": 0.7939914163090128,
                "f1-score": 0.8167770419426049,
                "support": 233
            },
            "1": {
                "precision": 0.788546255506608,
                "recall": 0.8364485981308412,
                "f1-score": 0.8117913832199546,
                "support": 214
            },
            "accuracy": 0.814317673378076,
            "macro avg": {
                "precision": 0.8147276732078494,
                "recall": 0.8152200072199269,
                "f1-score": 0.8142842125812797,
                "support": 447
            },
            "weighted avg": {
                "precision": 0.8158405298886628,
                "recall": 0.814317673378076,
                "f1-score": 0.8143901717711347,
                "support": 447
            },
            "cross-entropy": 0.6081424338638117,
            "roc-auc": 0.8701014800850349,
            "score": 0.814317673378076
        },
        "test": {
            "0": {
                "precision": 0.7988165680473372,
                "recall": 0.7833655705996132,
                "f1-score": 0.791015625,
                "support": 517
            },
            "1": {
                "precision": 0.7914338919925512,
                "recall": 0.8064516129032258,
                "f1-score": 0.7988721804511278,
                "support": 527
            },
            "accuracy": 0.7950191570881227,
            "macro avg": {
                "precision": 0.7951252300199443,
                "recall": 0.7949085917514195,
                "f1-score": 0.7949439027255639,
                "support": 1044
            },
            "weighted avg": {
                "precision": 0.7950898723760037,
                "recall": 0.7950191570881227,
                "f1-score": 0.7949815299068433,
                "support": 1044
            },
            "cross-entropy": 0.5975795647477166,
            "roc-auc": 0.8697308585878976,
            "score": 0.7950191570881227
        }
    }
}
