{
    "function": "bin.tabr.main",
    "gpus": [
        "A100-SXM-80GB"
    ],
    "config": {
        "seed": 0,
        "batch_size": 256,
        "patience": 16,
        "n_epochs": Infinity,
        "context_size": 96,
        "data": {
            "seed": 0,
            "cache": true,
            "path": ":data/classif-num-medium-1-bank-marketing",
            "num_policy": "quantile",
            "cat_policy": null,
            "y_policy": null
        },
        "model": {
            "d_main": 332,
            "context_dropout": 0.23616493340920375,
            "d_multiplier": 2.0,
            "encoder_n_blocks": 0,
            "predictor_n_blocks": 2,
            "mixer_normalization": "auto",
            "dropout0": 0.038804432761219095,
            "dropout1": 0.0,
            "normalization": "LayerNorm",
            "activation": "ReLU",
            "num_embeddings": {
                "type": "PLREmbeddings",
                "n_frequencies": 48,
                "frequency_scale": 0.11941089366878076,
                "d_embedding": 22,
                "lite": true
            }
        },
        "optimizer": {
            "type": "AdamW",
            "lr": 0.000225981902691587,
            "weight_decay": 0.0
        }
    },
    "n_parameters": 1492819,
    "prediction_type": "logits",
    "best_epoch": 7,
    "metrics": {
        "train": {
            "0": {
                "precision": 0.8177257525083612,
                "recall": 0.8016393442622951,
                "f1-score": 0.8096026490066226,
                "support": 3660
            },
            "1": {
                "precision": 0.809748427672956,
                "recall": 0.8253205128205128,
                "f1-score": 0.8174603174603173,
                "support": 3744
            },
            "accuracy": 0.813614262560778,
            "macro avg": {
                "precision": 0.8137370900906586,
                "recall": 0.8134799285414039,
                "f1-score": 0.8135314832334699,
                "support": 7404
            },
            "weighted avg": {
                "precision": 0.813691837842808,
                "recall": 0.813614262560778,
                "f1-score": 0.813576056717405,
                "support": 7404
            },
            "cross-entropy": 0.41172262510072577,
            "roc-auc": 0.8936295887627855,
            "score": 0.813614262560778
        },
        "val": {
            "0": {
                "precision": 0.8655804480651731,
                "recall": 0.8268482490272373,
                "f1-score": 0.8457711442786069,
                "support": 514
            },
            "1": {
                "precision": 0.806941431670282,
                "recall": 0.8493150684931506,
                "f1-score": 0.8275862068965517,
                "support": 438
            },
            "accuracy": 0.8371848739495799,
            "macro avg": {
                "precision": 0.8362609398677275,
                "recall": 0.838081658760194,
                "f1-score": 0.8366786755875792,
                "support": 952
            },
            "weighted avg": {
                "precision": 0.8386015728750867,
                "recall": 0.8371848739495799,
                "f1-score": 0.837404544936863,
                "support": 952
            },
            "cross-entropy": 0.4169022667908478,
            "roc-auc": 0.8942131727164508,
            "score": 0.8371848739495799
        },
        "test": {
            "0": {
                "precision": 0.7945454545454546,
                "recall": 0.7838565022421524,
                "f1-score": 0.7891647855530475,
                "support": 1115
            },
            "1": {
                "precision": 0.785204991087344,
                "recall": 0.7958446251129178,
                "f1-score": 0.7904890085240018,
                "support": 1107
            },
            "accuracy": 0.7898289828982898,
            "macro avg": {
                "precision": 0.7898752228163992,
                "recall": 0.789850563677535,
                "f1-score": 0.7898268970385247,
                "support": 2222
            },
            "weighted avg": {
                "precision": 0.7898920373320754,
                "recall": 0.7898289828982898,
                "f1-score": 0.7898245131987929,
                "support": 2222
            },
            "cross-entropy": 0.45575940979517615,
            "roc-auc": 0.8676818128420448,
            "score": 0.7898289828982898
        }
    },
    "time": "0:00:12",
    "chunk_size": null,
    "eval_batch_size": 32768
}