{
    "function": "bin.tabr_scaling.main",
    "gpus": [
        "NVIDIA A100-SXM4-80GB"
    ],
    "config": {
        "seed": 6,
        "batch_size": 512,
        "patience": 16,
        "n_epochs": Infinity,
        "context_size": 96,
        "freeze_contexts_after_n_epochs": 8,
        "data": {
            "seed": 0,
            "cache": true,
            "path": ":data/black-friday",
            "num_policy": "quantile",
            "cat_policy": "ordinal",
            "y_policy": "standard"
        },
        "model": {
            "num_embeddings": null,
            "d_main": 265,
            "mixer_dropout": 0.38920071545944357,
            "d_multiplier": 2.0,
            "encoder_n_blocks": 0,
            "predictor_n_blocks": 1,
            "mixer_normalization": "auto",
            "dropout0": 0.38852797479169876,
            "dropout1": 0.0,
            "normalization": "LayerNorm",
            "activation": "ReLU"
        },
        "optimizer": {
            "type": "AdamW",
            "lr": 0.0003121273641315169,
            "weight_decay": 1.2260352006404615e-06
        }
    },
    "n_parameters": 641566,
    "prediction_type": null,
    "best_epoch": 39,
    "metrics": {
        "train": {
            "rmse": 0.6736982643120569,
            "mae": 0.5205040039482808,
            "r2": 0.5453611701666028,
            "score": -0.6736982643120569
        },
        "val": {
            "rmse": 0.6899014502820255,
            "mae": 0.5319444269055893,
            "r2": 0.5226809060154338,
            "score": -0.6899014502820255
        },
        "test": {
            "rmse": 0.6908303079407261,
            "mae": 0.5334106741930655,
            "r2": 0.5263570391431802,
            "score": -0.6908303079407261
        }
    },
    "time": "0:03:24",
    "chunk_size": null,
    "eval_batch_size": 32768
}