{
    "function": "bin.ffn.main",
    "gpus": [
        "A100-SXM-80GB"
    ],
    "config": {
        "seed": 14,
        "batch_size": 128,
        "patience": 16,
        "n_epochs": Infinity,
        "data": {
            "seed": 0,
            "cache": true,
            "path": ":data/classif-num-medium-0-MagicTelescope",
            "num_policy": "quantile",
            "cat_policy": null,
            "y_policy": null
        },
        "optimizer": {
            "type": "AdamW",
            "lr": 0.0005375700512323035,
            "weight_decay": 1.3040873619910223e-06
        },
        "model": {
            "backbone": {
                "type": "MLP",
                "n_blocks": 5,
                "d_layer": 937,
                "dropout": 0.43514118520387607,
                "activation": "ReLU"
            },
            "num_embeddings": {
                "type": "PLREmbeddings",
                "n_frequencies": 32,
                "frequency_scale": 0.013925382509378772,
                "d_embedding": 45,
                "lite": false
            }
        }
    },
    "n_parameters": 3968719,
    "prediction_type": "logits",
    "best_epoch": 27,
    "metrics": {
        "train": {
            "0": {
                "precision": 0.8478387284357434,
                "recall": 0.927874416631311,
                "f1-score": 0.886052871467639,
                "support": 4714
            },
            "1": {
                "precision": 0.9191246431969553,
                "recall": 0.8311464831146483,
                "f1-score": 0.8729244323957981,
                "support": 4649
            },
            "accuracy": 0.8798462031400193,
            "macro avg": {
                "precision": 0.8834816858163493,
                "recall": 0.8795104498729797,
                "f1-score": 0.8794886519317185,
                "support": 9363
            },
            "weighted avg": {
                "precision": 0.8832342445870703,
                "recall": 0.8798462031400193,
                "f1-score": 0.8795342221837568,
                "support": 9363
            },
            "cross-entropy": 0.27400375815910144,
            "roc-auc": 0.9526180373916298,
            "score": 0.8798462031400193
        },
        "val": {
            "0": {
                "precision": 0.8451816745655608,
                "recall": 0.9208261617900172,
                "f1-score": 0.8813838550247116,
                "support": 581
            },
            "1": {
                "precision": 0.9192982456140351,
                "recall": 0.842443729903537,
                "f1-score": 0.8791946308724832,
                "support": 622
            },
            "accuracy": 0.8802992518703242,
            "macro avg": {
                "precision": 0.8822399600897979,
                "recall": 0.8816349458467772,
                "f1-score": 0.8802892429485973,
                "support": 1203
            },
            "weighted avg": {
                "precision": 0.8835029606770745,
                "recall": 0.8802992518703242,
                "f1-score": 0.880251936967616,
                "support": 1203
            },
            "cross-entropy": 0.3041385645081338,
            "roc-auc": 0.941092804843628,
            "score": 0.8802992518703242
        },
        "test": {
            "0": {
                "precision": 0.8169934640522876,
                "recall": 0.8973438621679828,
                "f1-score": 0.8552856654122477,
                "support": 1393
            },
            "1": {
                "precision": 0.88828125,
                "recall": 0.8023994354269584,
                "f1-score": 0.8431590656284761,
                "support": 1417
            },
            "accuracy": 0.8494661921708185,
            "macro avg": {
                "precision": 0.8526373570261438,
                "recall": 0.8498716487974706,
                "f1-score": 0.8492223655203619,
                "support": 2810
            },
            "weighted avg": {
                "precision": 0.852941788852255,
                "recall": 0.8494661921708185,
                "f1-score": 0.8491705793291144,
                "support": 2810
            },
            "cross-entropy": 0.35304883913281254,
            "roc-auc": 0.9268134705182329,
            "score": 0.8494661921708185
        }
    },
    "time": "0:00:14",
    "chunk_size": null,
    "eval_batch_size": 32768
}
