{
    "function": "bin.tabr_design.main",
    "gpus": [
        "A100-SXM-80GB"
    ],
    "config": {
        "seed": 1,
        "batch_size": 512,
        "patience": 16,
        "n_epochs": Infinity,
        "context_size": 96,
        "data": {
            "seed": 0,
            "cache": true,
            "path": ":data/diamond",
            "num_policy": "quantile",
            "cat_policy": "ordinal",
            "y_policy": "standard"
        },
        "model": {
            "num_embeddings": null,
            "d_main": 230,
            "context_dropout": 0.4355890235938701,
            "d_multiplier": 2.0,
            "encoder_n_blocks": 0,
            "predictor_n_blocks": 1,
            "mixer_normalization": "auto",
            "dropout0": 0.4331014633916239,
            "dropout1": 0.0,
            "normalization": "LayerNorm",
            "activation": "ReLU",
            "dot_product": false,
            "use_Q": false,
            "use_V": false,
            "use_labels": true,
            "use_T": true,
            "self_attention": true,
            "scale_similarities": true
        },
        "optimizer": {
            "type": "AdamW",
            "lr": 0.00014507496729318747,
            "weight_decay": 0.0
        }
    },
    "n_parameters": 485531,
    "prediction_type": null,
    "best_epoch": 112,
    "metrics": {
        "train": {
            "rmse": 0.12145059546342157,
            "mae": 0.06567668954323945,
            "r2": 0.9851801110642873,
            "score": -0.12145059546342157
        },
        "val": {
            "rmse": 0.13046285709574848,
            "mae": 0.06963950450334273,
            "r2": 0.9833738754216788,
            "score": -0.13046285709574848
        },
        "test": {
            "rmse": 0.13328879240832542,
            "mae": 0.06933007456800484,
            "r2": 0.982162757048375,
            "score": -0.13328879240832542
        }
    },
    "time": "0:02:32",
    "chunk_size": null,
    "eval_batch_size": 32768
}