{
    "function": "bin.tabr.main",
    "gpus": [
        "NVIDIA A100-SXM4-80GB"
    ],
    "config": {
        "seed": 2,
        "batch_size": 256,
        "patience": 16,
        "n_epochs": Infinity,
        "context_size": 96,
        "data": {
            "seed": 0,
            "cache": true,
            "path": ":data/regression-num-medium-0-fifa",
            "num_policy": "quantile",
            "cat_policy": null,
            "y_policy": "standard"
        },
        "model": {
            "num_embeddings": null,
            "d_main": 265,
            "mixer_dropout": 0.38920071545944357,
            "d_multiplier": 2.0,
            "encoder_n_blocks": 0,
            "predictor_n_blocks": 1,
            "mixer_normalization": "auto",
            "dropout0": 0.38852797479169876,
            "dropout1": 0.0,
            "normalization": "LayerNorm",
            "activation": "ReLU"
        },
        "optimizer": {
            "type": "AdamW",
            "lr": 0.0003121273641315169,
            "weight_decay": 1.2260352006404615e-06
        }
    },
    "n_parameters": 637061,
    "prediction_type": null,
    "best_epoch": 24,
    "metrics": {
        "train": {
            "rmse": 0.7662988233148131,
            "mae": 0.568084008927773,
            "r2": 0.6817716915741538,
            "score": -0.7662988233148131
        },
        "val": {
            "rmse": 0.7768780115784433,
            "mae": 0.5799809167681893,
            "r2": 0.678801352873361,
            "score": -0.7768780115784433
        },
        "test": {
            "rmse": 0.8134767289684066,
            "mae": 0.6025143978286529,
            "r2": 0.6416793426025824,
            "score": -0.8134767289684066
        }
    },
    "time": "0:00:33",
    "chunk_size": null,
    "eval_batch_size": 32768
}