{
    "function": "bin.catboost_.main",
    "gpus": [
        "NVIDIA GeForce RTX 2080 Ti",
        "NVIDIA GeForce RTX 2080 Ti"
    ],
    "config": {
        "seed": 10,
        "data": {
            "seed": 0,
            "num_policy": null,
            "cat_policy": null,
            "cache": true,
            "path": ":data/regression-num-medium-0-house_16H",
            "y_policy": "standard"
        },
        "model": {
            "iterations": 4000,
            "early_stopping_rounds": 3999,
            "thread_count": 4,
            "task_type": "CPU",
            "od_pval": 0.001
        },
        "fit": {
            "logging_level": "Verbose"
        }
    },
    "prediction_type": null,
    "time": "0:00:11",
    "best_iteration": 2725,
    "metrics": {
        "train": {
            "rmse": 0.22092605584780148,
            "mae": 0.16905570310102006,
            "r2": 0.9371933625470358,
            "score": -0.22092605584780148
        },
        "val": {
            "rmse": 0.5957522419735592,
            "mae": 0.28582821579470885,
            "r2": 0.5735825657658431,
            "score": -0.5957522419735592
        },
        "test": {
            "rmse": 0.5953677378428535,
            "mae": 0.29066549134036723,
            "r2": 0.5126754871692132,
            "score": -0.5953677378428535
        }
    }
}
