{
    "function": "bin.ft_transformer.main",
    "gpus": [
        "A100-SXM-80GB"
    ],
    "config": {
        "seed": 2,
        "batch_size": 32,
        "patience": 16,
        "n_epochs": Infinity,
        "data": {
            "seed": 0,
            "cache": true,
            "path": ":data/classif-num-medium-2-phoneme",
            "num_policy": "quantile",
            "cat_policy": null,
            "y_policy": null
        },
        "optimizer": {
            "type": "AdamW",
            "lr": 1.8721994726315717e-05,
            "weight_decay": 0.0
        },
        "model": {
            "d_token": 272,
            "n_blocks": 3,
            "attention_dropout": 0.1277541017564351,
            "ffn_d_hidden_factor": 2.404418273010134,
            "ffn_dropout": 0.15343326438403862,
            "residual_dropout": 0.0
        }
    },
    "n_parameters": 2503333,
    "prediction_type": "logits",
    "best_epoch": 30,
    "metrics": {
        "train": {
            "0": {
                "precision": 0.8838209982788297,
                "recall": 0.9000876424189308,
                "f1-score": 0.8918801563178463,
                "support": 1141
            },
            "1": {
                "precision": 0.8922495274102079,
                "recall": 0.8748841519925857,
                "f1-score": 0.8834815161441272,
                "support": 1079
            },
            "accuracy": 0.8878378378378379,
            "macro avg": {
                "precision": 0.8880352628445187,
                "recall": 0.8874858972057582,
                "f1-score": 0.8876808362309867,
                "support": 2220
            },
            "weighted avg": {
                "precision": 0.887917567167459,
                "recall": 0.8878378378378379,
                "f1-score": 0.8877981145397188,
                "support": 2220
            },
            "cross-entropy": 0.261985679945388,
            "roc-auc": 0.9586301790455831,
            "score": 0.8878378378378379
        },
        "val": {
            "0": {
                "precision": 0.8714285714285714,
                "recall": 0.8905109489051095,
                "f1-score": 0.8808664259927799,
                "support": 137
            },
            "1": {
                "precision": 0.896551724137931,
                "recall": 0.8783783783783784,
                "f1-score": 0.8873720136518771,
                "support": 148
            },
            "accuracy": 0.8842105263157894,
            "macro avg": {
                "precision": 0.8839901477832512,
                "recall": 0.884444663641744,
                "f1-score": 0.8841192198223284,
                "support": 285
            },
            "weighted avg": {
                "precision": 0.8844749805548354,
                "recall": 0.8842105263157894,
                "f1-score": 0.8842447662508375,
                "support": 285
            },
            "cross-entropy": 0.2968104261890836,
            "roc-auc": 0.9472282501479581,
            "score": 0.8842105263157894
        },
        "test": {
            "0": {
                "precision": 0.8302469135802469,
                "recall": 0.8733766233766234,
                "f1-score": 0.85126582278481,
                "support": 308
            },
            "1": {
                "precision": 0.8862973760932945,
                "recall": 0.8467966573816156,
                "f1-score": 0.8660968660968661,
                "support": 359
            },
            "accuracy": 0.8590704647676162,
            "macro avg": {
                "precision": 0.8582721448367707,
                "recall": 0.8600866403791194,
                "f1-score": 0.8586813444408381,
                "support": 667
            },
            "weighted avg": {
                "precision": 0.860415003598514,
                "recall": 0.8590704647676162,
                "f1-score": 0.8592483483455718,
                "support": 667
            },
            "cross-entropy": 0.3332636423527741,
            "roc-auc": 0.9343052490684803,
            "score": 0.8590704647676162
        }
    },
    "time": "0:01:31",
    "chunk_size": null,
    "eval_batch_size": 32768
}
