{
    "function": "bin.ffn.main",
    "gpus": [
        "A100-SXM-80GB"
    ],
    "config": {
        "seed": 2,
        "batch_size": 64,
        "patience": 16,
        "n_epochs": Infinity,
        "data": {
            "seed": 0,
            "cache": true,
            "path": ":data/regression-cat-medium-2-analcatdata_supreme",
            "num_policy": "quantile",
            "cat_policy": null,
            "y_policy": "standard"
        },
        "optimizer": {
            "type": "AdamW",
            "lr": 0.0001718403866084743,
            "weight_decay": 2.2225314656725132e-05
        },
        "model": {
            "num_embeddings": null,
            "backbone": {
                "type": "MLP",
                "n_blocks": 6,
                "d_layer": 202,
                "dropout": 0.0,
                "activation": "ReLU"
            }
        }
    },
    "n_parameters": 206849,
    "prediction_type": null,
    "best_epoch": 97,
    "metrics": {
        "train": {
            "rmse": 0.0594391213026395,
            "mae": 0.015789059037532915,
            "r2": 0.9881539164610464,
            "score": -0.0594391213026395
        },
        "val": {
            "rmse": 0.09126825065877585,
            "mae": 0.022272411738854636,
            "r2": 0.9781094105328908,
            "score": -0.09126825065877585
        },
        "test": {
            "rmse": 0.08259315161969322,
            "mae": 0.019006802223563213,
            "r2": 0.9754263205114561,
            "score": -0.08259315161969322
        }
    },
    "time": "0:00:15",
    "chunk_size": null,
    "eval_batch_size": 32768
}
