{
    "function": "bin.tabr.main",
    "gpus": [
        "A100-SXM-80GB"
    ],
    "config": {
        "seed": 3,
        "batch_size": 32,
        "patience": 16,
        "n_epochs": Infinity,
        "context_size": 96,
        "data": {
            "seed": 0,
            "cache": true,
            "path": ":data/classif-num-medium-1-wine",
            "num_policy": "quantile",
            "cat_policy": null,
            "y_policy": null
        },
        "model": {
            "num_embeddings": null,
            "d_main": 291,
            "context_dropout": 0.5379301599868547,
            "d_multiplier": 2.0,
            "encoder_n_blocks": 0,
            "predictor_n_blocks": 1,
            "mixer_normalization": "auto",
            "dropout0": 0.532719318819775,
            "dropout1": 0.0,
            "normalization": "LayerNorm",
            "activation": "ReLU"
        },
        "optimizer": {
            "type": "AdamW",
            "lr": 0.0004467338870875981,
            "weight_decay": 7.331443354014981e-05
        }
    },
    "n_parameters": 769405,
    "prediction_type": "logits",
    "best_epoch": 1,
    "metrics": {
        "train": {
            "0": {
                "precision": 0.8418079096045198,
                "recall": 0.830546265328874,
                "f1-score": 0.8361391694725027,
                "support": 897
            },
            "1": {
                "precision": 0.8314855875831486,
                "recall": 0.8426966292134831,
                "f1-score": 0.8370535714285714,
                "support": 890
            },
            "accuracy": 0.8365976496922216,
            "macro avg": {
                "precision": 0.8366467485938343,
                "recall": 0.8366214472711786,
                "f1-score": 0.836596370450537,
                "support": 1787
            },
            "weighted avg": {
                "precision": 0.836666965788616,
                "recall": 0.8365976496922216,
                "f1-score": 0.8365945795121789,
                "support": 1787
            },
            "cross-entropy": 0.3926387367466075,
            "roc-auc": 0.9066087958613607,
            "score": 0.8365976496922216
        },
        "val": {
            "0": {
                "precision": 0.7786259541984732,
                "recall": 0.8429752066115702,
                "f1-score": 0.8095238095238095,
                "support": 121
            },
            "1": {
                "precision": 0.8080808080808081,
                "recall": 0.7339449541284404,
                "f1-score": 0.7692307692307693,
                "support": 109
            },
            "accuracy": 0.7913043478260869,
            "macro avg": {
                "precision": 0.7933533811396407,
                "recall": 0.7884600803700053,
                "f1-score": 0.7893772893772895,
                "support": 230
            },
            "weighted avg": {
                "precision": 0.792584993647058,
                "recall": 0.7913043478260869,
                "f1-score": 0.7904284121675427,
                "support": 230
            },
            "cross-entropy": 0.4802858206109306,
            "roc-auc": 0.854120858291,
            "score": 0.7913043478260869
        },
        "test": {
            "0": {
                "precision": 0.7926829268292683,
                "recall": 0.752895752895753,
                "f1-score": 0.7722772277227723,
                "support": 259
            },
            "1": {
                "precision": 0.7800687285223368,
                "recall": 0.8165467625899281,
                "f1-score": 0.797891036906854,
                "support": 278
            },
            "accuracy": 0.7858472998137802,
            "macro avg": {
                "precision": 0.7863758276758026,
                "recall": 0.7847212577428405,
                "f1-score": 0.7850841323148132,
                "support": 537
            },
            "weighted avg": {
                "precision": 0.7861526714673931,
                "recall": 0.7858472998137802,
                "f1-score": 0.7855372630173248,
                "support": 537
            },
            "cross-entropy": 0.46738380911574995,
            "roc-auc": 0.8535040693314074,
            "score": 0.7858472998137802
        }
    },
    "time": "0:00:09",
    "chunk_size": null,
    "eval_batch_size": 32768
}