{
    "function": "bin.ft_transformer.main",
    "gpus": [
        "A100-SXM-80GB"
    ],
    "config": {
        "seed": 12,
        "batch_size": 256,
        "patience": 16,
        "n_epochs": Infinity,
        "data": {
            "seed": 0,
            "cache": true,
            "path": ":data/regression-num-medium-0-houses",
            "num_policy": "quantile",
            "cat_policy": null,
            "y_policy": "standard"
        },
        "optimizer": {
            "type": "AdamW",
            "lr": 9.580594378758887e-05,
            "weight_decay": 0.0
        },
        "model": {
            "d_token": 256,
            "n_blocks": 2,
            "attention_dropout": 0.31554467598070135,
            "ffn_d_hidden_factor": 2.4595306271845105,
            "ffn_dropout": 0.1574970452428069,
            "residual_dropout": 0.01429533749287128
        }
    },
    "n_parameters": 1502165,
    "prediction_type": null,
    "best_epoch": 117,
    "metrics": {
        "train": {
            "rmse": 0.1968716108854376,
            "mae": 0.1393789441672606,
            "r2": 0.879251154682414,
            "score": -0.1968716108854376
        },
        "val": {
            "rmse": 0.24079323387452406,
            "mae": 0.16041430701115544,
            "r2": 0.8272762393826406,
            "score": -0.24079323387452406
        },
        "test": {
            "rmse": 0.22741531826344508,
            "mae": 0.15643812679736868,
            "r2": 0.8397526336044261,
            "score": -0.22741531826344508
        }
    },
    "time": "0:00:53",
    "chunk_size": null,
    "eval_batch_size": 32768
}
