{
    "function": "bin.catboost_.main",
    "gpus": [
        "NVIDIA GeForce RTX 2080 Ti",
        "NVIDIA GeForce RTX 2080 Ti"
    ],
    "config": {
        "seed": 9,
        "data": {
            "seed": 0,
            "num_policy": null,
            "cat_policy": null,
            "cache": true,
            "path": ":data/classif-cat-medium-0-KDDCup09_upselling",
            "y_policy": null
        },
        "model": {
            "iterations": 4000,
            "early_stopping_rounds": 3999,
            "thread_count": 4,
            "task_type": "CPU",
            "od_pval": 0.001
        },
        "fit": {
            "logging_level": "Verbose"
        }
    },
    "prediction_type": "probs",
    "time": "0:00:29",
    "best_iteration": 0,
    "metrics": {
        "train": {
            "0": {
                "precision": 0.740147249891728,
                "recall": 0.9462901439645626,
                "f1-score": 0.8306196840826245,
                "support": 1806
            },
            "1": {
                "precision": 0.92421875,
                "recall": 0.6634885025238362,
                "f1-score": 0.772445315050604,
                "support": 1783
            },
            "accuracy": 0.8057954862078573,
            "macro avg": {
                "precision": 0.832182999945864,
                "recall": 0.8048893232441994,
                "f1-score": 0.8015324995666142,
                "support": 3589
            },
            "weighted avg": {
                "precision": 0.8315931915727114,
                "recall": 0.8057954862078573,
                "f1-score": 0.8017189039254519,
                "support": 3589
            },
            "cross-entropy": 0.6691926710223545,
            "roc-auc": 0.8958388844066237,
            "score": 0.8057954862078573
        },
        "val": {
            "0": {
                "precision": 0.7442748091603053,
                "recall": 0.9375,
                "f1-score": 0.8297872340425532,
                "support": 208
            },
            "1": {
                "precision": 0.934010152284264,
                "recall": 0.7330677290836654,
                "f1-score": 0.8214285714285715,
                "support": 251
            },
            "accuracy": 0.8257080610021786,
            "macro avg": {
                "precision": 0.8391424807222847,
                "recall": 0.8352838645418327,
                "f1-score": 0.8256079027355623,
                "support": 459
            },
            "weighted avg": {
                "precision": 0.8480298660755855,
                "recall": 0.8257080610021786,
                "f1-score": 0.825216374966062,
                "support": 459
            },
            "cross-entropy": 0.6659656880848219,
            "roc-auc": 0.9265534017775053,
            "score": 0.8257080610021786
        },
        "test": {
            "0": {
                "precision": 0.7402031930333817,
                "recall": 0.9306569343065694,
                "f1-score": 0.824575586095392,
                "support": 548
            },
            "1": {
                "precision": 0.9018087855297158,
                "recall": 0.6609848484848485,
                "f1-score": 0.7628415300546448,
                "support": 528
            },
            "accuracy": 0.7983271375464684,
            "macro avg": {
                "precision": 0.8210059892815487,
                "recall": 0.795820891395709,
                "f1-score": 0.7937085580750185,
                "support": 1076
            },
            "weighted avg": {
                "precision": 0.8195040785706162,
                "recall": 0.7983271375464684,
                "f1-score": 0.7942822946553227,
                "support": 1076
            },
            "cross-entropy": 0.6702947093470193,
            "roc-auc": 0.8822768054633932,
            "score": 0.7983271375464684
        }
    }
}
