{
    "function": "bin.tabr.main",
    "gpus": [
        "NVIDIA A100-SXM4-80GB"
    ],
    "config": {
        "seed": 9,
        "batch_size": 256,
        "patience": 16,
        "n_epochs": Infinity,
        "context_size": 96,
        "data": {
            "seed": 0,
            "cache": true,
            "path": ":data/classif-num-medium-1-MagicTelescope",
            "num_policy": "quantile",
            "cat_policy": null,
            "y_policy": null
        },
        "model": {
            "num_embeddings": null,
            "d_main": 265,
            "mixer_dropout": 0.38920071545944357,
            "d_multiplier": 2.0,
            "encoder_n_blocks": 0,
            "predictor_n_blocks": 1,
            "mixer_normalization": "auto",
            "dropout0": 0.38852797479169876,
            "dropout1": 0.0,
            "normalization": "LayerNorm",
            "activation": "ReLU"
        },
        "optimizer": {
            "type": "AdamW",
            "lr": 0.0003121273641315169,
            "weight_decay": 1.2260352006404615e-06
        }
    },
    "n_parameters": 638386,
    "prediction_type": "logits",
    "best_epoch": 3,
    "metrics": {
        "train": {
            "0": {
                "precision": 0.8424671385237614,
                "recall": 0.8915043869034881,
                "f1-score": 0.8662923684757745,
                "support": 4673
            },
            "1": {
                "precision": 0.8852421910366681,
                "recall": 0.8339019189765459,
                "f1-score": 0.8588054457619675,
                "support": 4690
            },
            "accuracy": 0.8626508597671686,
            "macro avg": {
                "precision": 0.8638546647802148,
                "recall": 0.862703152940017,
                "f1-score": 0.862548907118871,
                "support": 9363
            },
            "weighted avg": {
                "precision": 0.8638934971999904,
                "recall": 0.8626508597671686,
                "f1-score": 0.8625421102756512,
                "support": 9363
            },
            "cross-entropy": 0.3140401633207768,
            "roc-auc": 0.9377521916266243,
            "score": 0.8626508597671686
        },
        "val": {
            "0": {
                "precision": 0.8634222919937206,
                "recall": 0.8828250401284109,
                "f1-score": 0.8730158730158729,
                "support": 623
            },
            "1": {
                "precision": 0.8710247349823321,
                "recall": 0.85,
                "f1-score": 0.8603839441535776,
                "support": 580
            },
            "accuracy": 0.8669991687448046,
            "macro avg": {
                "precision": 0.8672235134880264,
                "recall": 0.8664125200642054,
                "f1-score": 0.8666999085847252,
                "support": 1203
            },
            "weighted avg": {
                "precision": 0.8670876427280471,
                "recall": 0.8669991687448046,
                "f1-score": 0.8669256662493464,
                "support": 1203
            },
            "cross-entropy": 0.32815229192144646,
            "roc-auc": 0.9349117174959872,
            "score": 0.8669991687448046
        },
        "test": {
            "0": {
                "precision": 0.8382352941176471,
                "recall": 0.9008620689655172,
                "f1-score": 0.868421052631579,
                "support": 1392
            },
            "1": {
                "precision": 0.8949771689497716,
                "recall": 0.8293370944992948,
                "f1-score": 0.8609077598828697,
                "support": 1418
            },
            "accuracy": 0.8647686832740213,
            "macro avg": {
                "precision": 0.8666062315337093,
                "recall": 0.8650995817324061,
                "f1-score": 0.8646644062572244,
                "support": 2810
            },
            "weighted avg": {
                "precision": 0.8668687384279505,
                "recall": 0.8647686832740213,
                "f1-score": 0.8646296472516252,
                "support": 2810
            },
            "cross-entropy": 0.3068642451108562,
            "roc-auc": 0.9416451858696886,
            "score": 0.8647686832740213
        }
    },
    "time": "0:00:21",
    "chunk_size": null,
    "eval_batch_size": 32768
}