{
    "function": "bin.ensemble.main",
    "config": {
        "seeds": [
            10,
            11,
            12,
            13,
            14
        ]
    },
    "single_model_function": "bin.tabr.main",
    "data": ":data/regression-cat-large-0-black_friday",
    "prediction_type": null,
    "metrics": {
        "train": {
            "rmse": 0.34953323698361777,
            "mae": 0.25963194789807176,
            "r2": 0.6573464434811973,
            "score": -0.34953323698361777
        },
        "val": {
            "rmse": 0.360415013251054,
            "mae": 0.2671184385523855,
            "r2": 0.6357171673695581,
            "score": -0.360415013251054
        },
        "test": {
            "rmse": 0.35921847199313633,
            "mae": 0.26674457225457715,
            "r2": 0.6400203003331831,
            "score": -0.35921847199313633
        }
    }
}