{
    "function": "bin.ensemble.main",
    "config": {
        "seeds": [
            0,
            1,
            2,
            3,
            4
        ]
    },
    "single_model_function": "bin.ffn.main",
    "data": ":data/regression-cat-medium-0-yprop_4_1",
    "prediction_type": null,
    "metrics": {
        "train": {
            "rmse": 0.026220395027729177,
            "mae": 0.017386101435480805,
            "r2": 0.26451399157596156,
            "score": -0.026220395027729177
        },
        "val": {
            "rmse": 0.026949454871261793,
            "mae": 0.019444891973954492,
            "r2": 0.127968584396436,
            "score": -0.026949454871261793
        },
        "test": {
            "rmse": 0.02591367768938473,
            "mae": 0.018701866467767836,
            "r2": 0.09462264373195961,
            "score": -0.02591367768938473
        }
    }
}
