{
    "function": "bin.tabr.main",
    "gpus": [
        "A100-SXM-80GB"
    ],
    "config": {
        "seed": 12,
        "batch_size": 256,
        "patience": 16,
        "n_epochs": Infinity,
        "context_size": 96,
        "data": {
            "seed": 0,
            "cache": true,
            "path": ":data/house",
            "num_policy": "quantile",
            "cat_policy": null,
            "y_policy": "standard"
        },
        "model": {
            "d_main": 139,
            "context_dropout": 0.5850959201919327,
            "d_multiplier": 2.0,
            "encoder_n_blocks": 1,
            "predictor_n_blocks": 1,
            "mixer_normalization": "auto",
            "dropout0": 0.3602958981338366,
            "dropout1": 0.0,
            "normalization": "LayerNorm",
            "activation": "ReLU",
            "num_embeddings": {
                "type": "LREmbeddings",
                "d_embedding": 24
            }
        },
        "optimizer": {
            "type": "AdamW",
            "lr": 0.000374937545602808,
            "weight_decay": 0.0
        }
    },
    "n_parameters": 307959,
    "prediction_type": null,
    "best_epoch": 33,
    "metrics": {
        "train": {
            "rmse": 22244.13511074361,
            "mae": 12746.463881570031,
            "r2": 0.8177882415731801,
            "score": -22244.13511074361
        },
        "val": {
            "rmse": 28149.232505078086,
            "mae": 14336.45480749337,
            "r2": 0.7340991762712319,
            "score": -28149.232505078086
        },
        "test": {
            "rmse": 30732.3305223662,
            "mae": 15134.600574070704,
            "r2": 0.6728410309936101,
            "score": -30732.3305223662
        }
    },
    "time": "0:01:12",
    "chunk_size": null,
    "eval_batch_size": 32768
}