{
    "function": "bin.xgboost_.main",
    "gpus": [
        "NVIDIA GeForce RTX 2080 Ti"
    ],
    "config": {
        "seed": 10,
        "neighbors": null,
        "data": {
            "seed": 0,
            "num_policy": null,
            "cache": true,
            "path": ":data/classif-cat-medium-1-rl",
            "cat_policy": "one-hot",
            "y_policy": null
        },
        "model": {
            "booster": "gbtree",
            "n_estimators": 4000,
            "n_jobs": 1,
            "tree_method": "gpu_hist",
            "use_label_encoder": false
        },
        "fit": {
            "early_stopping_rounds": 3999,
            "verbose": true
        }
    },
    "prediction_type": "probs",
    "time": "0:00:09",
    "best_iteration": 109,
    "metrics": {
        "train": {
            "0": {
                "precision": 0.9876977152899824,
                "recall": 0.9717579250720461,
                "f1-score": 0.9796629866356769,
                "support": 1735
            },
            "1": {
                "precision": 0.9723476297968398,
                "recall": 0.9879587155963303,
                "f1-score": 0.9800910125142207,
                "support": 1744
            },
            "accuracy": 0.9798792756539235,
            "macro avg": {
                "precision": 0.9800226725434111,
                "recall": 0.9798583203341882,
                "f1-score": 0.9798769995749488,
                "support": 3479
            },
            "weighted avg": {
                "precision": 0.980002817589482,
                "recall": 0.9798792756539235,
                "f1-score": 0.9798775532157804,
                "support": 3479
            },
            "cross-entropy": 0.15790582617363422,
            "roc-auc": 0.9985584168363165,
            "score": 0.9798792756539235
        },
        "val": {
            "0": {
                "precision": 0.8378378378378378,
                "recall": 0.7982832618025751,
                "f1-score": 0.8175824175824177,
                "support": 233
            },
            "1": {
                "precision": 0.7911111111111111,
                "recall": 0.8317757009345794,
                "f1-score": 0.8109339407744874,
                "support": 214
            },
            "accuracy": 0.814317673378076,
            "macro avg": {
                "precision": 0.8144744744744745,
                "recall": 0.8150294813685772,
                "f1-score": 0.8142581791784526,
                "support": 447
            },
            "weighted avg": {
                "precision": 0.8154675480849978,
                "recall": 0.814317673378076,
                "f1-score": 0.8143994779025584,
                "support": 447
            },
            "cross-entropy": 0.43089144516759803,
            "roc-auc": 0.8834182343267419,
            "score": 0.814317673378076
        },
        "test": {
            "0": {
                "precision": 0.7821782178217822,
                "recall": 0.7640232108317214,
                "f1-score": 0.7729941291585127,
                "support": 517
            },
            "1": {
                "precision": 0.7736549165120594,
                "recall": 0.7912713472485768,
                "f1-score": 0.7823639774859288,
                "support": 527
            },
            "accuracy": 0.7777777777777778,
            "macro avg": {
                "precision": 0.7779165671669208,
                "recall": 0.7776472790401492,
                "f1-score": 0.7776790533222208,
                "support": 1044
            },
            "weighted avg": {
                "precision": 0.7778757467583494,
                "recall": 0.7777777777777778,
                "f1-score": 0.7777239280747466,
                "support": 1044
            },
            "cross-entropy": 0.4771581172414398,
            "roc-auc": 0.8572592573561527,
            "score": 0.7777777777777778
        }
    }
}
