{
    "function": "bin.tabr.main",
    "gpus": [
        "A100-SXM-80GB"
    ],
    "config": {
        "seed": 13,
        "batch_size": 512,
        "patience": 16,
        "n_epochs": Infinity,
        "context_size": 96,
        "data": {
            "seed": 0,
            "cache": true,
            "path": ":data/higgs-small",
            "num_policy": "quantile",
            "cat_policy": null,
            "y_policy": null
        },
        "model": {
            "d_main": 320,
            "context_dropout": 0.591054640310053,
            "d_multiplier": 2.0,
            "encoder_n_blocks": 0,
            "predictor_n_blocks": 1,
            "mixer_normalization": "auto",
            "dropout0": 0.04799103500615539,
            "dropout1": 0.0,
            "normalization": "LayerNorm",
            "activation": "ReLU",
            "num_embeddings": {
                "type": "LREmbeddings",
                "d_embedding": 48
            }
        },
        "optimizer": {
            "type": "AdamW",
            "lr": 0.00010000570663668457,
            "weight_decay": 0.0
        }
    },
    "n_parameters": 1358849,
    "prediction_type": "logits",
    "best_epoch": 24,
    "metrics": {
        "train": {
            "0": {
                "precision": 0.7405658727660617,
                "recall": 0.7158069096071935,
                "f1-score": 0.7279759346798453,
                "support": 29582
            },
            "1": {
                "precision": 0.7538790327302535,
                "recall": 0.7763574421899967,
                "f1-score": 0.7649531391566533,
                "support": 33169
            },
            "accuracy": 0.7478127838600181,
            "macro avg": {
                "precision": 0.7472224527481576,
                "recall": 0.7460821758985952,
                "f1-score": 0.7464645369182493,
                "support": 62751
            },
            "weighted avg": {
                "precision": 0.7476029590730892,
                "recall": 0.7478127838600181,
                "f1-score": 0.7475213904541157,
                "support": 62751
            },
            "cross-entropy": 0.49949339817535404,
            "roc-auc": 0.8320892872662033,
            "score": 0.7478127838600181
        },
        "val": {
            "0": {
                "precision": 0.7346296825850729,
                "recall": 0.6946998377501352,
                "f1-score": 0.71410701876303,
                "support": 7396
            },
            "1": {
                "precision": 0.7402806533241316,
                "recall": 0.7761698022190062,
                "f1-score": 0.7578005416225128,
                "support": 8292
            },
            "accuracy": 0.7377613462519123,
            "macro avg": {
                "precision": 0.7374551679546022,
                "recall": 0.7354348199845707,
                "f1-score": 0.7359537801927714,
                "support": 15688
            },
            "weighted avg": {
                "precision": 0.7376165419277727,
                "recall": 0.7377613462519123,
                "f1-score": 0.7372015299531646,
                "support": 15688
            },
            "cross-entropy": 0.5210026357144897,
            "roc-auc": 0.8161355471869516,
            "score": 0.7377613462519123
        },
        "test": {
            "0": {
                "precision": 0.7216668538694821,
                "recall": 0.6949702541914549,
                "f1-score": 0.7080670046286093,
                "support": 9245
            },
            "1": {
                "precision": 0.7366209022135052,
                "recall": 0.7609261939218523,
                "f1-score": 0.7485763097949887,
                "support": 10365
            },
            "accuracy": 0.7298317185109638,
            "macro avg": {
                "precision": 0.7291438780414936,
                "recall": 0.7279482240566536,
                "f1-score": 0.728321657211799,
                "support": 19610
            },
            "weighted avg": {
                "precision": 0.7295709186877278,
                "recall": 0.7298317185109638,
                "f1-score": 0.7294784757173152,
                "support": 19610
            },
            "cross-entropy": 0.5303513464132648,
            "roc-auc": 0.8083747280508075,
            "score": 0.7298317185109638
        }
    },
    "time": "0:03:16",
    "chunk_size": null,
    "eval_batch_size": 32768
}