{
    "function": "bin.xgboost_.main",
    "gpus": [
        "NVIDIA GeForce RTX 2080 Ti"
    ],
    "config": {
        "seed": 6,
        "data": {
            "seed": 0,
            "num_policy": null,
            "cache": true,
            "path": ":data/classif-num-large-0-MiniBooNE",
            "cat_policy": null,
            "y_policy": null
        },
        "model": {
            "booster": "gbtree",
            "n_estimators": 4000,
            "n_jobs": 1,
            "tree_method": "gpu_hist",
            "use_label_encoder": false,
            "colsample_bytree": 0.623981622894776,
            "gamma": 0.20717505710653117,
            "lambda": 5.703459273059501,
            "learning_rate": 0.06313857330010132,
            "max_depth": 6,
            "min_child_weight": 0.8797646135814003,
            "subsample": 0.630405194080589
        },
        "fit": {
            "early_stopping_rounds": 200,
            "verbose": true
        },
        "neighbors": null
    },
    "prediction_type": "probs",
    "time": "0:00:03",
    "best_iteration": 848,
    "metrics": {
        "train": {
            "0": {
                "precision": 0.9974809068735255,
                "recall": 0.9931127831521955,
                "f1-score": 0.9952920523459943,
                "support": 25119
            },
            "1": {
                "precision": 0.993077507902845,
                "recall": 0.9974679474297656,
                "f1-score": 0.9952678857876162,
                "support": 24881
            },
            "accuracy": 0.99528,
            "macro avg": {
                "precision": 0.9952792073881853,
                "recall": 0.9952903652909806,
                "f1-score": 0.9952799690668053,
                "support": 50000
            },
            "weighted avg": {
                "precision": 0.9952896874777356,
                "recall": 0.99528,
                "f1-score": 0.9952800265832142,
                "support": 50000
            },
            "cross-entropy": 0.03649895544720373,
            "roc-auc": 0.9998560727389537,
            "score": 0.99528
        },
        "val": {
            "0": {
                "precision": 0.96255119953189,
                "recall": 0.9351904491188175,
                "f1-score": 0.9486735870818915,
                "support": 3518
            },
            "1": {
                "precision": 0.9345015800057455,
                "recall": 0.9621413782904467,
                "f1-score": 0.9481200816088604,
                "support": 3381
            },
            "accuracy": 0.948398318596898,
            "macro avg": {
                "precision": 0.9485263897688176,
                "recall": 0.948665913704632,
                "f1-score": 0.9483968343453759,
                "support": 6899
            },
            "weighted avg": {
                "precision": 0.9488048937458493,
                "recall": 0.948398318596898,
                "f1-score": 0.9484023300874984,
                "support": 6899
            },
            "cross-entropy": 0.14552803152402288,
            "roc-auc": 0.9856858604726711,
            "score": 0.948398318596898
        },
        "test": {
            "0": {
                "precision": 0.9516632016632016,
                "recall": 0.931569575171712,
                "f1-score": 0.9415091914127779,
                "support": 7862
            },
            "1": {
                "precision": 0.9359752469356182,
                "recall": 0.9548379264295254,
                "f1-score": 0.9453125,
                "support": 8237
            },
            "accuracy": 0.9434747499844711,
            "macro avg": {
                "precision": 0.9438192242994099,
                "recall": 0.9432037508006187,
                "f1-score": 0.943410845706389,
                "support": 16099
            },
            "weighted avg": {
                "precision": 0.9436365116146826,
                "recall": 0.9434747499844711,
                "f1-score": 0.9434551416477582,
                "support": 16099
            },
            "cross-entropy": 0.1551472677557099,
            "roc-auc": 0.9844534206935609,
            "score": 0.9434747499844711
        }
    }
}
