{
    "function": "bin.lightgbm_.main",
    "gpus": [
        "GeForce RTX 2080 Ti",
        "GeForce RTX 2080 Ti"
    ],
    "config": {
        "seed": 10,
        "data": {
            "seed": 0,
            "num_policy": null,
            "cache": true,
            "path": ":data/regression-num-medium-2-wine_quality",
            "cat_policy": null,
            "y_policy": "standard"
        },
        "model": {
            "n_estimators": 4000,
            "n_jobs": 4,
            "feature_fraction": 0.5884633577436849,
            "lambda_l2": 0.200343243375816,
            "learning_rate": 0.015044392270697638,
            "num_leaves": 576,
            "min_sum_hessian_in_leaf": 2.536717859682019,
            "bagging_fraction": 0.732106564988538
        },
        "fit": {
            "early_stopping_rounds": 200,
            "verbose": true
        }
    },
    "prediction_type": null,
    "time": "0:00:03",
    "best_iteration": 1353,
    "metrics": {
        "train": {
            "rmse": 0.07189964279683991,
            "mae": 0.0451774238121025,
            "r2": 0.9932904456092939,
            "score": -0.07189964279683991
        },
        "val": {
            "rmse": 0.5861581717562131,
            "mae": 0.40899918505132005,
            "r2": 0.5399147608608676,
            "score": -0.5861581717562131
        },
        "test": {
            "rmse": 0.6275197772356735,
            "mae": 0.42821285854313185,
            "r2": 0.4680754243429486,
            "score": -0.6275197772356735
        }
    }
}
