{
    "function": "bin.ensemble.main",
    "config": {
        "seeds": [
            0,
            1,
            2,
            3,
            4
        ]
    },
    "single_model_function": "bin.tabr.main",
    "data": ":data/regression-cat-large-0-nyc-taxi-green-dec-2016",
    "prediction_type": null,
    "metrics": {
        "train": {
            "rmse": 0.37170839384392895,
            "mae": 0.23656416835414973,
            "r2": 0.6102373940517887,
            "score": -0.37170839384392895
        },
        "val": {
            "rmse": 0.3836710939086327,
            "mae": 0.24221984845477174,
            "r2": 0.5882416374042496,
            "score": -0.3836710939086327
        },
        "test": {
            "rmse": 0.38430790585732777,
            "mae": 0.24207024850582215,
            "r2": 0.5852252865206389,
            "score": -0.38430790585732777
        }
    }
}