{
    "function": "bin.ffn.main",
    "gpus": [
        "A100-SXM4-40GB"
    ],
    "config": {
        "seed": 6,
        "batch_size": 512,
        "patience": 16,
        "n_epochs": Infinity,
        "data": {
            "seed": 0,
            "cache": true,
            "path": ":data/higgs-small",
            "num_policy": "quantile",
            "cat_policy": null,
            "y_policy": null
        },
        "optimizer": {
            "type": "AdamW",
            "lr": 0.0004446459161164957,
            "weight_decay": 0.0
        },
        "model": {
            "num_embeddings": null,
            "backbone": {
                "type": "MLP",
                "n_blocks": 2,
                "d_layer": 303,
                "dropout": 0.40398585735686326,
                "activation": "ReLU"
            }
        }
    },
    "n_parameters": 101203,
    "prediction_type": "logits",
    "best_epoch": 44,
    "metrics": {
        "train": {
            "0": {
                "precision": 0.7302379378717779,
                "recall": 0.7469745115272801,
                "f1-score": 0.7385114133885899,
                "support": 29582
            },
            "1": {
                "precision": 0.7696285125111569,
                "recall": 0.753896710784166,
                "f1-score": 0.7616813889734999,
                "support": 33169
            },
            "accuracy": 0.7506334560405412,
            "macro avg": {
                "precision": 0.7499332251914674,
                "recall": 0.7504356111557231,
                "f1-score": 0.7500964011810449,
                "support": 62751
            },
            "weighted avg": {
                "precision": 0.7510590557856528,
                "recall": 0.7506334560405412,
                "f1-score": 0.7507586273003345,
                "support": 62751
            },
            "cross-entropy": 0.5051358413310665,
            "roc-auc": 0.8346136487363127,
            "score": 0.7506334560405412
        },
        "val": {
            "0": {
                "precision": 0.7130658715098943,
                "recall": 0.7113304488912926,
                "f1-score": 0.7121971030188168,
                "support": 7396
            },
            "1": {
                "precision": 0.7430806257521059,
                "recall": 0.744693680656054,
                "f1-score": 0.7438862787615951,
                "support": 8292
            },
            "accuracy": 0.7289648138704743,
            "macro avg": {
                "precision": 0.7280732486310001,
                "recall": 0.7280120647736733,
                "f1-score": 0.7280416908902059,
                "support": 15688
            },
            "weighted avg": {
                "precision": 0.728930375728177,
                "recall": 0.7289648138704743,
                "f1-score": 0.728946634205655,
                "support": 15688
            },
            "cross-entropy": 0.5330020765247405,
            "roc-auc": 0.8059339956253324,
            "score": 0.7289648138704743
        },
        "test": {
            "0": {
                "precision": 0.6974201082917507,
                "recall": 0.7105462412114657,
                "f1-score": 0.7039219888555508,
                "support": 9245
            },
            "1": {
                "precision": 0.7374153664998528,
                "recall": 0.7250361794500724,
                "f1-score": 0.7311733800350263,
                "support": 10365
            },
            "accuracy": 0.7182049974502804,
            "macro avg": {
                "precision": 0.7174177373958017,
                "recall": 0.7177912103307691,
                "f1-score": 0.7175476844452886,
                "support": 19610
            },
            "weighted avg": {
                "precision": 0.718559876334942,
                "recall": 0.7182049974502804,
                "f1-score": 0.7183258985738201,
                "support": 19610
            },
            "cross-entropy": 0.5417010231043795,
            "roc-auc": 0.7978028305413781,
            "score": 0.7182049974502804
        }
    },
    "time": "0:00:17",
    "chunk_size": null,
    "eval_batch_size": 32768
}
