{
    "function": "bin.xgboost_.main",
    "gpus": [
        "GeForce RTX 2080 Ti"
    ],
    "config": {
        "seed": 8,
        "data": {
            "seed": 0,
            "num_policy": null,
            "cache": true,
            "path": ":data/black-friday",
            "cat_policy": "one-hot",
            "y_policy": "standard"
        },
        "neighbors": {
            "k": 96,
            "path": ":data/_exp/neighbors/black-friday/raw"
        },
        "model": {
            "booster": "gbtree",
            "n_estimators": 4000,
            "n_jobs": 1,
            "tree_method": "gpu_hist",
            "use_label_encoder": false,
            "colsample_bytree": 0.6209689344986942,
            "gamma": 0.005788187148501286,
            "lambda": 7.93633049445977,
            "learning_rate": 0.0056625722705991,
            "max_depth": 8,
            "min_child_weight": 0.0011591056527438413,
            "subsample": 0.8683923288596958
        },
        "fit": {
            "early_stopping_rounds": 200,
            "verbose": true
        }
    },
    "prediction_type": null,
    "time": "0:00:13",
    "best_iteration": 2506,
    "metrics": {
        "train": {
            "rmse": 0.6211923271912598,
            "mae": 0.4807622304695255,
            "r2": 0.6134658817077385,
            "score": -0.6211923271912598
        },
        "val": {
            "rmse": 0.6873561869951303,
            "mae": 0.5326683823157246,
            "r2": 0.5261963695254255,
            "score": -0.6873561869951303
        },
        "test": {
            "rmse": 0.687647157252242,
            "mae": 0.5331600626316101,
            "r2": 0.5307118088318574,
            "score": -0.687647157252242
        }
    }
}
