{
    "function": "bin.ft_transformer.main",
    "gpus": [
        "A100-SXM-80GB"
    ],
    "config": {
        "seed": 2,
        "batch_size": 256,
        "patience": 16,
        "n_epochs": Infinity,
        "data": {
            "seed": 0,
            "cache": true,
            "path": ":data/regression-num-medium-2-Ailerons",
            "num_policy": "quantile",
            "cat_policy": null,
            "y_policy": "standard"
        },
        "optimizer": {
            "type": "AdamW",
            "lr": 7.24599998692001e-05,
            "weight_decay": 0.0
        },
        "model": {
            "d_token": 336,
            "n_blocks": 4,
            "attention_dropout": 0.11018311446910421,
            "ffn_d_hidden_factor": 1.8228076235529689,
            "ffn_dropout": 0.060043186930896796,
            "residual_dropout": 0.0
        }
    },
    "n_parameters": 4313761,
    "prediction_type": null,
    "best_epoch": 29,
    "metrics": {
        "train": {
            "rmse": 0.00015592101778381134,
            "mae": 0.00011459485852962324,
            "r2": 0.8550628696385076,
            "score": -0.00015592101778381134
        },
        "val": {
            "rmse": 0.00015467173919518932,
            "mae": 0.00011456023077911336,
            "r2": 0.8316799651538165,
            "score": -0.00015467173919518932
        },
        "test": {
            "rmse": 0.00015782963716202047,
            "mae": 0.00011638576135701573,
            "r2": 0.8550035402052061,
            "score": -0.00015782963716202047
        }
    },
    "time": "0:00:54",
    "chunk_size": null,
    "eval_batch_size": 32768
}
