{
    "function": "bin.lightgbm_.main",
    "gpus": [
        "GeForce RTX 2080 Ti",
        "GeForce RTX 2080 Ti"
    ],
    "config": {
        "seed": 4,
        "data": {
            "seed": 0,
            "num_policy": null,
            "cache": true,
            "path": ":data/classif-num-medium-2-MagicTelescope",
            "cat_policy": null,
            "y_policy": null
        },
        "model": {
            "n_estimators": 4000,
            "n_jobs": 4,
            "feature_fraction": 0.8762591623528496,
            "lambda_l2": 0.33416043374049276,
            "learning_rate": 0.010463658522089633,
            "num_leaves": 53,
            "min_sum_hessian_in_leaf": 0.7760927067437908,
            "bagging_fraction": 0.6497229652356429
        },
        "fit": {
            "early_stopping_rounds": 200,
            "verbose": true
        }
    },
    "prediction_type": "probs",
    "time": "0:00:01",
    "best_iteration": 407,
    "metrics": {
        "train": {
            "0": {
                "precision": 0.8846308186195827,
                "recall": 0.9449207029575654,
                "f1-score": 0.9137823834196892,
                "support": 4666
            },
            "1": {
                "precision": 0.941310801552866,
                "recall": 0.8775814349584842,
                "f1-score": 0.9083296606434553,
                "support": 4697
            },
            "accuracy": 0.9111395920111075,
            "macro avg": {
                "precision": 0.9129708100862244,
                "recall": 0.9112510689580248,
                "f1-score": 0.9110560220315722,
                "support": 9363
            },
            "weighted avg": {
                "precision": 0.9130646410950319,
                "recall": 0.9111395920111075,
                "f1-score": 0.9110469953090442,
                "support": 9363
            },
            "cross-entropy": 0.24150870487146758,
            "roc-auc": 0.9733812911561958,
            "score": 0.9111395920111075
        },
        "val": {
            "0": {
                "precision": 0.831230283911672,
                "recall": 0.8783333333333333,
                "f1-score": 0.8541329011345219,
                "support": 600
            },
            "1": {
                "precision": 0.8717047451669596,
                "recall": 0.8225538971807629,
                "f1-score": 0.8464163822525598,
                "support": 603
            },
            "accuracy": 0.8503740648379052,
            "macro avg": {
                "precision": 0.8514675145393158,
                "recall": 0.850443615257048,
                "f1-score": 0.8502746416935408,
                "support": 1203
            },
            "weighted avg": {
                "precision": 0.8515179814486117,
                "recall": 0.8503740648379052,
                "f1-score": 0.8502650200989249,
                "support": 1203
            },
            "cross-entropy": 0.3501027563516675,
            "roc-auc": 0.9226644555002764,
            "score": 0.8503740648379052
        },
        "test": {
            "0": {
                "precision": 0.8294573643410853,
                "recall": 0.9029535864978903,
                "f1-score": 0.8646464646464647,
                "support": 1422
            },
            "1": {
                "precision": 0.8906497622820919,
                "recall": 0.8097982708933718,
                "f1-score": 0.8483018867924528,
                "support": 1388
            },
            "accuracy": 0.8569395017793594,
            "macro avg": {
                "precision": 0.8600535633115887,
                "recall": 0.856375928695631,
                "f1-score": 0.8564741757194587,
                "support": 2810
            },
            "weighted avg": {
                "precision": 0.8596833601923726,
                "recall": 0.8569395017793594,
                "f1-score": 0.8565730575071876,
                "support": 2810
            },
            "cross-entropy": 0.33045628462287646,
            "roc-auc": 0.9313611344171663,
            "score": 0.8569395017793594
        }
    }
}
