{
    "function": "bin.tabr.main",
    "gpus": [
        "NVIDIA A100-SXM4-80GB"
    ],
    "config": {
        "seed": 7,
        "batch_size": 128,
        "patience": 16,
        "n_epochs": Infinity,
        "context_size": 96,
        "data": {
            "seed": 0,
            "cache": true,
            "path": ":data/regression-cat-medium-1-yprop_4_1",
            "num_policy": "quantile",
            "cat_policy": null,
            "y_policy": "standard"
        },
        "model": {
            "num_embeddings": null,
            "d_main": 265,
            "mixer_dropout": 0.38920071545944357,
            "d_multiplier": 2.0,
            "encoder_n_blocks": 0,
            "predictor_n_blocks": 1,
            "mixer_normalization": "auto",
            "dropout0": 0.38852797479169876,
            "dropout1": 0.0,
            "normalization": "LayerNorm",
            "activation": "ReLU"
        },
        "optimizer": {
            "type": "AdamW",
            "lr": 0.0003121273641315169,
            "weight_decay": 1.2260352006404615e-06
        }
    },
    "n_parameters": 652166,
    "prediction_type": null,
    "best_epoch": 1,
    "metrics": {
        "train": {
            "rmse": 0.028102754443538786,
            "mae": 0.019118304008793552,
            "r2": 0.13355825033514046,
            "score": -0.028102754443538786
        },
        "val": {
            "rmse": 0.027572331021698378,
            "mae": 0.020192461973039477,
            "r2": 0.09595474768000989,
            "score": -0.027572331021698378
        },
        "test": {
            "rmse": 0.02738422387850655,
            "mae": 0.02028937930644048,
            "r2": 0.08090227122424576,
            "score": -0.02738422387850655
        }
    },
    "time": "0:00:17",
    "chunk_size": null,
    "eval_batch_size": 32768
}