{
    "function": "bin.ffn.main",
    "gpus": [
        "A100-SXM-80GB"
    ],
    "config": {
        "seed": 3,
        "batch_size": 32,
        "patience": 16,
        "n_epochs": Infinity,
        "data": {
            "seed": 0,
            "cache": true,
            "path": ":data/classif-num-medium-1-wine",
            "num_policy": "quantile",
            "cat_policy": null,
            "y_policy": null
        },
        "optimizer": {
            "type": "AdamW",
            "lr": 6.049095805827476e-05,
            "weight_decay": 0.0
        },
        "model": {
            "backbone": {
                "type": "MLP",
                "n_blocks": 6,
                "d_layer": 427,
                "dropout": 0.0,
                "activation": "ReLU"
            },
            "num_embeddings": {
                "type": "PLREmbeddings",
                "n_frequencies": 61,
                "frequency_scale": 0.16758922713327312,
                "d_embedding": 20,
                "lite": false
            }
        }
    },
    "n_parameters": 1036306,
    "prediction_type": "logits",
    "best_epoch": 6,
    "metrics": {
        "train": {
            "0": {
                "precision": 0.7880434782608695,
                "recall": 0.8082497212931996,
                "f1-score": 0.7980187121629059,
                "support": 897
            },
            "1": {
                "precision": 0.8016147635524798,
                "recall": 0.7808988764044944,
                "f1-score": 0.7911212293682414,
                "support": 890
            },
            "accuracy": 0.7946278679350868,
            "macro avg": {
                "precision": 0.7948291209066747,
                "recall": 0.794574298848847,
                "f1-score": 0.7945699707655736,
                "support": 1787
            },
            "weighted avg": {
                "precision": 0.7948025403255217,
                "recall": 0.7946278679350868,
                "f1-score": 0.7945834801051266,
                "support": 1787
            },
            "cross-entropy": 0.4482209477096678,
            "roc-auc": 0.8741673242894542,
            "score": 0.7946278679350868
        },
        "val": {
            "0": {
                "precision": 0.7407407407407407,
                "recall": 0.8264462809917356,
                "f1-score": 0.78125,
                "support": 121
            },
            "1": {
                "precision": 0.7789473684210526,
                "recall": 0.6788990825688074,
                "f1-score": 0.7254901960784315,
                "support": 109
            },
            "accuracy": 0.7565217391304347,
            "macro avg": {
                "precision": 0.7598440545808967,
                "recall": 0.7526726817802715,
                "f1-score": 0.7533700980392157,
                "support": 230
            },
            "weighted avg": {
                "precision": 0.7588473599457581,
                "recall": 0.7565217391304347,
                "f1-score": 0.7548247016197784,
                "support": 230
            },
            "cross-entropy": 0.5428200302949168,
            "roc-auc": 0.817499431344302,
            "score": 0.7565217391304347
        },
        "test": {
            "0": {
                "precision": 0.7246376811594203,
                "recall": 0.7722007722007722,
                "f1-score": 0.7476635514018692,
                "support": 259
            },
            "1": {
                "precision": 0.7739463601532567,
                "recall": 0.7266187050359713,
                "f1-score": 0.7495361781076068,
                "support": 278
            },
            "accuracy": 0.7486033519553073,
            "macro avg": {
                "precision": 0.7492920206563385,
                "recall": 0.7494097386183718,
                "f1-score": 0.748599864754738,
                "support": 537
            },
            "weighted avg": {
                "precision": 0.7501643343443114,
                "recall": 0.7486033519553073,
                "f1-score": 0.7486329931601468,
                "support": 537
            },
            "cross-entropy": 0.5288597062491517,
            "roc-auc": 0.8230604705424849,
            "score": 0.7486033519553073
        }
    },
    "time": "0:00:05",
    "chunk_size": null,
    "eval_batch_size": 32768
}
