{
    "function": "bin.ensemble.main",
    "config": {
        "seeds": [
            10,
            11,
            12,
            13,
            14
        ]
    },
    "single_model_function": "bin.catboost_.main",
    "data": ":data/regression-cat-medium-2-Mercedes_Benz_Greener_Manufacturing",
    "prediction_type": null,
    "metrics": {
        "train": {
            "rmse": 8.062620170888305,
            "mae": 5.076734484574431,
            "r2": 0.5919811612232289,
            "score": -8.062620170888305
        },
        "val": {
            "rmse": 9.516913126516561,
            "mae": 5.930384599603637,
            "r2": 0.5063404789604988,
            "score": -9.516913126516561
        },
        "test": {
            "rmse": 7.855217100454251,
            "mae": 5.30556735524846,
            "r2": 0.6031448591333557,
            "score": -7.855217100454251
        }
    }
}
