{
    "function": "bin.tabr_design.main",
    "gpus": [
        "A100-SXM-80GB"
    ],
    "config": {
        "seed": 9,
        "batch_size": 256,
        "patience": 16,
        "n_epochs": Infinity,
        "context_size": 96,
        "data": {
            "seed": 0,
            "cache": true,
            "path": ":data/adult",
            "num_policy": "quantile",
            "cat_policy": "ordinal",
            "y_policy": null
        },
        "model": {
            "num_embeddings": null,
            "d_main": 244,
            "context_dropout": 0.2979332704482488,
            "d_multiplier": 2.0,
            "encoder_n_blocks": 0,
            "predictor_n_blocks": 1,
            "mixer_normalization": "auto",
            "dropout0": 0.34451127223844974,
            "dropout1": 0.0,
            "normalization": "LayerNorm",
            "activation": "ReLU",
            "dot_product": false,
            "use_Q": false,
            "use_V": true,
            "use_labels": true,
            "use_T": false,
            "self_attention": true,
            "scale_similarities": true
        },
        "optimizer": {
            "type": "AdamW",
            "lr": 0.0009382952515620332,
            "weight_decay": 0.0
        }
    },
    "n_parameters": 386741,
    "prediction_type": "logits",
    "best_epoch": 11,
    "metrics": {
        "train": {
            "0": {
                "precision": 0.8929340286083337,
                "recall": 0.9438685208596713,
                "f1-score": 0.9176950685874429,
                "support": 19775
            },
            "1": {
                "precision": 0.7842565597667639,
                "recall": 0.6432329029172644,
                "f1-score": 0.7067787703625853,
                "support": 6273
            },
            "accuracy": 0.871468058968059,
            "macro avg": {
                "precision": 0.8385952941875487,
                "recall": 0.7935507118884679,
                "f1-score": 0.8122369194750141,
                "support": 26048
            },
            "weighted avg": {
                "precision": 0.8667618172276839,
                "recall": 0.871468058968059,
                "f1-score": 0.866901228800721,
                "support": 26048
            },
            "cross-entropy": 0.28339879638817095,
            "roc-auc": 0.9256374488783929,
            "score": 0.871468058968059
        },
        "val": {
            "0": {
                "precision": 0.8868032943880483,
                "recall": 0.9362992922143579,
                "f1-score": 0.9108794019279952,
                "support": 4945
            },
            "1": {
                "precision": 0.7561919504643962,
                "recall": 0.6230867346938775,
                "f1-score": 0.6832167832167831,
                "support": 1568
            },
            "accuracy": 0.8608935974205435,
            "macro avg": {
                "precision": 0.8214976224262223,
                "recall": 0.7796930134541178,
                "f1-score": 0.7970480925723892,
                "support": 6513
            },
            "weighted avg": {
                "precision": 0.855358708594668,
                "recall": 0.8608935974205435,
                "f1-score": 0.856069792510034,
                "support": 6513
            },
            "cross-entropy": 0.3004648556760986,
            "roc-auc": 0.9173738934400858,
            "score": 0.8608935974205435
        },
        "test": {
            "0": {
                "precision": 0.886477843764276,
                "recall": 0.9363088057901086,
                "f1-score": 0.910712190543236,
                "support": 12435
            },
            "1": {
                "precision": 0.7483317445185891,
                "recall": 0.6123244929797191,
                "f1-score": 0.6735306735306735,
                "support": 3846
            },
            "accuracy": 0.8597751980836558,
            "macro avg": {
                "precision": 0.8174047941414325,
                "recall": 0.7743166493849138,
                "f1-score": 0.7921214320369547,
                "support": 16281
            },
            "weighted avg": {
                "precision": 0.8538441051917735,
                "recall": 0.8597751980836558,
                "f1-score": 0.8546836840368596,
                "support": 16281
            },
            "cross-entropy": 0.3022888405085581,
            "roc-auc": 0.9133864791664446,
            "score": 0.8597751980836558
        }
    },
    "time": "0:00:36",
    "chunk_size": null,
    "eval_batch_size": 32768
}