{
    "function": "bin.ffn.main",
    "gpus": [
        "A100-SXM-80GB"
    ],
    "config": {
        "seed": 0,
        "batch_size": 256,
        "patience": 16,
        "n_epochs": Infinity,
        "data": {
            "seed": 0,
            "cache": true,
            "path": ":data/classif-cat-large-0-covertype",
            "num_policy": "quantile",
            "cat_policy": null,
            "y_policy": null
        },
        "optimizer": {
            "type": "AdamW",
            "lr": 0.000803401648017856,
            "weight_decay": 8.09551367343647e-05
        },
        "model": {
            "backbone": {
                "type": "MLP",
                "n_blocks": 3,
                "d_layer": 940,
                "dropout": 0.4830150882127601,
                "activation": "ReLU"
            },
            "num_embeddings": {
                "type": "PLREmbeddings",
                "n_frequencies": 87,
                "frequency_scale": 0.1086928904026244,
                "d_embedding": 16,
                "lite": false
            }
        }
    },
    "n_parameters": 1991591,
    "prediction_type": "logits",
    "best_epoch": 126,
    "metrics": {
        "train": {
            "0": {
                "precision": 0.9925424275406135,
                "recall": 0.9887559232190185,
                "f1-score": 0.9906455571425697,
                "support": 24902
            },
            "1": {
                "precision": 0.9888858016115588,
                "recall": 0.992628894732648,
                "f1-score": 0.9907538128094491,
                "support": 25098
            },
            "accuracy": 0.9907,
            "macro avg": {
                "precision": 0.9907141145760862,
                "recall": 0.9906924089758333,
                "f1-score": 0.9906996849760095,
                "support": 50000
            },
            "weighted avg": {
                "precision": 0.9907069475892651,
                "recall": 0.9907,
                "f1-score": 0.9906998971571165,
                "support": 50000
            },
            "cross-entropy": 0.03129005097267707,
            "roc-auc": 0.9997312422701611,
            "score": 0.9907
        },
        "val": {
            "0": {
                "precision": 0.950635721493441,
                "recall": 0.9410260508230781,
                "f1-score": 0.9458064775214343,
                "support": 25028
            },
            "1": {
                "precision": 0.9414866204162537,
                "recall": 0.9510251481659459,
                "f1-score": 0.9462318465246928,
                "support": 24972
            },
            "accuracy": 0.94602,
            "macro avg": {
                "precision": 0.9460611709548474,
                "recall": 0.9460255994945119,
                "f1-score": 0.9460191620230636,
                "support": 50000
            },
            "weighted avg": {
                "precision": 0.9460662944514505,
                "recall": 0.94602,
                "f1-score": 0.9460189238164217,
                "support": 50000
            },
            "cross-entropy": 0.15765587295662947,
            "roc-auc": 0.9877643430515919,
            "score": 0.94602
        },
        "test": {
            "0": {
                "precision": 0.9473160638255541,
                "recall": 0.945472597299444,
                "f1-score": 0.9463934328476874,
                "support": 25180
            },
            "1": {
                "precision": 0.9447907032852145,
                "recall": 0.9466559226430298,
                "f1-score": 0.9457223932862404,
                "support": 24820
            },
            "accuracy": 0.94606,
            "macro avg": {
                "precision": 0.9460533835553844,
                "recall": 0.9460642599712369,
                "f1-score": 0.946057913066964,
                "support": 50000
            },
            "weighted avg": {
                "precision": 0.9460624748533295,
                "recall": 0.94606,
                "f1-score": 0.9460603288093851,
                "support": 50000
            },
            "cross-entropy": 0.1549957874641427,
            "roc-auc": 0.988015092302385,
            "score": 0.94606
        }
    },
    "time": "0:02:01",
    "chunk_size": null,
    "eval_batch_size": 32768
}
