{
    "function": "bin.tabr_scaling.main",
    "gpus": [
        "NVIDIA A100-SXM4-80GB"
    ],
    "config": {
        "seed": 14,
        "batch_size": 512,
        "patience": 16,
        "n_epochs": Infinity,
        "context_size": 96,
        "freeze_contexts_after_n_epochs": 1,
        "data": {
            "seed": 0,
            "cache": true,
            "path": ":data/diamond",
            "num_policy": "quantile",
            "cat_policy": "ordinal",
            "y_policy": "standard"
        },
        "model": {
            "num_embeddings": null,
            "d_main": 265,
            "mixer_dropout": 0.38920071545944357,
            "d_multiplier": 2.0,
            "encoder_n_blocks": 0,
            "predictor_n_blocks": 1,
            "mixer_normalization": "auto",
            "dropout0": 0.38852797479169876,
            "dropout1": 0.0,
            "normalization": "LayerNorm",
            "activation": "ReLU"
        },
        "optimizer": {
            "type": "AdamW",
            "lr": 0.0003121273641315169,
            "weight_decay": 1.2260352006404615e-06
        }
    },
    "n_parameters": 642626,
    "prediction_type": null,
    "best_epoch": 40,
    "metrics": {
        "train": {
            "rmse": 0.1291769512455661,
            "mae": 0.07015016863573469,
            "r2": 0.9832345307757141,
            "score": -0.1291769512455661
        },
        "val": {
            "rmse": 0.13323350384464752,
            "mae": 0.07143457754182046,
            "r2": 0.9826601970193076,
            "score": -0.13323350384464752
        },
        "test": {
            "rmse": 0.1360048576936758,
            "mae": 0.0708505636659405,
            "r2": 0.9814284008265491,
            "score": -0.1360048576936758
        }
    },
    "time": "0:00:56",
    "chunk_size": null,
    "eval_batch_size": 32768
}