{
    "function": "bin.tabr.main",
    "gpus": [
        "A100-SXM-80GB"
    ],
    "config": {
        "seed": 3,
        "batch_size": 64,
        "patience": 16,
        "n_epochs": Infinity,
        "context_size": 96,
        "data": {
            "seed": 0,
            "cache": true,
            "path": ":data/regression-cat-medium-0-analcatdata_supreme",
            "num_policy": "quantile",
            "cat_policy": null,
            "y_policy": "standard"
        },
        "model": {
            "num_embeddings": null,
            "d_main": 307,
            "context_dropout": 0.5725705923864058,
            "d_multiplier": 2.0,
            "encoder_n_blocks": 0,
            "predictor_n_blocks": 1,
            "mixer_normalization": "auto",
            "dropout0": 0.5853881065301391,
            "dropout1": 0.0,
            "normalization": "LayerNorm",
            "activation": "ReLU"
        },
        "optimizer": {
            "type": "AdamW",
            "lr": 0.0009866383178475473,
            "weight_decay": 0.0
        }
    },
    "n_parameters": 854689,
    "prediction_type": null,
    "best_epoch": 21,
    "metrics": {
        "train": {
            "rmse": 0.08222254356886669,
            "mae": 0.02757970548846278,
            "r2": 0.9766994084295751,
            "score": -0.08222254356886669
        },
        "val": {
            "rmse": 0.04249382503390792,
            "mae": 0.02065965358689259,
            "r2": 0.9941032609892476,
            "score": -0.04249382503390792
        },
        "test": {
            "rmse": 0.08404249547741693,
            "mae": 0.0293072503076226,
            "r2": 0.9790550954993605,
            "score": -0.08404249547741693
        }
    },
    "time": "0:00:14",
    "chunk_size": null,
    "eval_batch_size": 32768
}