{
    "function": "bin.tabr.main",
    "gpus": [
        "A100-SXM-80GB"
    ],
    "config": {
        "seed": 6,
        "batch_size": 256,
        "patience": 16,
        "n_epochs": Infinity,
        "context_size": 96,
        "data": {
            "seed": 0,
            "cache": true,
            "path": ":data/regression-num-medium-1-fifa",
            "num_policy": "quantile",
            "cat_policy": null,
            "y_policy": "standard"
        },
        "model": {
            "num_embeddings": null,
            "d_main": 251,
            "context_dropout": 0.5986352797736337,
            "d_multiplier": 2.0,
            "encoder_n_blocks": 0,
            "predictor_n_blocks": 1,
            "mixer_normalization": "auto",
            "dropout0": 0.3732046434529852,
            "dropout1": 0.0,
            "normalization": "LayerNorm",
            "activation": "ReLU"
        },
        "optimizer": {
            "type": "AdamW",
            "lr": 0.000313095514023305,
            "weight_decay": 0.0
        }
    },
    "n_parameters": 571779,
    "prediction_type": null,
    "best_epoch": 88,
    "metrics": {
        "train": {
            "rmse": 0.742242943735848,
            "mae": 0.5485247069380108,
            "r2": 0.707372286999419,
            "score": -0.742242943735848
        },
        "val": {
            "rmse": 0.7517957108442708,
            "mae": 0.553419358045069,
            "r2": 0.695476970131883,
            "score": -0.7517957108442708
        },
        "test": {
            "rmse": 0.7768366958956678,
            "mae": 0.5696960143242862,
            "r2": 0.6629438744177045,
            "score": -0.7768366958956678
        }
    },
    "time": "0:00:42",
    "chunk_size": null,
    "eval_batch_size": 32768
}