{
    "function": "bin.tabr.main",
    "gpus": [
        "NVIDIA A100-SXM4-80GB"
    ],
    "config": {
        "seed": 9,
        "batch_size": 256,
        "patience": 16,
        "n_epochs": Infinity,
        "context_size": 96,
        "data": {
            "seed": 0,
            "cache": true,
            "path": ":data/regression-cat-large-0-black_friday",
            "num_policy": "quantile",
            "cat_policy": "ordinal",
            "y_policy": "standard"
        },
        "model": {
            "num_embeddings": null,
            "d_main": 265,
            "mixer_dropout": 0.38920071545944357,
            "d_multiplier": 2.0,
            "encoder_n_blocks": 0,
            "predictor_n_blocks": 1,
            "mixer_normalization": "auto",
            "dropout0": 0.38852797479169876,
            "dropout1": 0.0,
            "normalization": "LayerNorm",
            "activation": "ReLU"
        },
        "optimizer": {
            "type": "AdamW",
            "lr": 0.0003121273641315169,
            "weight_decay": 1.2260352006404615e-06
        }
    },
    "n_parameters": 641301,
    "prediction_type": null,
    "best_epoch": 34,
    "metrics": {
        "train": {
            "rmse": 0.35723973159586053,
            "mae": 0.26677003765855467,
            "r2": 0.6420702166067707,
            "score": -0.35723973159586053
        },
        "val": {
            "rmse": 0.3656550082435217,
            "mae": 0.2730274444159324,
            "r2": 0.625047708941469,
            "score": -0.3656550082435217
        },
        "test": {
            "rmse": 0.364235650577293,
            "mae": 0.27202055551135373,
            "r2": 0.6298944150524031,
            "score": -0.364235650577293
        }
    },
    "time": "0:02:46",
    "chunk_size": null,
    "eval_batch_size": 32768
}