{
    "function": "bin.ffn.main",
    "gpus": [
        "A100-SXM-80GB"
    ],
    "config": {
        "seed": 7,
        "batch_size": 32,
        "patience": 16,
        "n_epochs": Infinity,
        "data": {
            "seed": 0,
            "cache": true,
            "path": ":data/classif-num-medium-1-wine",
            "num_policy": "quantile",
            "cat_policy": null,
            "y_policy": null
        },
        "optimizer": {
            "type": "AdamW",
            "lr": 0.0006894500823967311,
            "weight_decay": 2.652050408099249e-06
        },
        "model": {
            "num_embeddings": null,
            "backbone": {
                "type": "MLP",
                "n_blocks": 4,
                "d_layer": 152,
                "dropout": 0.0,
                "activation": "ReLU"
            }
        }
    },
    "n_parameters": 71745,
    "prediction_type": "logits",
    "best_epoch": 45,
    "metrics": {
        "train": {
            "0": {
                "precision": 0.9844961240310077,
                "recall": 0.9910813823857302,
                "f1-score": 0.9877777777777779,
                "support": 897
            },
            "1": {
                "precision": 0.9909502262443439,
                "recall": 0.9842696629213483,
                "f1-score": 0.987598647125141,
                "support": 890
            },
            "accuracy": 0.9876888640179071,
            "macro avg": {
                "precision": 0.9877231751376758,
                "recall": 0.9876755226535392,
                "f1-score": 0.9876882124514594,
                "support": 1787
            },
            "weighted avg": {
                "precision": 0.9877105341988136,
                "recall": 0.9876888640179071,
                "f1-score": 0.9876885632949313,
                "support": 1787
            },
            "cross-entropy": 0.027953970475333344,
            "roc-auc": 0.99955532173412,
            "score": 0.9876888640179071
        },
        "val": {
            "0": {
                "precision": 0.7835820895522388,
                "recall": 0.8677685950413223,
                "f1-score": 0.8235294117647058,
                "support": 121
            },
            "1": {
                "precision": 0.8333333333333334,
                "recall": 0.7339449541284404,
                "f1-score": 0.7804878048780488,
                "support": 109
            },
            "accuracy": 0.8043478260869565,
            "macro avg": {
                "precision": 0.8084577114427861,
                "recall": 0.8008567745848814,
                "f1-score": 0.8020086083213773,
                "support": 230
            },
            "weighted avg": {
                "precision": 0.8071598529093663,
                "recall": 0.8043478260869565,
                "f1-score": 0.8031314328488554,
                "support": 230
            },
            "cross-entropy": 1.2461886471645587,
            "roc-auc": 0.8673136704829781,
            "score": 0.8043478260869565
        },
        "test": {
            "0": {
                "precision": 0.7403100775193798,
                "recall": 0.7374517374517374,
                "f1-score": 0.7388781431334622,
                "support": 259
            },
            "1": {
                "precision": 0.7562724014336918,
                "recall": 0.7589928057553957,
                "f1-score": 0.7576301615798924,
                "support": 278
            },
            "accuracy": 0.7486033519553073,
            "macro avg": {
                "precision": 0.7482912394765358,
                "recall": 0.7482222716035666,
                "f1-score": 0.7482541523566772,
                "support": 537
            },
            "weighted avg": {
                "precision": 0.748573626957329,
                "recall": 0.7486033519553073,
                "f1-score": 0.7485858919753758,
                "support": 537
            },
            "cross-entropy": 1.5425576381099126,
            "roc-auc": 0.8222618816143996,
            "score": 0.7486033519553073
        }
    },
    "time": "0:00:09",
    "chunk_size": null,
    "eval_batch_size": 32768
}
