{
    "function": "bin.catboost_.main",
    "gpus": [
        "NVIDIA GeForce RTX 2080 Ti",
        "NVIDIA GeForce RTX 2080 Ti"
    ],
    "config": {
        "seed": 12,
        "data": {
            "seed": 0,
            "num_policy": null,
            "cat_policy": null,
            "cache": true,
            "path": ":data/regression-num-medium-1-isolet",
            "y_policy": "standard"
        },
        "model": {
            "iterations": 4000,
            "early_stopping_rounds": 3999,
            "thread_count": 4,
            "task_type": "CPU",
            "od_pval": 0.001
        },
        "fit": {
            "logging_level": "Verbose"
        }
    },
    "prediction_type": null,
    "time": "0:03:56",
    "best_iteration": 3999,
    "metrics": {
        "train": {
            "rmse": 0.3168166505801924,
            "mae": 0.24548057453754227,
            "r2": 0.9982248475908697,
            "score": -0.3168166505801924
        },
        "val": {
            "rmse": 3.1176526591182037,
            "mae": 2.1483148330123805,
            "r2": 0.8237148686798778,
            "score": -3.1176526591182037
        },
        "test": {
            "rmse": 2.906792861217607,
            "mae": 1.9994270893426642,
            "r2": 0.8484603417962949,
            "score": -2.906792861217607
        }
    }
}
