{
    "function": "bin.lightgbm_.main",
    "gpus": [
        "GeForce RTX 2080 Ti",
        "GeForce RTX 2080 Ti"
    ],
    "config": {
        "seed": 10,
        "data": {
            "seed": 0,
            "num_policy": null,
            "cache": true,
            "path": ":data/classif-cat-medium-0-electricity",
            "cat_policy": "one-hot",
            "y_policy": null
        },
        "model": {
            "n_estimators": 4000,
            "n_jobs": 4,
            "feature_fraction": 0.8014140544051852,
            "lambda_l2": 0.0,
            "learning_rate": 0.022821094251220263,
            "num_leaves": 101,
            "min_sum_hessian_in_leaf": 0.32579272112190744,
            "bagging_fraction": 0.6405596089913167
        },
        "fit": {
            "early_stopping_rounds": 200,
            "verbose": true
        }
    },
    "prediction_type": "probs",
    "time": "0:00:03",
    "best_iteration": 719,
    "metrics": {
        "train": {
            "0": {
                "precision": 0.9980047885075818,
                "recall": 0.9982039513071244,
                "f1-score": 0.9981043599720643,
                "support": 5011
            },
            "1": {
                "precision": 0.998195669607057,
                "recall": 0.997995590298657,
                "f1-score": 0.9980956199258295,
                "support": 4989
            },
            "accuracy": 0.9981,
            "macro avg": {
                "precision": 0.9981002290573193,
                "recall": 0.9980997708028907,
                "f1-score": 0.9980999899489469,
                "support": 10000
            },
            "weighted avg": {
                "precision": 0.9981000190881099,
                "recall": 0.9981,
                "f1-score": 0.9980999995629977,
                "support": 10000
            },
            "cross-entropy": 0.06410312516621641,
            "roc-auc": 0.9999836799210108,
            "score": 0.9981
        },
        "val": {
            "0": {
                "precision": 0.8939250118652112,
                "recall": 0.8811695906432748,
                "f1-score": 0.8875014724938156,
                "support": 4275
            },
            "1": {
                "precision": 0.8826247689463955,
                "recall": 0.8952425591750645,
                "f1-score": 0.8888888888888888,
                "support": 4267
            },
            "accuracy": 0.8881994848981504,
            "macro avg": {
                "precision": 0.8882748904058033,
                "recall": 0.8882060749091696,
                "f1-score": 0.8881951806913522,
                "support": 8542
            },
            "weighted avg": {
                "precision": 0.8882801820203755,
                "recall": 0.8881994848981504,
                "f1-score": 0.8881945309997601,
                "support": 8542
            },
            "cross-entropy": 0.2724440619818996,
            "roc-auc": 0.9549505589612656,
            "score": 0.8881994848981504
        },
        "test": {
            "0": {
                "precision": 0.8930579695327676,
                "recall": 0.8778012260074365,
                "f1-score": 0.8853638759375634,
                "support": 9951
            },
            "1": {
                "precision": 0.880208846419072,
                "recall": 0.8952008816751829,
                "f1-score": 0.8876415656666005,
                "support": 9981
            },
            "accuracy": 0.8865141481035521,
            "macro avg": {
                "precision": 0.8866334079759198,
                "recall": 0.8865010538413096,
                "f1-score": 0.8865027208020819,
                "support": 19932
            },
            "weighted avg": {
                "precision": 0.8866237382565386,
                "recall": 0.8865141481035521,
                "f1-score": 0.8865044348973024,
                "support": 19932
            },
            "cross-entropy": 0.26880369333469395,
            "roc-auc": 0.9561997158484146,
            "score": 0.8865141481035521
        }
    }
}
