{
    "function": "bin.lightgbm_.main",
    "gpus": [
        "GeForce RTX 2080 Ti",
        "GeForce RTX 2080 Ti"
    ],
    "config": {
        "seed": 11,
        "data": {
            "seed": 0,
            "num_policy": null,
            "cache": true,
            "path": ":data/classif-cat-medium-0-rl",
            "cat_policy": "one-hot",
            "y_policy": null
        },
        "model": {
            "n_estimators": 4000,
            "n_jobs": 4,
            "feature_fraction": 0.8114708066325473,
            "lambda_l2": 3.0510891312664246,
            "learning_rate": 0.030644094728477515,
            "num_leaves": 422,
            "min_sum_hessian_in_leaf": 0.37670407050299126,
            "bagging_fraction": 0.86634871641919
        },
        "fit": {
            "early_stopping_rounds": 200,
            "verbose": true
        }
    },
    "prediction_type": "probs",
    "time": "0:00:01",
    "best_iteration": 390,
    "metrics": {
        "train": {
            "0": {
                "precision": 0.9908935685828116,
                "recall": 0.9852857951329937,
                "f1-score": 0.9880817253121452,
                "support": 1767
            },
            "1": {
                "precision": 0.9849012775842044,
                "recall": 0.9906542056074766,
                "f1-score": 0.9877693651718112,
                "support": 1712
            },
            "accuracy": 0.9879275653923542,
            "macro avg": {
                "precision": 0.987897423083508,
                "recall": 0.9879700003702352,
                "f1-score": 0.9879255452419782,
                "support": 3479
            },
            "weighted avg": {
                "precision": 0.9879447895688377,
                "recall": 0.9879275653923542,
                "f1-score": 0.9879280143146598,
                "support": 3479
            },
            "cross-entropy": 0.15052148091837336,
            "roc-auc": 0.9995114217560785,
            "score": 0.9879275653923542
        },
        "val": {
            "0": {
                "precision": 0.7757009345794392,
                "recall": 0.7757009345794392,
                "f1-score": 0.7757009345794392,
                "support": 214
            },
            "1": {
                "precision": 0.7931034482758621,
                "recall": 0.7931034482758621,
                "f1-score": 0.7931034482758621,
                "support": 232
            },
            "accuracy": 0.7847533632286996,
            "macro avg": {
                "precision": 0.7844021914276507,
                "recall": 0.7844021914276507,
                "f1-score": 0.7844021914276507,
                "support": 446
            },
            "weighted avg": {
                "precision": 0.7847533632286996,
                "recall": 0.7847533632286996,
                "f1-score": 0.7847533632286996,
                "support": 446
            },
            "cross-entropy": 0.4636333395395894,
            "roc-auc": 0.8595512407347728,
            "score": 0.7847533632286996
        },
        "test": {
            "0": {
                "precision": 0.7852631578947369,
                "recall": 0.7430278884462151,
                "f1-score": 0.7635619242579325,
                "support": 502
            },
            "1": {
                "precision": 0.7724867724867724,
                "recall": 0.8111111111111111,
                "f1-score": 0.7913279132791328,
                "support": 540
            },
            "accuracy": 0.7783109404990403,
            "macro avg": {
                "precision": 0.7788749651907547,
                "recall": 0.7770694997786631,
                "f1-score": 0.7774449187685326,
                "support": 1042
            },
            "weighted avg": {
                "precision": 0.7786419984702639,
                "recall": 0.7783109404990403,
                "f1-score": 0.7779512083955986,
                "support": 1042
            },
            "cross-entropy": 0.451887684540624,
            "roc-auc": 0.8678637302641287,
            "score": 0.7783109404990403
        }
    }
}
