{
    "function": "bin.xgboost_.main",
    "gpus": [
        "NVIDIA GeForce RTX 2080 Ti"
    ],
    "config": {
        "seed": 0,
        "neighbors": null,
        "data": {
            "seed": 0,
            "num_policy": null,
            "cache": true,
            "path": ":data/regression-num-medium-1-wine_quality",
            "cat_policy": null,
            "y_policy": "standard"
        },
        "model": {
            "booster": "gbtree",
            "n_estimators": 4000,
            "n_jobs": 1,
            "tree_method": "gpu_hist",
            "use_label_encoder": false
        },
        "fit": {
            "early_stopping_rounds": 3999,
            "verbose": true
        }
    },
    "prediction_type": null,
    "time": "0:00:05",
    "best_iteration": 284,
    "metrics": {
        "train": {
            "rmse": 0.061301151050795484,
            "mae": 0.03925526294316084,
            "r2": 0.9951428235084516,
            "score": -0.061301151050795484
        },
        "val": {
            "rmse": 0.6431719150364592,
            "mae": 0.447976528361238,
            "r2": 0.42850579087198404,
            "score": -0.6431719150364592
        },
        "test": {
            "rmse": 0.6381288092555589,
            "mae": 0.439710276452665,
            "r2": 0.44953456160114813,
            "score": -0.6381288092555589
        }
    }
}
