{
    "function": "bin.tabr_design.main",
    "gpus": [
        "GeForce RTX 2080 Ti"
    ],
    "config": {
        "seed": 12,
        "batch_size": 256,
        "patience": 16,
        "n_epochs": Infinity,
        "context_size": 96,
        "data": {
            "seed": 0,
            "cache": true,
            "path": ":data/churn",
            "num_policy": "quantile",
            "cat_policy": "ordinal",
            "y_policy": null
        },
        "model": {
            "num_embeddings": null,
            "d_main": 193,
            "context_dropout": 0.44468329935816236,
            "d_multiplier": 2.0,
            "encoder_n_blocks": 0,
            "predictor_n_blocks": 1,
            "mixer_normalization": "auto",
            "dropout0": 0.5017498605117442,
            "dropout1": 0.0,
            "normalization": "LayerNorm",
            "activation": "ReLU",
            "dot_product": false,
            "use_Q": true,
            "use_V": true,
            "use_labels": false,
            "use_T": false,
            "self_attention": true,
            "scale_similarities": true
        },
        "optimizer": {
            "type": "AdamW",
            "lr": 0.0005183659427000757,
            "weight_decay": 7.682062666652717e-06
        }
    },
    "n_parameters": 265569,
    "prediction_type": "logits",
    "best_epoch": 14,
    "metrics": {
        "train": {
            "0": {
                "precision": 0.8937465412285556,
                "recall": 0.95074568288854,
                "f1-score": 0.9213654083864219,
                "support": 5096
            },
            "1": {
                "precision": 0.7436159346271706,
                "recall": 0.558282208588957,
                "f1-score": 0.6377573368374946,
                "support": 1304
            },
            "accuracy": 0.87078125,
            "macro avg": {
                "precision": 0.8186812379278631,
                "recall": 0.7545139457387485,
                "f1-score": 0.7795613726119582,
                "support": 6400
            },
            "weighted avg": {
                "precision": 0.8631574301335234,
                "recall": 0.87078125,
                "f1-score": 0.863580263808328,
                "support": 6400
            },
            "cross-entropy": 0.31485490890875273,
            "roc-auc": 0.884472724908746,
            "score": 0.87078125
        },
        "val": {
            "0": {
                "precision": 0.8912564290962528,
                "recall": 0.9521193092621664,
                "f1-score": 0.9206831119544592,
                "support": 1274
            },
            "1": {
                "precision": 0.7447698744769874,
                "recall": 0.5460122699386503,
                "f1-score": 0.6300884955752212,
                "support": 326
            },
            "accuracy": 0.869375,
            "macro avg": {
                "precision": 0.81801315178662,
                "recall": 0.7490657896004083,
                "f1-score": 0.7753858037648402,
                "support": 1600
            },
            "weighted avg": {
                "precision": 0.8614097935925774,
                "recall": 0.869375,
                "f1-score": 0.8614744588671894,
                "support": 1600
            },
            "cross-entropy": 0.336961374982035,
            "roc-auc": 0.8647128506900635,
            "score": 0.869375
        },
        "test": {
            "0": {
                "precision": 0.8793204452255419,
                "recall": 0.9422473320778405,
                "f1-score": 0.9096969696969697,
                "support": 1593
            },
            "1": {
                "precision": 0.6860068259385665,
                "recall": 0.49385749385749383,
                "f1-score": 0.5742857142857143,
                "support": 407
            },
            "accuracy": 0.851,
            "macro avg": {
                "precision": 0.7826636355820542,
                "recall": 0.7180524129676672,
                "f1-score": 0.741991341991342,
                "support": 2000
            },
            "weighted avg": {
                "precision": 0.8399811237006424,
                "recall": 0.851,
                "f1-score": 0.8414407792207792,
                "support": 2000
            },
            "cross-entropy": 0.34700363082429175,
            "roc-auc": 0.8557154997832964,
            "score": 0.851
        }
    },
    "time": "0:00:06",
    "chunk_size": null,
    "eval_batch_size": 32768
}