{
    "function": "bin.tabr_design.main",
    "gpus": [
        "A100-SXM-80GB"
    ],
    "config": {
        "seed": 8,
        "batch_size": 256,
        "patience": 16,
        "n_epochs": Infinity,
        "context_size": 96,
        "data": {
            "seed": 0,
            "cache": true,
            "path": ":data/house",
            "num_policy": "quantile",
            "cat_policy": null,
            "y_policy": "standard"
        },
        "model": {
            "num_embeddings": null,
            "d_main": 377,
            "context_dropout": 0.5402021603105278,
            "d_multiplier": 2.0,
            "encoder_n_blocks": 0,
            "predictor_n_blocks": 1,
            "mixer_normalization": "auto",
            "dropout0": 0.5794160975269158,
            "dropout1": 0.0,
            "normalization": "LayerNorm",
            "activation": "ReLU",
            "dot_product": true,
            "use_Q": true,
            "use_V": true,
            "use_labels": false,
            "use_T": false,
            "self_attention": true,
            "scale_similarities": true
        },
        "optimizer": {
            "type": "AdamW",
            "lr": 6.54128569016479e-05,
            "weight_decay": 0.0
        }
    },
    "n_parameters": 1005460,
    "prediction_type": null,
    "best_epoch": 42,
    "metrics": {
        "train": {
            "rmse": 24837.383771157063,
            "mae": 13505.909911495284,
            "r2": 0.7728268252009844,
            "score": -24837.383771157063
        },
        "val": {
            "rmse": 29215.56337663082,
            "mae": 15073.686421387829,
            "r2": 0.7135722579638342,
            "score": -29215.56337663082
        },
        "test": {
            "rmse": 32658.016279420408,
            "mae": 15858.58336363919,
            "r2": 0.6305569651925458,
            "score": -32658.016279420408
        }
    },
    "time": "0:00:35",
    "chunk_size": null,
    "eval_batch_size": 32768
}