{
    "function": "bin.xgboost_.main",
    "gpus": [
        "NVIDIA GeForce RTX 2080 Ti"
    ],
    "config": {
        "seed": 0,
        "data": {
            "seed": 0,
            "num_policy": null,
            "cache": true,
            "path": ":data/classif-num-medium-0-wine",
            "cat_policy": null,
            "y_policy": null
        },
        "model": {
            "booster": "gbtree",
            "n_estimators": 4000,
            "n_jobs": 1,
            "tree_method": "gpu_hist",
            "use_label_encoder": false,
            "colsample_bytree": 0.7330423831334848,
            "gamma": 0.0025846479533646236,
            "lambda": 0.0,
            "learning_rate": 0.15899427316135586,
            "max_depth": 7,
            "min_child_weight": 0.00024238380348686855,
            "subsample": 0.5095372181750114
        },
        "fit": {
            "early_stopping_rounds": 200,
            "verbose": true
        },
        "neighbors": null
    },
    "prediction_type": "probs",
    "time": "0:00:01",
    "best_iteration": 67,
    "metrics": {
        "train": {
            "0": {
                "precision": 1.0,
                "recall": 0.9988839285714286,
                "f1-score": 0.9994416527079844,
                "support": 896
            },
            "1": {
                "precision": 0.9988789237668162,
                "recall": 1.0,
                "f1-score": 0.9994391475042064,
                "support": 891
            },
            "accuracy": 0.9994404029099049,
            "macro avg": {
                "precision": 0.9994394618834082,
                "recall": 0.9994419642857143,
                "f1-score": 0.9994404001060954,
                "support": 1787
            },
            "weighted avg": {
                "precision": 0.9994410302609027,
                "recall": 0.9994404029099049,
                "f1-score": 0.9994404036108572,
                "support": 1787
            },
            "cross-entropy": 0.053627493665852656,
            "roc-auc": 0.9999987473945807,
            "score": 0.9994404029099049
        },
        "val": {
            "0": {
                "precision": 0.8703703703703703,
                "recall": 0.8623853211009175,
                "f1-score": 0.8663594470046083,
                "support": 109
            },
            "1": {
                "precision": 0.8770491803278688,
                "recall": 0.8842975206611571,
                "f1-score": 0.8806584362139916,
                "support": 121
            },
            "accuracy": 0.8739130434782608,
            "macro avg": {
                "precision": 0.8737097753491196,
                "recall": 0.8733414208810373,
                "f1-score": 0.8735089416093,
                "support": 230
            },
            "weighted avg": {
                "precision": 0.8738840051740977,
                "recall": 0.8739130434782608,
                "f1-score": 0.87388195871911,
                "support": 230
            },
            "cross-entropy": 0.38539926269278585,
            "roc-auc": 0.9180377587383425,
            "score": 0.8739130434782608
        },
        "test": {
            "0": {
                "precision": 0.8771186440677966,
                "recall": 0.7610294117647058,
                "f1-score": 0.81496062992126,
                "support": 272
            },
            "1": {
                "precision": 0.7840531561461794,
                "recall": 0.8905660377358491,
                "f1-score": 0.833922261484099,
                "support": 265
            },
            "accuracy": 0.8249534450651769,
            "macro avg": {
                "precision": 0.830585900106988,
                "recall": 0.8257977247502775,
                "f1-score": 0.8244414457026794,
                "support": 537
            },
            "weighted avg": {
                "precision": 0.8311924721884139,
                "recall": 0.8249534450651769,
                "f1-score": 0.8243178596496628,
                "support": 537
            },
            "cross-entropy": 0.44059841855320525,
            "roc-auc": 0.8973501664816871,
            "score": 0.8249534450651769
        }
    }
}
