{
    "function": "bin.tabr.main",
    "gpus": [
        "NVIDIA A100-SXM4-80GB"
    ],
    "config": {
        "seed": 14,
        "batch_size": 64,
        "patience": 16,
        "n_epochs": Infinity,
        "context_size": 96,
        "data": {
            "seed": 0,
            "cache": true,
            "path": ":data/classif-cat-medium-1-rl",
            "num_policy": "quantile",
            "cat_policy": "ordinal",
            "y_policy": null
        },
        "model": {
            "num_embeddings": null,
            "d_main": 265,
            "mixer_dropout": 0.38920071545944357,
            "d_multiplier": 2.0,
            "encoder_n_blocks": 0,
            "predictor_n_blocks": 1,
            "mixer_normalization": "auto",
            "dropout0": 0.38852797479169876,
            "dropout1": 0.0,
            "normalization": "LayerNorm",
            "activation": "ReLU"
        },
        "optimizer": {
            "type": "AdamW",
            "lr": 0.0003121273641315169,
            "weight_decay": 1.2260352006404615e-06
        }
    },
    "n_parameters": 645276,
    "prediction_type": "logits",
    "best_epoch": 17,
    "metrics": {
        "train": {
            "0": {
                "precision": 0.8791593695271454,
                "recall": 0.8680115273775216,
                "f1-score": 0.8735498839907192,
                "support": 1735
            },
            "1": {
                "precision": 0.8703284258210645,
                "recall": 0.8813073394495413,
                "f1-score": 0.8757834757834758,
                "support": 1744
            },
            "accuracy": 0.8746766312158666,
            "macro avg": {
                "precision": 0.8747438976741049,
                "recall": 0.8746594334135315,
                "f1-score": 0.8746666798870975,
                "support": 3479
            },
            "weighted avg": {
                "precision": 0.874732475067989,
                "recall": 0.8746766312158666,
                "f1-score": 0.8746695689825467,
                "support": 3479
            },
            "cross-entropy": 0.307273299706877,
            "roc-auc": 0.941691563334479,
            "score": 0.8746766312158666
        },
        "val": {
            "0": {
                "precision": 0.8982300884955752,
                "recall": 0.871244635193133,
                "f1-score": 0.8845315904139432,
                "support": 233
            },
            "1": {
                "precision": 0.8642533936651584,
                "recall": 0.8925233644859814,
                "f1-score": 0.8781609195402299,
                "support": 214
            },
            "accuracy": 0.8814317673378076,
            "macro avg": {
                "precision": 0.8812417410803668,
                "recall": 0.8818839998395571,
                "f1-score": 0.8813462549770865,
                "support": 447
            },
            "weighted avg": {
                "precision": 0.8819638408586419,
                "recall": 0.8814317673378076,
                "f1-score": 0.8814816495482282,
                "support": 447
            },
            "cross-entropy": 0.34970638100223483,
            "roc-auc": 0.9256347519152861,
            "score": 0.8814317673378076
        },
        "test": {
            "0": {
                "precision": 0.8853118712273642,
                "recall": 0.851063829787234,
                "f1-score": 0.8678500986193295,
                "support": 517
            },
            "1": {
                "precision": 0.8592321755027422,
                "recall": 0.8918406072106262,
                "f1-score": 0.8752327746741154,
                "support": 527
            },
            "accuracy": 0.8716475095785441,
            "macro avg": {
                "precision": 0.8722720233650532,
                "recall": 0.8714522184989302,
                "f1-score": 0.8715414366467225,
                "support": 1044
            },
            "weighted avg": {
                "precision": 0.8721471206077513,
                "recall": 0.8716475095785441,
                "f1-score": 0.871576794290663,
                "support": 1044
            },
            "cross-entropy": 0.33966486863468776,
            "roc-auc": 0.929182005365945,
            "score": 0.8716475095785441
        }
    },
    "time": "0:00:36",
    "chunk_size": null,
    "eval_batch_size": 32768
}