{
    "function": "bin.tabr.main",
    "gpus": [
        "NVIDIA A100-SXM4-80GB"
    ],
    "config": {
        "seed": 6,
        "batch_size": 256,
        "patience": 16,
        "n_epochs": Infinity,
        "context_size": 96,
        "data": {
            "seed": 0,
            "cache": true,
            "path": ":data/regression-num-medium-0-fifa",
            "num_policy": "quantile",
            "cat_policy": null,
            "y_policy": "standard"
        },
        "model": {
            "num_embeddings": null,
            "d_main": 265,
            "mixer_dropout": 0.38920071545944357,
            "d_multiplier": 2.0,
            "encoder_n_blocks": 0,
            "predictor_n_blocks": 1,
            "mixer_normalization": "auto",
            "dropout0": 0.38852797479169876,
            "dropout1": 0.0,
            "normalization": "LayerNorm",
            "activation": "ReLU"
        },
        "optimizer": {
            "type": "AdamW",
            "lr": 0.0003121273641315169,
            "weight_decay": 1.2260352006404615e-06
        }
    },
    "n_parameters": 637061,
    "prediction_type": null,
    "best_epoch": 48,
    "metrics": {
        "train": {
            "rmse": 0.7408768378747177,
            "mae": 0.5392129458354802,
            "r2": 0.7025359150857469,
            "score": -0.7408768378747177
        },
        "val": {
            "rmse": 0.7597797109141814,
            "mae": 0.5574398652794201,
            "r2": 0.6927843203737364,
            "score": -0.7597797109141814
        },
        "test": {
            "rmse": 0.7979314334171085,
            "mae": 0.5785600242940241,
            "r2": 0.6552432873394074,
            "score": -0.7979314334171085
        }
    },
    "time": "0:00:53",
    "chunk_size": null,
    "eval_batch_size": 32768
}