{
    "function": "bin.ensemble.main",
    "config": {
        "seeds": [
            10,
            11,
            12,
            13,
            14
        ]
    },
    "single_model_function": "bin.ffn.main",
    "data": ":data/regression-num-medium-1-sulfur",
    "prediction_type": null,
    "metrics": {
        "train": {
            "rmse": 0.014894540309600864,
            "mae": 0.010383665245713991,
            "r2": 0.917941540462081,
            "score": -0.014894540309600864
        },
        "val": {
            "rmse": 0.02389800575254001,
            "mae": 0.012080640301477541,
            "r2": 0.8578687046955082,
            "score": -0.02389800575254001
        },
        "test": {
            "rmse": 0.022742187423525715,
            "mae": 0.011272202197204484,
            "r2": 0.8034268479445661,
            "score": -0.022742187423525715
        }
    }
}
