{
    "function": "bin.ft_transformer.main",
    "gpus": [
        "A100-SXM-80GB"
    ],
    "config": {
        "seed": 8,
        "batch_size": 256,
        "patience": 16,
        "n_epochs": Infinity,
        "data": {
            "seed": 0,
            "cache": true,
            "path": ":data/regression-num-medium-0-house_16H",
            "num_policy": "quantile",
            "cat_policy": null,
            "y_policy": "standard"
        },
        "optimizer": {
            "type": "AdamW",
            "lr": 9.093378361962144e-05,
            "weight_decay": 9.973186458301599e-06
        },
        "model": {
            "d_token": 312,
            "n_blocks": 2,
            "attention_dropout": 0.2678226923318967,
            "ffn_d_hidden_factor": 1.9289912940042095,
            "ffn_dropout": 0.38155851468658913,
            "residual_dropout": 0.0
        }
    },
    "n_parameters": 1922453,
    "prediction_type": null,
    "best_epoch": 47,
    "metrics": {
        "train": {
            "rmse": 0.4340528590534569,
            "mae": 0.2747373763597949,
            "r2": 0.757564104018668,
            "score": -0.4340528590534569
        },
        "val": {
            "rmse": 0.578335443796666,
            "mae": 0.29559989496437566,
            "r2": 0.5981506994124983,
            "score": -0.578335443796666
        },
        "test": {
            "rmse": 0.598543853389443,
            "mae": 0.30086061405388165,
            "r2": 0.5074621703805354,
            "score": -0.598543853389443
        }
    },
    "time": "0:00:29",
    "chunk_size": null,
    "eval_batch_size": 32768
}
