{
    "function": "bin.catboost_.main",
    "gpus": [
        "NVIDIA GeForce RTX 2080 Ti",
        "NVIDIA GeForce RTX 2080 Ti"
    ],
    "config": {
        "seed": 13,
        "data": {
            "seed": 0,
            "num_policy": null,
            "cat_policy": null,
            "cache": true,
            "path": ":data/classif-num-medium-2-phoneme",
            "y_policy": null
        },
        "model": {
            "iterations": 4000,
            "early_stopping_rounds": 3999,
            "thread_count": 4,
            "task_type": "CPU",
            "od_pval": 0.001
        },
        "fit": {
            "logging_level": "Verbose"
        }
    },
    "prediction_type": "probs",
    "time": "0:00:06",
    "best_iteration": 1387,
    "metrics": {
        "train": {
            "0": {
                "precision": 0.9849955869373345,
                "recall": 0.9780893952673094,
                "f1-score": 0.9815303430079155,
                "support": 1141
            },
            "1": {
                "precision": 0.9770009199632015,
                "recall": 0.9842446709916589,
                "f1-score": 0.9806094182825483,
                "support": 1079
            },
            "accuracy": 0.981081081081081,
            "macro avg": {
                "precision": 0.9809982534502679,
                "recall": 0.9811670331294842,
                "f1-score": 0.9810698806452319,
                "support": 2220
            },
            "weighted avg": {
                "precision": 0.9811098906917987,
                "recall": 0.981081081081081,
                "f1-score": 0.9810827404049104,
                "support": 2220
            },
            "cross-entropy": 0.10051311066381252,
            "roc-auc": 0.9987271948983827,
            "score": 0.981081081081081
        },
        "val": {
            "0": {
                "precision": 0.8623188405797102,
                "recall": 0.8686131386861314,
                "f1-score": 0.8654545454545454,
                "support": 137
            },
            "1": {
                "precision": 0.8775510204081632,
                "recall": 0.8716216216216216,
                "f1-score": 0.8745762711864407,
                "support": 148
            },
            "accuracy": 0.8701754385964913,
            "macro avg": {
                "precision": 0.8699349304939368,
                "recall": 0.8701173801538765,
                "f1-score": 0.870015408320493,
                "support": 285
            },
            "weighted avg": {
                "precision": 0.8702288848415033,
                "recall": 0.8701754385964913,
                "f1-score": 0.8701914416240909,
                "support": 285
            },
            "cross-entropy": 0.30254843744763416,
            "roc-auc": 0.9440718090353126,
            "score": 0.8701754385964913
        },
        "test": {
            "0": {
                "precision": 0.8959731543624161,
                "recall": 0.8668831168831169,
                "f1-score": 0.8811881188118812,
                "support": 308
            },
            "1": {
                "precision": 0.8888888888888888,
                "recall": 0.9136490250696379,
                "f1-score": 0.9010989010989011,
                "support": 359
            },
            "accuracy": 0.8920539730134932,
            "macro avg": {
                "precision": 0.8924310216256525,
                "recall": 0.8902660709763774,
                "f1-score": 0.8911435099553912,
                "support": 667
            },
            "weighted avg": {
                "precision": 0.8921601838901579,
                "recall": 0.8920539730134932,
                "f1-score": 0.89190471677446,
                "support": 667
            },
            "cross-entropy": 0.28110229586886465,
            "roc-auc": 0.9535234960026048,
            "score": 0.8920539730134932
        }
    }
}
