{
    "function": "bin.lightgbm_.main",
    "gpus": [
        "GeForce RTX 2080 Ti",
        "GeForce RTX 2080 Ti"
    ],
    "config": {
        "seed": 10,
        "data": {
            "seed": 0,
            "num_policy": null,
            "cache": true,
            "path": ":data/regression-num-medium-0-fifa",
            "cat_policy": null,
            "y_policy": "standard"
        },
        "model": {
            "n_estimators": 4000,
            "n_jobs": 4,
            "feature_fraction": 0.5599666926769694,
            "lambda_l2": 0.0,
            "learning_rate": 0.13311428483864832,
            "num_leaves": 7,
            "min_sum_hessian_in_leaf": 9.353508860748677,
            "bagging_fraction": 0.7371592836759507
        },
        "fit": {
            "early_stopping_rounds": 200,
            "verbose": true
        }
    },
    "prediction_type": null,
    "time": "0:00:00",
    "best_iteration": 809,
    "metrics": {
        "train": {
            "rmse": 0.6487920639586543,
            "mae": 0.4802297273895204,
            "r2": 0.7718851420769334,
            "score": -0.6487920639586543
        },
        "val": {
            "rmse": 0.7497215759363293,
            "mae": 0.5540868451256472,
            "r2": 0.7008644464620357,
            "score": -0.7497215759363293
        },
        "test": {
            "rmse": 0.7968411794026768,
            "mae": 0.5833432164391985,
            "r2": 0.6561847760556316,
            "score": -0.7968411794026768
        }
    }
}
