{
    "function": "bin.tabr.main",
    "gpus": [
        "A100-SXM-80GB"
    ],
    "config": {
        "seed": 12,
        "batch_size": 64,
        "patience": 16,
        "n_epochs": Infinity,
        "context_size": 96,
        "data": {
            "seed": 0,
            "cache": true,
            "path": ":data/regression-cat-medium-1-analcatdata_supreme",
            "num_policy": "quantile",
            "cat_policy": null,
            "y_policy": "standard"
        },
        "model": {
            "num_embeddings": null,
            "d_main": 200,
            "context_dropout": 0.02521464899388786,
            "d_multiplier": 2.0,
            "encoder_n_blocks": 0,
            "predictor_n_blocks": 1,
            "mixer_normalization": "auto",
            "dropout0": 0.5654008853818275,
            "dropout1": 0.0,
            "normalization": "LayerNorm",
            "activation": "ReLU"
        },
        "optimizer": {
            "type": "AdamW",
            "lr": 0.0005564391601914795,
            "weight_decay": 0.0
        }
    },
    "n_parameters": 364201,
    "prediction_type": null,
    "best_epoch": 19,
    "metrics": {
        "train": {
            "rmse": 0.07761805309236083,
            "mae": 0.027238393499218194,
            "r2": 0.9801296913998083,
            "score": -0.07761805309236083
        },
        "val": {
            "rmse": 0.05483305964651223,
            "mae": 0.02495780151106075,
            "r2": 0.9900253356355434,
            "score": -0.05483305964651223
        },
        "test": {
            "rmse": 0.08086121101315757,
            "mae": 0.02918641894187335,
            "r2": 0.9780291430929368,
            "score": -0.08086121101315757
        }
    },
    "time": "0:00:14",
    "chunk_size": null,
    "eval_batch_size": 32768
}