{
    "function": "bin.tabr.main",
    "gpus": [
        "A100-SXM-80GB"
    ],
    "config": {
        "seed": 5,
        "batch_size": 128,
        "patience": 16,
        "n_epochs": Infinity,
        "context_size": 96,
        "data": {
            "seed": 0,
            "cache": true,
            "path": ":data/regression-num-medium-1-cpu_act",
            "num_policy": "quantile",
            "cat_policy": null,
            "y_policy": "standard"
        },
        "model": {
            "d_main": 354,
            "context_dropout": 0.36568126632588704,
            "d_multiplier": 2.0,
            "encoder_n_blocks": 1,
            "predictor_n_blocks": 1,
            "mixer_normalization": "auto",
            "dropout0": 0.42300540796633684,
            "dropout1": 0.0,
            "normalization": "LayerNorm",
            "activation": "ReLU",
            "num_embeddings": {
                "type": "PLREmbeddings",
                "n_frequencies": 89,
                "frequency_scale": 0.028369399949505714,
                "d_embedding": 11,
                "lite": true
            }
        },
        "optimizer": {
            "type": "AdamW",
            "lr": 3.6148516902394856e-05,
            "weight_decay": 0.0
        }
    },
    "n_parameters": 1721447,
    "prediction_type": null,
    "best_epoch": 152,
    "metrics": {
        "train": {
            "rmse": 1.8313433513579256,
            "mae": 1.3433205602718203,
            "r2": 0.9895282523761718,
            "score": -1.8313433513579256
        },
        "val": {
            "rmse": 1.9409571352713515,
            "mae": 1.4102535420815343,
            "r2": 0.9915973953528993,
            "score": -1.9409571352713515
        },
        "test": {
            "rmse": 2.111803897793515,
            "mae": 1.5051583351899893,
            "r2": 0.9873224897343059,
            "score": -2.111803897793515
        }
    },
    "time": "0:01:43",
    "chunk_size": null,
    "eval_batch_size": 32768
}