{
    "function": "bin.xgboost_.main",
    "gpus": [
        "NVIDIA GeForce RTX 2080 Ti"
    ],
    "config": {
        "seed": 3,
        "data": {
            "seed": 0,
            "num_policy": null,
            "cache": true,
            "path": ":data/classif-cat-medium-0-rl",
            "cat_policy": "one-hot",
            "y_policy": null
        },
        "model": {
            "booster": "gbtree",
            "n_estimators": 4000,
            "n_jobs": 1,
            "tree_method": "gpu_hist",
            "use_label_encoder": false,
            "colsample_bytree": 0.5037803778274382,
            "gamma": 0,
            "lambda": 0.0,
            "learning_rate": 0.01658960923857003,
            "max_depth": 14,
            "min_child_weight": 0.005713615053352102,
            "subsample": 0.9255495967999804
        },
        "fit": {
            "early_stopping_rounds": 200,
            "verbose": true
        },
        "neighbors": null
    },
    "prediction_type": "probs",
    "time": "0:00:04",
    "best_iteration": 49,
    "metrics": {
        "train": {
            "0": {
                "precision": 1.0,
                "recall": 0.99830220713073,
                "f1-score": 0.9991503823279524,
                "support": 1767
            },
            "1": {
                "precision": 0.9982507288629737,
                "recall": 1.0,
                "f1-score": 0.9991245987744383,
                "support": 1712
            },
            "accuracy": 0.999137683242311,
            "macro avg": {
                "precision": 0.9991253644314868,
                "recall": 0.9991511035653651,
                "f1-score": 0.9991374905511954,
                "support": 3479
            },
            "weighted avg": {
                "precision": 0.9991391916681263,
                "recall": 0.999137683242311,
                "f1-score": 0.999137694359106,
                "support": 3479
            },
            "cross-entropy": 0.38091035103941956,
            "roc-auc": 0.9999986777314103,
            "score": 0.999137683242311
        },
        "val": {
            "0": {
                "precision": 0.8009259259259259,
                "recall": 0.8084112149532711,
                "f1-score": 0.8046511627906977,
                "support": 214
            },
            "1": {
                "precision": 0.8217391304347826,
                "recall": 0.8146551724137931,
                "f1-score": 0.8181818181818183,
                "support": 232
            },
            "accuracy": 0.8116591928251121,
            "macro avg": {
                "precision": 0.8113325281803543,
                "recall": 0.8115331936835322,
                "f1-score": 0.811416490486258,
                "support": 446
            },
            "weighted avg": {
                "precision": 0.8117525255807573,
                "recall": 0.8116591928251121,
                "f1-score": 0.811689530617469,
                "support": 446
            },
            "cross-entropy": 0.5618714925271506,
            "roc-auc": 0.8705285207863358,
            "score": 0.8116591928251121
        },
        "test": {
            "0": {
                "precision": 0.7675350701402806,
                "recall": 0.7629482071713147,
                "f1-score": 0.7652347652347652,
                "support": 502
            },
            "1": {
                "precision": 0.7808471454880295,
                "recall": 0.7851851851851852,
                "f1-score": 0.7830101569713759,
                "support": 540
            },
            "accuracy": 0.77447216890595,
            "macro avg": {
                "precision": 0.774191107814155,
                "recall": 0.77406669617825,
                "f1-score": 0.7741224611030706,
                "support": 1042
            },
            "weighted avg": {
                "precision": 0.7744338423934326,
                "recall": 0.77447216890595,
                "f1-score": 0.7744465805301296,
                "support": 1042
            },
            "cross-entropy": 0.5633993876236937,
            "roc-auc": 0.8621440165264866,
            "score": 0.77447216890595
        }
    }
}
