{
    "function": "bin.ensemble.main",
    "config": {
        "seeds": [
            0,
            1,
            2,
            3,
            4
        ]
    },
    "single_model_function": "bin.ffn.main",
    "data": ":data/regression-cat-medium-4-Mercedes_Benz_Greener_Manufacturing",
    "prediction_type": null,
    "metrics": {
        "train": {
            "rmse": 8.011821501605759,
            "mae": 5.043520507624123,
            "r2": 0.6083502909480134,
            "score": -8.011821501605759
        },
        "val": {
            "rmse": 8.060562634300975,
            "mae": 5.506186149347911,
            "r2": 0.5761340332424705,
            "score": -8.060562634300975
        },
        "test": {
            "rmse": 8.117579183873321,
            "mae": 5.459196503189503,
            "r2": 0.5701489624411298,
            "score": -8.117579183873321
        }
    }
}
