{
    "function": "bin.ensemble.main",
    "config": {
        "seeds": [
            10,
            11,
            12,
            13,
            14
        ]
    },
    "single_model_function": "bin.lightgbm_.main",
    "data": ":data/regression-num-medium-2-sulfur",
    "prediction_type": null,
    "metrics": {
        "train": {
            "rmse": 0.004090623788420222,
            "mae": 0.0028409976730779077,
            "r2": 0.9937503329304653,
            "score": -0.004090623788420222
        },
        "val": {
            "rmse": 0.019999777353899763,
            "mae": 0.01030552178819958,
            "r2": 0.842689593327923,
            "score": -0.019999777353899763
        },
        "test": {
            "rmse": 0.019262468312495284,
            "mae": 0.00973208653558794,
            "r2": 0.8893474484826437,
            "score": -0.019262468312495284
        }
    }
}
