{
    "function": "bin.xgboost_.main",
    "gpus": [
        "NVIDIA GeForce RTX 2080 Ti"
    ],
    "config": {
        "seed": 11,
        "data": {
            "seed": 0,
            "num_policy": null,
            "cache": true,
            "path": ":data/classif-num-medium-1-kdd_ipums_la_97-small",
            "cat_policy": null,
            "y_policy": null
        },
        "model": {
            "booster": "gbtree",
            "n_estimators": 4000,
            "n_jobs": 1,
            "tree_method": "gpu_hist",
            "use_label_encoder": false,
            "colsample_bytree": 0.9003852832866783,
            "gamma": 0.003064419374514074,
            "lambda": 1.6010271625583408,
            "learning_rate": 0.18918825787401214,
            "max_depth": 3,
            "min_child_weight": 8.534121100077254,
            "subsample": 0.8944598414260984
        },
        "fit": {
            "early_stopping_rounds": 200,
            "verbose": true
        },
        "neighbors": null
    },
    "prediction_type": "probs",
    "time": "0:00:00",
    "best_iteration": 83,
    "metrics": {
        "train": {
            "0": {
                "precision": 0.9525277435265105,
                "recall": 0.8592880978865406,
                "f1-score": 0.9035087719298246,
                "support": 1798
            },
            "1": {
                "precision": 0.874066699850672,
                "recall": 0.9579923622476814,
                "f1-score": 0.9141072358146799,
                "support": 1833
            },
            "accuracy": 0.90911594602038,
            "macro avg": {
                "precision": 0.9132972216885913,
                "recall": 0.908640230067111,
                "f1-score": 0.9088080038722522,
                "support": 3631
            },
            "weighted avg": {
                "precision": 0.9129190701423705,
                "recall": 0.90911594602038,
                "f1-score": 0.9088590843233635,
                "support": 3631
            },
            "cross-entropy": 0.21522474688085144,
            "roc-auc": 0.9692264302883667,
            "score": 0.90911594602038
        },
        "val": {
            "0": {
                "precision": 0.9406392694063926,
                "recall": 0.8917748917748918,
                "f1-score": 0.9155555555555557,
                "support": 231
            },
            "1": {
                "precision": 0.8991935483870968,
                "recall": 0.9449152542372882,
                "f1-score": 0.921487603305785,
                "support": 236
            },
            "accuracy": 0.9186295503211992,
            "macro avg": {
                "precision": 0.9199164088967446,
                "recall": 0.91834507300609,
                "f1-score": 0.9185215794306704,
                "support": 467
            },
            "weighted avg": {
                "precision": 0.9196945367285472,
                "recall": 0.9186295503211992,
                "f1-score": 0.9185533355749436,
                "support": 467
            },
            "cross-entropy": 0.23810016589736246,
            "roc-auc": 0.9545637977841368,
            "score": 0.9186295503211992
        },
        "test": {
            "0": {
                "precision": 0.9155722326454033,
                "recall": 0.863716814159292,
                "f1-score": 0.888888888888889,
                "support": 565
            },
            "1": {
                "precision": 0.8617594254937163,
                "recall": 0.9142857142857143,
                "f1-score": 0.88724584103512,
                "support": 525
            },
            "accuracy": 0.8880733944954129,
            "macro avg": {
                "precision": 0.8886658290695598,
                "recall": 0.8890012642225031,
                "f1-score": 0.8880673649620046,
                "support": 1090
            },
            "weighted avg": {
                "precision": 0.8896532200264715,
                "recall": 0.8880733944954129,
                "f1-score": 0.8880975126290461,
                "support": 1090
            },
            "cross-entropy": 0.2601533731043176,
            "roc-auc": 0.949559207753898,
            "score": 0.8880733944954129
        }
    }
}
