{
    "function": "bin.lightgbm_.main",
    "gpus": [
        "GeForce RTX 2080 Ti",
        "GeForce RTX 2080 Ti"
    ],
    "config": {
        "seed": 5,
        "data": {
            "seed": 0,
            "num_policy": null,
            "cache": true,
            "path": ":data/classif-num-medium-3-phoneme",
            "cat_policy": null,
            "y_policy": null
        },
        "model": {
            "n_estimators": 4000,
            "n_jobs": 4,
            "feature_fraction": 0.7379489787936686,
            "lambda_l2": 0.0,
            "learning_rate": 0.1849569711629218,
            "num_leaves": 354,
            "min_sum_hessian_in_leaf": 1.3138897366433948,
            "bagging_fraction": 0.7266267789261626
        },
        "fit": {
            "early_stopping_rounds": 200,
            "verbose": true
        }
    },
    "prediction_type": "probs",
    "time": "0:00:00",
    "best_iteration": 18,
    "metrics": {
        "train": {
            "0": {
                "precision": 0.978494623655914,
                "recall": 0.9545454545454546,
                "f1-score": 0.9663716814159292,
                "support": 1144
            },
            "1": {
                "precision": 0.9528985507246377,
                "recall": 0.9776951672862454,
                "f1-score": 0.9651376146788991,
                "support": 1076
            },
            "accuracy": 0.9657657657657658,
            "macro avg": {
                "precision": 0.9656965871902758,
                "recall": 0.96612031091585,
                "f1-score": 0.9657546480474142,
                "support": 2220
            },
            "weighted avg": {
                "precision": 0.9660885991180523,
                "recall": 0.9657657657657658,
                "f1-score": 0.9657735481686119,
                "support": 2220
            },
            "cross-entropy": 0.16094244268538585,
            "roc-auc": 0.9959189857540228,
            "score": 0.9657657657657658
        },
        "val": {
            "0": {
                "precision": 0.8778625954198473,
                "recall": 0.8712121212121212,
                "f1-score": 0.8745247148288973,
                "support": 132
            },
            "1": {
                "precision": 0.8896103896103896,
                "recall": 0.8954248366013072,
                "f1-score": 0.8925081433224756,
                "support": 153
            },
            "accuracy": 0.8842105263157894,
            "macro avg": {
                "precision": 0.8837364925151185,
                "recall": 0.8833184789067142,
                "f1-score": 0.8835164290756865,
                "support": 285
            },
            "weighted avg": {
                "precision": 0.8841693059852963,
                "recall": 0.8842105263157894,
                "f1-score": 0.8841789764412393,
                "support": 285
            },
            "cross-entropy": 0.3132393296962389,
            "roc-auc": 0.9429590017825312,
            "score": 0.8842105263157894
        },
        "test": {
            "0": {
                "precision": 0.8698630136986302,
                "recall": 0.8193548387096774,
                "f1-score": 0.8438538205980065,
                "support": 310
            },
            "1": {
                "precision": 0.8506666666666667,
                "recall": 0.8935574229691877,
                "f1-score": 0.871584699453552,
                "support": 357
            },
            "accuracy": 0.8590704647676162,
            "macro avg": {
                "precision": 0.8602648401826485,
                "recall": 0.8564561308394325,
                "f1-score": 0.8577192600257793,
                "support": 667
            },
            "weighted avg": {
                "precision": 0.859588507116305,
                "recall": 0.8590704647676162,
                "f1-score": 0.8586962849929538,
                "support": 667
            },
            "cross-entropy": 0.33987700447866376,
            "roc-auc": 0.9287340742748711,
            "score": 0.8590704647676162
        }
    }
}
