{
    "function": "bin.tabr.main",
    "gpus": [
        "A100-SXM-80GB"
    ],
    "config": {
        "seed": 7,
        "batch_size": 128,
        "patience": 16,
        "n_epochs": Infinity,
        "context_size": 96,
        "data": {
            "seed": 0,
            "cache": true,
            "path": ":data/regression-num-medium-2-wine_quality",
            "num_policy": "quantile",
            "cat_policy": null,
            "y_policy": "standard"
        },
        "model": {
            "d_main": 336,
            "context_dropout": 0.35712948264059763,
            "d_multiplier": 2.0,
            "encoder_n_blocks": 1,
            "predictor_n_blocks": 1,
            "mixer_normalization": "auto",
            "dropout0": 0.14123634233348772,
            "dropout1": 0.0,
            "normalization": "LayerNorm",
            "activation": "ReLU",
            "num_embeddings": {
                "type": "PLREmbeddings",
                "n_frequencies": 82,
                "frequency_scale": 0.3883447350545141,
                "d_embedding": 46,
                "lite": true
            }
        },
        "optimizer": {
            "type": "AdamW",
            "lr": 0.0006081826374109212,
            "weight_decay": 0.0
        }
    },
    "n_parameters": 1652541,
    "prediction_type": null,
    "best_epoch": 13,
    "metrics": {
        "train": {
            "rmse": 0.4677965813987807,
            "mae": 0.33682085964201036,
            "r2": 0.7159764898638865,
            "score": -0.4677965813987807
        },
        "val": {
            "rmse": 0.6147357459562043,
            "mae": 0.44943132713480693,
            "r2": 0.4939590886606081,
            "score": -0.6147357459562043
        },
        "test": {
            "rmse": 0.6521723575936141,
            "mae": 0.45729347073569926,
            "r2": 0.4254604011612694,
            "score": -0.6521723575936141
        }
    },
    "time": "0:00:13",
    "chunk_size": null,
    "eval_batch_size": 32768
}