{
    "function": "bin.ffn.main",
    "gpus": [
        "A100-SXM4-40GB"
    ],
    "config": {
        "seed": 11,
        "batch_size": 256,
        "patience": 16,
        "n_epochs": Infinity,
        "data": {
            "seed": 0,
            "cache": true,
            "path": ":data/regression-cat-medium-0-Brazilian_houses",
            "num_policy": "quantile",
            "cat_policy": "ordinal",
            "y_policy": "standard"
        },
        "optimizer": {
            "type": "AdamW",
            "lr": 0.00020162795239661439,
            "weight_decay": 4.969411441284496e-06
        },
        "model": {
            "num_embeddings": null,
            "backbone": {
                "type": "MLP",
                "n_blocks": 6,
                "d_layer": 986,
                "dropout": 0.0,
                "activation": "ReLU"
            }
        }
    },
    "n_parameters": 4882673,
    "prediction_type": null,
    "best_epoch": 25,
    "metrics": {
        "train": {
            "rmse": 0.04036058108703818,
            "mae": 0.018976289449334716,
            "r2": 0.9974696739111466,
            "score": -0.04036058108703818
        },
        "val": {
            "rmse": 0.0852765472748709,
            "mae": 0.02364585480825021,
            "r2": 0.9887310731061436,
            "score": -0.0852765472748709
        },
        "test": {
            "rmse": 0.03164953755578265,
            "mae": 0.02009880359730487,
            "r2": 0.9983611227210513,
            "score": -0.03164953755578265
        }
    },
    "time": "0:00:06",
    "chunk_size": null,
    "eval_batch_size": 32768
}
