{
    "function": "bin.ensemble.main",
    "config": {
        "seeds": [
            5,
            6,
            7,
            8,
            9
        ]
    },
    "single_model_function": "bin.ffn.main",
    "data": ":data/regression-cat-medium-0-OnlineNewsPopularity",
    "prediction_type": null,
    "metrics": {
        "train": {
            "rmse": 0.8176399383523694,
            "mae": 0.601029115655102,
            "r2": 0.2278049648647943,
            "score": -0.8176399383523694
        },
        "val": {
            "rmse": 0.8447233138166763,
            "mae": 0.6243404974716675,
            "r2": 0.15375788335092422,
            "score": -0.8447233138166763
        },
        "test": {
            "rmse": 0.8608643680549465,
            "mae": 0.6311498574240808,
            "r2": 0.15069015533398555,
            "score": -0.8608643680549465
        }
    }
}
