{
    "function": "bin.catboost_.main",
    "gpus": [
        "NVIDIA GeForce RTX 2080 Ti",
        "NVIDIA GeForce RTX 2080 Ti"
    ],
    "config": {
        "seed": 11,
        "data": {
            "seed": 0,
            "num_policy": null,
            "cat_policy": null,
            "cache": true,
            "path": ":data/classif-num-medium-4-phoneme",
            "y_policy": null
        },
        "model": {
            "iterations": 4000,
            "early_stopping_rounds": 3999,
            "thread_count": 4,
            "task_type": "CPU",
            "od_pval": 0.001
        },
        "fit": {
            "logging_level": "Verbose"
        }
    },
    "prediction_type": "probs",
    "time": "0:00:06",
    "best_iteration": 1449,
    "metrics": {
        "train": {
            "0": {
                "precision": 0.9926940639269406,
                "recall": 0.9801623083859333,
                "f1-score": 0.9863883847549909,
                "support": 1109
            },
            "1": {
                "precision": 0.9804444444444445,
                "recall": 0.9927992799279928,
                "f1-score": 0.9865831842576028,
                "support": 1111
            },
            "accuracy": 0.9864864864864865,
            "macro avg": {
                "precision": 0.9865692541856925,
                "recall": 0.9864807941569631,
                "f1-score": 0.9864857845062969,
                "support": 2220
            },
            "weighted avg": {
                "precision": 0.9865637363390787,
                "recall": 0.9864864864864865,
                "f1-score": 0.9864858722538206,
                "support": 2220
            },
            "cross-entropy": 0.09619096043787033,
            "roc-auc": 0.9994075151428579,
            "score": 0.9864864864864865
        },
        "val": {
            "0": {
                "precision": 0.9428571428571428,
                "recall": 0.8859060402684564,
                "f1-score": 0.9134948096885813,
                "support": 149
            },
            "1": {
                "precision": 0.8827586206896552,
                "recall": 0.9411764705882353,
                "f1-score": 0.9110320284697508,
                "support": 136
            },
            "accuracy": 0.9122807017543859,
            "macro avg": {
                "precision": 0.912807881773399,
                "recall": 0.9135412554283459,
                "f1-score": 0.9122634190791661,
                "support": 285
            },
            "weighted avg": {
                "precision": 0.914178549822833,
                "recall": 0.9122807017543859,
                "f1-score": 0.9123195877736308,
                "support": 285
            },
            "cross-entropy": 0.2443343729258415,
            "roc-auc": 0.9623963679431504,
            "score": 0.9122807017543859
        },
        "test": {
            "0": {
                "precision": 0.9035369774919614,
                "recall": 0.8567073170731707,
                "f1-score": 0.8794992175273865,
                "support": 328
            },
            "1": {
                "precision": 0.8679775280898876,
                "recall": 0.911504424778761,
                "f1-score": 0.8892086330935252,
                "support": 339
            },
            "accuracy": 0.8845577211394303,
            "macro avg": {
                "precision": 0.8857572527909245,
                "recall": 0.8841058709259659,
                "f1-score": 0.8843539253104558,
                "support": 667
            },
            "weighted avg": {
                "precision": 0.8854640339427814,
                "recall": 0.8845577211394303,
                "f1-score": 0.8844339879575529,
                "support": 667
            },
            "cross-entropy": 0.2780253878781906,
            "roc-auc": 0.9535398230088495,
            "score": 0.8845577211394303
        }
    }
}
