{
    "function": "bin.tabr_design.main",
    "gpus": [
        "NVIDIA A100-SXM4-80GB"
    ],
    "config": {
        "seed": 3,
        "batch_size": 1024,
        "patience": 16,
        "n_epochs": Infinity,
        "context_size": 96,
        "data": {
            "seed": 0,
            "cache": true,
            "path": ":data/covtype",
            "num_policy": "quantile",
            "cat_policy": null,
            "y_policy": null
        },
        "model": {
            "num_embeddings": null,
            "d_main": 251,
            "context_dropout": 0.0735570743076957,
            "d_multiplier": 2.0,
            "encoder_n_blocks": 0,
            "predictor_n_blocks": 1,
            "mixer_normalization": "auto",
            "dropout0": 0.173212495496676,
            "dropout1": 0.0,
            "normalization": "LayerNorm",
            "activation": "ReLU",
            "dot_product": true,
            "use_Q": true,
            "use_V": true,
            "use_labels": false,
            "use_T": false,
            "self_attention": true,
            "scale_similarities": true
        },
        "optimizer": {
            "type": "AdamW",
            "lr": 0.0003673683311734016,
            "weight_decay": 0.0
        }
    },
    "n_parameters": 459086,
    "prediction_type": "logits",
    "best_epoch": 195,
    "metrics": {
        "train": {
            "0": {
                "precision": 0.9753021544929059,
                "recall": 0.9719571021847202,
                "f1-score": 0.9736267552301333,
                "support": 135578
            },
            "1": {
                "precision": 0.9793189025230938,
                "recall": 0.9793891193081539,
                "f1-score": 0.97935400965704,
                "support": 181312
            },
            "2": {
                "precision": 0.9871738557498023,
                "recall": 0.9821693907875185,
                "f1-score": 0.9846652646337188,
                "support": 22882
            },
            "3": {
                "precision": 0.9704209328782708,
                "recall": 0.9698692438885731,
                "f1-score": 0.9701450099516633,
                "support": 1759
            },
            "4": {
                "precision": 0.9144250432593991,
                "recall": 0.9568724279835391,
                "f1-score": 0.9351673101673103,
                "support": 6075
            },
            "5": {
                "precision": 0.9715487161134473,
                "recall": 0.9769680611785875,
                "f1-score": 0.9742508523237036,
                "support": 11115
            },
            "6": {
                "precision": 0.9630739270466632,
                "recall": 0.9795825079993905,
                "f1-score": 0.9712580730445292,
                "support": 13126
            },
            "accuracy": 0.9763720024633787,
            "macro avg": {
                "precision": 0.9658947902947974,
                "recall": 0.9738296933329262,
                "f1-score": 0.9697810392868712,
                "support": 371847
            },
            "weighted avg": {
                "precision": 0.9764297451051712,
                "recall": 0.9763720024633787,
                "f1-score": 0.9763888674024769,
                "support": 371847
            },
            "cross-entropy": 0.05938766467292554,
            "score": 0.9763720024633787
        },
        "val": {
            "0": {
                "precision": 0.9588377723970944,
                "recall": 0.9580456718003186,
                "f1-score": 0.9584415584415585,
                "support": 33894
            },
            "1": {
                "precision": 0.966306027820711,
                "recall": 0.9654959406989058,
                "f1-score": 0.9659008144077336,
                "support": 45328
            },
            "2": {
                "precision": 0.9652448657187994,
                "recall": 0.9611955951756685,
                "f1-score": 0.9632159747766685,
                "support": 5721
            },
            "3": {
                "precision": 0.9076212471131639,
                "recall": 0.8952164009111617,
                "f1-score": 0.9013761467889908,
                "support": 439
            },
            "4": {
                "precision": 0.8616473616473617,
                "recall": 0.8815009874917709,
                "f1-score": 0.8714611129189717,
                "support": 1519
            },
            "5": {
                "precision": 0.9345961401000715,
                "recall": 0.9409859661748831,
                "f1-score": 0.9377801685493993,
                "support": 2779
            },
            "6": {
                "precision": 0.9470517448856799,
                "recall": 0.9591712370505789,
                "f1-score": 0.9530729639721466,
                "support": 3282
            },
            "accuracy": 0.9598545642305458,
            "macro avg": {
                "precision": 0.9344721656689831,
                "recall": 0.9373731141861839,
                "f1-score": 0.9358926771222098,
                "support": 92962
            },
            "weighted avg": {
                "precision": 0.959902837001565,
                "recall": 0.9598545642305458,
                "f1-score": 0.9598745616930457,
                "support": 92962
            },
            "cross-entropy": 0.10742556963907797,
            "score": 0.9598545642305458
        },
        "test": {
            "0": {
                "precision": 0.9598937457012072,
                "recall": 0.9552492447129909,
                "f1-score": 0.9575658634110562,
                "support": 42368
            },
            "1": {
                "precision": 0.9642932675361298,
                "recall": 0.9656377402446127,
                "f1-score": 0.9649650355816968,
                "support": 56661
            },
            "2": {
                "precision": 0.9628283957518167,
                "recall": 0.96350160816669,
                "f1-score": 0.9631648843223597,
                "support": 7151
            },
            "3": {
                "precision": 0.9089219330855018,
                "recall": 0.8907103825136612,
                "f1-score": 0.8997240110395583,
                "support": 549
            },
            "4": {
                "precision": 0.8578732106339468,
                "recall": 0.8836229594523434,
                "f1-score": 0.8705577172503243,
                "support": 1899
            },
            "5": {
                "precision": 0.9345767575322812,
                "recall": 0.9378059314713504,
                "f1-score": 0.9361885599310147,
                "support": 3473
            },
            "6": {
                "precision": 0.948859543817527,
                "recall": 0.9634324719648951,
                "f1-score": 0.9560904802225717,
                "support": 4102
            },
            "accuracy": 0.9591146528058656,
            "macro avg": {
                "precision": 0.93389240772263,
                "recall": 0.9371371912180777,
                "f1-score": 0.9354652216797973,
                "support": 116203
            },
            "weighted avg": {
                "precision": 0.9591653503236712,
                "recall": 0.9591146528058656,
                "f1-score": 0.9591321228842271,
                "support": 116203
            },
            "cross-entropy": 0.1085800259382674,
            "score": 0.9591146528058656
        }
    },
    "time": "1:11:06",
    "chunk_size": null,
    "eval_batch_size": 32768
}