{
    "function": "bin.tabr.main",
    "gpus": [
        "NVIDIA A100-SXM4-80GB"
    ],
    "config": {
        "seed": 11,
        "batch_size": 64,
        "patience": 16,
        "n_epochs": Infinity,
        "context_size": 96,
        "data": {
            "seed": 0,
            "cache": true,
            "path": ":data/regression-cat-medium-0-Mercedes_Benz_Greener_Manufacturing",
            "num_policy": null,
            "cat_policy": "ordinal",
            "y_policy": "standard"
        },
        "model": {
            "num_embeddings": null,
            "d_main": 265,
            "mixer_dropout": 0.38920071545944357,
            "d_multiplier": 2.0,
            "encoder_n_blocks": 0,
            "predictor_n_blocks": 1,
            "mixer_normalization": "auto",
            "dropout0": 0.38852797479169876,
            "dropout1": 0.0,
            "normalization": "LayerNorm",
            "activation": "ReLU"
        },
        "optimizer": {
            "type": "AdamW",
            "lr": 0.0003121273641315169,
            "weight_decay": 1.2260352006404615e-06
        }
    },
    "n_parameters": 736171,
    "prediction_type": null,
    "best_epoch": 0,
    "metrics": {
        "train": {
            "rmse": 7.929244682884455,
            "mae": 5.495762214965396,
            "r2": 0.594319312683933,
            "score": -7.929244682884455
        },
        "val": {
            "rmse": 8.298584048530683,
            "mae": 5.889238415570105,
            "r2": 0.5571327851681294,
            "score": -8.298584048530683
        },
        "test": {
            "rmse": 9.936658804817302,
            "mae": 5.860708215150225,
            "r2": 0.4568687318190612,
            "score": -9.936658804817302
        }
    },
    "time": "0:00:14",
    "chunk_size": null,
    "eval_batch_size": 32768
}