{
    "function": "bin.ensemble.main",
    "config": {
        "seeds": [
            10,
            11,
            12,
            13,
            14
        ]
    },
    "single_model_function": "bin.lightgbm_.main",
    "data": ":data/house",
    "prediction_type": null,
    "metrics": {
        "train": {
            "rmse": 12792.026914626496,
            "mae": 7906.404815563265,
            "r2": 0.939740701494644,
            "score": -12792.026914626496
        },
        "val": {
            "rmse": 30330.123084828778,
            "mae": 15613.116190839493,
            "r2": 0.6913012354217871,
            "score": -30330.123084828778
        },
        "test": {
            "rmse": 31627.823308098246,
            "mae": 15484.50843988661,
            "r2": 0.6534974236932607,
            "score": -31627.823308098246
        }
    }
}
