{
    "function": "bin.catboost_.main",
    "gpus": [
        "NVIDIA GeForce RTX 2080 Ti",
        "NVIDIA GeForce RTX 2080 Ti"
    ],
    "config": {
        "seed": 1,
        "data": {
            "seed": 0,
            "num_policy": null,
            "cat_policy": null,
            "cache": true,
            "path": ":data/regression-num-medium-0-Ailerons",
            "y_policy": "standard"
        },
        "model": {
            "iterations": 4000,
            "early_stopping_rounds": 3999,
            "thread_count": 4,
            "task_type": "CPU",
            "od_pval": 0.001
        },
        "fit": {
            "logging_level": "Verbose"
        }
    },
    "prediction_type": null,
    "time": "0:00:09",
    "best_iteration": 1418,
    "metrics": {
        "train": {
            "rmse": 0.00012018213874841824,
            "mae": 9.013631281129427e-05,
            "r2": 0.91513636017891,
            "score": -0.00012018213874841824
        },
        "val": {
            "rmse": 0.00014888658981604676,
            "mae": 0.00010815801494738226,
            "r2": 0.8500884371892751,
            "score": -0.00014888658981604676
        },
        "test": {
            "rmse": 0.00015311989322006414,
            "mae": 0.00010931875923655851,
            "r2": 0.8543424583732049,
            "score": -0.00015311989322006414
        }
    }
}
