{
    "function": "bin.catboost_.main",
    "gpus": [
        "GeForce RTX 2080 Ti",
        "GeForce RTX 2080 Ti"
    ],
    "config": {
        "seed": 10,
        "data": {
            "seed": 0,
            "num_policy": null,
            "cat_policy": null,
            "cache": true,
            "path": ":data/regression-cat-medium-3-analcatdata_supreme",
            "y_policy": "standard"
        },
        "model": {
            "iterations": 4000,
            "early_stopping_rounds": 200,
            "od_pval": 0.001,
            "bagging_temperature": 0.6075545197627729,
            "depth": 14,
            "l2_leaf_reg": 2.165482287441899,
            "leaf_estimation_iterations": 10,
            "learning_rate": 0.22011703124660228,
            "task_type": "CPU",
            "thread_count": 4
        },
        "fit": {
            "logging_level": "Verbose"
        }
    },
    "prediction_type": null,
    "time": "0:00:13",
    "best_iteration": 19,
    "metrics": {
        "train": {
            "rmse": 0.04832375662491827,
            "mae": 0.014186959573188098,
            "r2": 0.9923753001741227,
            "score": -0.04832375662491827
        },
        "val": {
            "rmse": 0.07914586961322108,
            "mae": 0.019428886696922276,
            "r2": 0.9789522106335057,
            "score": -0.07914586961322108
        },
        "test": {
            "rmse": 0.07092076867152818,
            "mae": 0.017866986717285205,
            "r2": 0.9825787939625179,
            "score": -0.07092076867152818
        }
    }
}
