{
    "function": "bin.tabr.main",
    "gpus": [
        "A100-SXM-80GB"
    ],
    "config": {
        "seed": 4,
        "batch_size": 256,
        "patience": 16,
        "n_epochs": Infinity,
        "context_size": 96,
        "data": {
            "seed": 0,
            "cache": true,
            "path": ":data/adult",
            "num_policy": "quantile",
            "cat_policy": "ordinal",
            "y_policy": null
        },
        "model": {
            "num_embeddings": null,
            "d_main": 265,
            "mixer_dropout": 0.38920071545944357,
            "d_multiplier": 2.0,
            "encoder_n_blocks": 0,
            "predictor_n_blocks": 1,
            "mixer_normalization": "auto",
            "dropout0": 0.38852797479169876,
            "dropout1": 0.0,
            "normalization": "LayerNorm",
            "activation": "ReLU"
        },
        "optimizer": {
            "type": "AdamW",
            "lr": 0.0003121273641315169,
            "weight_decay": 1.2260352006404615e-06
        }
    },
    "n_parameters": 664091,
    "prediction_type": "logits",
    "best_epoch": 20,
    "metrics": {
        "train": {
            "0": {
                "precision": 0.8998302207130731,
                "recall": 0.9380530973451328,
                "f1-score": 0.9185441941074525,
                "support": 19775
            },
            "1": {
                "precision": 0.77452604454261,
                "recall": 0.6708114139964929,
                "f1-score": 0.7189475482658465,
                "support": 6273
            },
            "accuracy": 0.8736947174447175,
            "macro avg": {
                "precision": 0.8371781326278416,
                "recall": 0.8044322556708128,
                "f1-score": 0.8187458711866495,
                "support": 26048
            },
            "weighted avg": {
                "precision": 0.8696538886677216,
                "recall": 0.8736947174447175,
                "f1-score": 0.870476405434065,
                "support": 26048
            },
            "cross-entropy": 0.27375130885453913,
            "roc-auc": 0.9324352617512938,
            "score": 0.8736947174447175
        },
        "val": {
            "0": {
                "precision": 0.8901162790697674,
                "recall": 0.9288169868554095,
                "f1-score": 0.9090549233052945,
                "support": 4945
            },
            "1": {
                "precision": 0.7398373983739838,
                "recall": 0.6383928571428571,
                "f1-score": 0.6853817185895241,
                "support": 1568
            },
            "accuracy": 0.8588975894365116,
            "macro avg": {
                "precision": 0.8149768387218757,
                "recall": 0.7836049219991332,
                "f1-score": 0.7972183209474093,
                "support": 6513
            },
            "weighted avg": {
                "precision": 0.8539367481422396,
                "recall": 0.8588975894365116,
                "f1-score": 0.855205762397214,
                "support": 6513
            },
            "cross-entropy": 0.3072721066903135,
            "roc-auc": 0.9141408168424094,
            "score": 0.8588975894365116
        },
        "test": {
            "0": {
                "precision": 0.8860322333077514,
                "recall": 0.9284278246883796,
                "f1-score": 0.9067347339485569,
                "support": 12435
            },
            "1": {
                "precision": 0.7262380805905875,
                "recall": 0.6138845553822153,
                "f1-score": 0.6653515569959138,
                "support": 3846
            },
            "accuracy": 0.8541244395307414,
            "macro avg": {
                "precision": 0.8061351569491695,
                "recall": 0.7711561900352975,
                "f1-score": 0.7860431454722353,
                "support": 16281
            },
            "weighted avg": {
                "precision": 0.8482846556804428,
                "recall": 0.8541244395307414,
                "f1-score": 0.8497136849614022,
                "support": 16281
            },
            "cross-entropy": 0.31281353174681825,
            "roc-auc": 0.9083121049007623,
            "score": 0.8541244395307414
        }
    },
    "time": "0:00:55",
    "chunk_size": null,
    "eval_batch_size": 32768
}