{
    "function": "bin.ensemble.main",
    "config": {
        "seeds": [
            10,
            11,
            12,
            13,
            14
        ]
    },
    "single_model_function": "bin.tabr.main",
    "data": ":data/regression-cat-medium-2-yprop_4_1",
    "prediction_type": null,
    "metrics": {
        "train": {
            "rmse": 0.027461699049407907,
            "mae": 0.018052397061655512,
            "r2": 0.18761332197663827,
            "score": -0.027461699049407907
        },
        "val": {
            "rmse": 0.026021187857012944,
            "mae": 0.018334183371060075,
            "r2": 0.10903300331877641,
            "score": -0.026021187857012944
        },
        "test": {
            "rmse": 0.026613037689290173,
            "mae": 0.019034280653176694,
            "r2": 0.10890704310076027,
            "score": -0.026613037689290173
        }
    }
}