{
    "function": "bin.ffn.main",
    "gpus": [
        "A100-SXM4-40GB"
    ],
    "config": {
        "seed": 13,
        "batch_size": 512,
        "patience": 16,
        "n_epochs": Infinity,
        "data": {
            "seed": 0,
            "cache": true,
            "path": ":data/diamond",
            "num_policy": "quantile",
            "cat_policy": "ordinal",
            "y_policy": "standard"
        },
        "optimizer": {
            "type": "AdamW",
            "lr": 0.0005906725011430279,
            "weight_decay": 5.283603270439839e-05
        },
        "model": {
            "backbone": {
                "type": "MLP",
                "n_blocks": 2,
                "d_layer": 265,
                "dropout": 0.4613789509236359,
                "activation": "ReLU"
            },
            "num_embeddings": {
                "type": "LREmbeddings",
                "d_embedding": 69
            }
        }
    },
    "n_parameters": 186859,
    "prediction_type": null,
    "best_epoch": 64,
    "metrics": {
        "train": {
            "rmse": 0.13044053578064407,
            "mae": 0.07380954576188889,
            "r2": 0.9829049332856501,
            "score": -0.13044053578064407
        },
        "val": {
            "rmse": 0.13488039870670313,
            "mae": 0.07575532709406728,
            "r2": 0.9822288741668465,
            "score": -0.13488039870670313
        },
        "test": {
            "rmse": 0.13812465294071508,
            "mae": 0.07549332887935828,
            "r2": 0.9808449689335325,
            "score": -0.13812465294071508
        }
    },
    "time": "0:00:13",
    "chunk_size": null,
    "eval_batch_size": 32768
}
