{
    "function": "bin.lightgbm_.main",
    "gpus": [
        "NVIDIA GeForce RTX 2080 Ti",
        "NVIDIA GeForce RTX 2080 Ti"
    ],
    "config": {
        "seed": 0,
        "data": {
            "seed": 0,
            "num_policy": null,
            "cache": true,
            "path": ":data/classif-num-medium-1-credit",
            "cat_policy": null,
            "y_policy": null
        },
        "model": {
            "n_estimators": 4000,
            "n_jobs": 4
        },
        "fit": {
            "early_stopping_rounds": 3999,
            "verbose": true
        }
    },
    "prediction_type": "probs",
    "time": "0:00:03",
    "best_iteration": 36,
    "metrics": {
        "train": {
            "0": {
                "precision": 0.7985404263491453,
                "recall": 0.824672748909163,
                "f1-score": 0.8113962337789051,
                "support": 5042
            },
            "1": {
                "precision": 0.8155643646985187,
                "recall": 0.7884227511093183,
                "f1-score": 0.8017639216490616,
                "support": 4958
            },
            "accuracy": 0.8067,
            "macro avg": {
                "precision": 0.807052395523832,
                "recall": 0.8065477500092406,
                "f1-score": 0.8065800777139833,
                "support": 10000
            },
            "weighted avg": {
                "precision": 0.8069808949827646,
                "recall": 0.8067,
                "f1-score": 0.8066205334249287,
                "support": 10000
            },
            "cross-entropy": 0.42627580933004083,
            "roc-auc": 0.8890206092941917,
            "score": 0.8067
        },
        "val": {
            "0": {
                "precision": 0.7613526570048309,
                "recall": 0.7778874629812438,
                "f1-score": 0.76953125,
                "support": 1013
            },
            "1": {
                "precision": 0.7701736465781409,
                "recall": 0.7532467532467533,
                "f1-score": 0.7616161616161616,
                "support": 1001
            },
            "accuracy": 0.7656405163853028,
            "macro avg": {
                "precision": 0.7657631517914859,
                "recall": 0.7655671081139985,
                "f1-score": 0.7655737058080808,
                "support": 2014
            },
            "weighted avg": {
                "precision": 0.7657368727758752,
                "recall": 0.7656405163853028,
                "f1-score": 0.7655972860118062,
                "support": 2014
            },
            "cross-entropy": 0.48741625692063595,
            "roc-auc": 0.8443688591763616,
            "score": 0.7656405163853028
        },
        "test": {
            "0": {
                "precision": 0.7606226335717291,
                "recall": 0.7854039965247611,
                "f1-score": 0.7728147039965805,
                "support": 2302
            },
            "1": {
                "precision": 0.787343951786483,
                "recall": 0.762718932443703,
                "f1-score": 0.7748358398644355,
                "support": 2398
            },
            "accuracy": 0.7738297872340425,
            "macro avg": {
                "precision": 0.773983292679106,
                "recall": 0.7740614644842321,
                "f1-score": 0.773825271930508,
                "support": 4700
            },
            "weighted avg": {
                "precision": 0.7742561912481079,
                "recall": 0.7738297872340425,
                "f1-score": 0.7738459133180946,
                "support": 4700
            },
            "cross-entropy": 0.48010820480384775,
            "roc-auc": 0.8511692338460446,
            "score": 0.7738297872340425
        }
    }
}
