{
    "function": "bin.tabr.main",
    "gpus": [
        "A100-SXM-80GB"
    ],
    "config": {
        "seed": 8,
        "batch_size": 32,
        "patience": 16,
        "n_epochs": Infinity,
        "context_size": 96,
        "data": {
            "seed": 0,
            "cache": true,
            "path": ":data/classif-num-medium-0-wine",
            "num_policy": "quantile",
            "cat_policy": null,
            "y_policy": null
        },
        "model": {
            "d_main": 275,
            "context_dropout": 0.14677781692988215,
            "d_multiplier": 2.0,
            "encoder_n_blocks": 1,
            "predictor_n_blocks": 2,
            "mixer_normalization": "auto",
            "dropout0": 0.403394340763764,
            "dropout1": 0.0,
            "normalization": "LayerNorm",
            "activation": "ReLU",
            "num_embeddings": {
                "type": "PLREmbeddings",
                "n_frequencies": 70,
                "frequency_scale": 0.015120510107790554,
                "d_embedding": 39,
                "lite": true
            }
        },
        "optimizer": {
            "type": "AdamW",
            "lr": 0.0002846597822435591,
            "weight_decay": 0.0
        }
    },
    "n_parameters": 1416470,
    "prediction_type": "logits",
    "best_epoch": 6,
    "metrics": {
        "train": {
            "0": {
                "precision": 0.8729351969504447,
                "recall": 0.7667410714285714,
                "f1-score": 0.8163992869875223,
                "support": 896
            },
            "1": {
                "precision": 0.791,
                "recall": 0.8877665544332211,
                "f1-score": 0.8365943945002644,
                "support": 891
            },
            "accuracy": 0.8270844991606043,
            "macro avg": {
                "precision": 0.8319675984752224,
                "recall": 0.8272538129308962,
                "f1-score": 0.8264968407438933,
                "support": 1787
            },
            "weighted avg": {
                "precision": 0.8320822252196971,
                "recall": 0.8270844991606043,
                "f1-score": 0.8264685879353976,
                "support": 1787
            },
            "cross-entropy": 0.3941297636589769,
            "roc-auc": 0.9059318382235049,
            "score": 0.8270844991606043
        },
        "val": {
            "0": {
                "precision": 0.87,
                "recall": 0.7981651376146789,
                "f1-score": 0.8325358851674641,
                "support": 109
            },
            "1": {
                "precision": 0.8307692307692308,
                "recall": 0.8925619834710744,
                "f1-score": 0.8605577689243028,
                "support": 121
            },
            "accuracy": 0.8478260869565217,
            "macro avg": {
                "precision": 0.8503846153846154,
                "recall": 0.8453635605428766,
                "f1-score": 0.8465468270458835,
                "support": 230
            },
            "weighted avg": {
                "precision": 0.8493612040133779,
                "recall": 0.8478260869565217,
                "f1-score": 0.8472778327091053,
                "support": 230
            },
            "cross-entropy": 0.3646345777413596,
            "roc-auc": 0.9207673060884071,
            "score": 0.8478260869565217
        },
        "test": {
            "0": {
                "precision": 0.8794642857142857,
                "recall": 0.7242647058823529,
                "f1-score": 0.7943548387096774,
                "support": 272
            },
            "1": {
                "precision": 0.7603833865814696,
                "recall": 0.8981132075471698,
                "f1-score": 0.8235294117647058,
                "support": 265
            },
            "accuracy": 0.8100558659217877,
            "macro avg": {
                "precision": 0.8199238361478777,
                "recall": 0.8111889567147614,
                "f1-score": 0.8089421252371916,
                "support": 537
            },
            "weighted avg": {
                "precision": 0.8206999686375701,
                "recall": 0.8100558659217877,
                "f1-score": 0.808751974388602,
                "support": 537
            },
            "cross-entropy": 0.4199973607714037,
            "roc-auc": 0.8920643729189789,
            "score": 0.8100558659217877
        }
    },
    "time": "0:00:16",
    "chunk_size": null,
    "eval_batch_size": 32768
}