{
    "function": "bin.xgboost_.main",
    "gpus": [
        "GeForce RTX 2080 Ti"
    ],
    "config": {
        "seed": 8,
        "data": {
            "seed": 0,
            "num_policy": null,
            "cache": true,
            "path": ":data/california",
            "cat_policy": null,
            "y_policy": "standard"
        },
        "neighbors": {
            "k": 96,
            "path": ":data/_exp/neighbors/california/raw"
        },
        "model": {
            "booster": "gbtree",
            "n_estimators": 4000,
            "n_jobs": 1,
            "tree_method": "gpu_hist",
            "use_label_encoder": false,
            "colsample_bytree": 0.9153944746567633,
            "gamma": 0,
            "lambda": 0.5770003476973133,
            "learning_rate": 0.02468201917831418,
            "max_depth": 6,
            "min_child_weight": 0.07033833150392538,
            "subsample": 0.7901799840686652
        },
        "fit": {
            "early_stopping_rounds": 200,
            "verbose": true
        }
    },
    "prediction_type": null,
    "time": "0:00:04",
    "best_iteration": 2090,
    "metrics": {
        "train": {
            "rmse": 0.15748494921701048,
            "mae": 0.11618090265750691,
            "r2": 0.9815871814761237,
            "score": -0.15748494921701048
        },
        "val": {
            "rmse": 0.4452550781230628,
            "mae": 0.28985556115114797,
            "r2": 0.8479509890563849,
            "score": -0.4452550781230628
        },
        "test": {
            "rmse": 0.43835205285064077,
            "mae": 0.28895467465365066,
            "r2": 0.8526386702871738,
            "score": -0.43835205285064077
        }
    }
}
