{
    "function": "bin.xgboost_.main",
    "gpus": [
        "NVIDIA GeForce RTX 2080 Ti"
    ],
    "config": {
        "seed": 8,
        "data": {
            "seed": 0,
            "num_policy": null,
            "cache": true,
            "path": ":data/classif-num-medium-2-kdd_ipums_la_97-small",
            "cat_policy": null,
            "y_policy": null
        },
        "model": {
            "booster": "gbtree",
            "n_estimators": 4000,
            "n_jobs": 1,
            "tree_method": "gpu_hist",
            "use_label_encoder": false,
            "colsample_bytree": 0.6183146621700311,
            "gamma": 0.0016327716456804341,
            "lambda": 2.628636543948648,
            "learning_rate": 0.00406694407178845,
            "max_depth": 14,
            "min_child_weight": 0.3037620757479569,
            "subsample": 0.9882607455825189
        },
        "fit": {
            "early_stopping_rounds": 200,
            "verbose": true
        },
        "neighbors": null
    },
    "prediction_type": "probs",
    "time": "0:00:01",
    "best_iteration": 17,
    "metrics": {
        "train": {
            "0": {
                "precision": 0.9828850855745721,
                "recall": 0.8928373126041088,
                "f1-score": 0.9356997381437301,
                "support": 1801
            },
            "1": {
                "precision": 0.9032581453634085,
                "recall": 0.9846994535519126,
                "f1-score": 0.9422222222222223,
                "support": 1830
            },
            "accuracy": 0.9391352244560727,
            "macro avg": {
                "precision": 0.9430716154689903,
                "recall": 0.9387683830780107,
                "f1-score": 0.9389609801829761,
                "support": 3631
            },
            "weighted avg": {
                "precision": 0.9427536340222644,
                "recall": 0.9391352244560727,
                "f1-score": 0.9389870270073052,
                "support": 3631
            },
            "cross-entropy": 0.6452904093599433,
            "roc-auc": 0.9685217380750827,
            "score": 0.9391352244560727
        },
        "val": {
            "0": {
                "precision": 0.9644670050761421,
                "recall": 0.8333333333333334,
                "f1-score": 0.8941176470588235,
                "support": 228
            },
            "1": {
                "precision": 0.8592592592592593,
                "recall": 0.9707112970711297,
                "f1-score": 0.9115913555992141,
                "support": 239
            },
            "accuracy": 0.9036402569593148,
            "macro avg": {
                "precision": 0.9118631321677007,
                "recall": 0.9020223152022315,
                "f1-score": 0.9028545013290188,
                "support": 467
            },
            "weighted avg": {
                "precision": 0.9106240687801358,
                "recall": 0.9036402569593148,
                "f1-score": 0.9030602944702867,
                "support": 467
            },
            "cross-entropy": 0.6474855828430198,
            "roc-auc": 0.9575992806283491,
            "score": 0.9036402569593148
        },
        "test": {
            "0": {
                "precision": 0.9567010309278351,
                "recall": 0.8212389380530973,
                "f1-score": 0.8838095238095239,
                "support": 565
            },
            "1": {
                "precision": 0.8330578512396695,
                "recall": 0.96,
                "f1-score": 0.8920353982300884,
                "support": 525
            },
            "accuracy": 0.8880733944954129,
            "macro avg": {
                "precision": 0.8948794410837523,
                "recall": 0.8906194690265486,
                "f1-score": 0.8879224610198062,
                "support": 1090
            },
            "weighted avg": {
                "precision": 0.8971481232798655,
                "recall": 0.8880733944954129,
                "f1-score": 0.8877715275441994,
                "support": 1090
            },
            "cross-entropy": 0.64917151136544,
            "roc-auc": 0.939976401179941,
            "score": 0.8880733944954129
        }
    }
}
