{
    "function": "bin.tabr.main",
    "gpus": [
        "A100-SXM-80GB"
    ],
    "config": {
        "seed": 1,
        "batch_size": 256,
        "patience": 16,
        "n_epochs": Infinity,
        "context_size": 96,
        "data": {
            "seed": 0,
            "cache": true,
            "path": ":data/classif-num-large-0-MiniBooNE",
            "num_policy": "quantile",
            "cat_policy": null,
            "y_policy": null
        },
        "model": {
            "num_embeddings": null,
            "d_main": 188,
            "context_dropout": 0.5979125332789801,
            "d_multiplier": 2.0,
            "encoder_n_blocks": 0,
            "predictor_n_blocks": 1,
            "mixer_normalization": "auto",
            "dropout0": 0.5300794738713952,
            "dropout1": 0.0,
            "normalization": "LayerNorm",
            "activation": "ReLU"
        },
        "optimizer": {
            "type": "AdamW",
            "lr": 7.220907241029254e-05,
            "weight_decay": 0.0
        }
    },
    "n_parameters": 330129,
    "prediction_type": "logits",
    "best_epoch": 34,
    "metrics": {
        "train": {
            "0": {
                "precision": 0.9699702150230528,
                "recall": 0.9464150642939607,
                "f1-score": 0.95804787619892,
                "support": 25119
            },
            "1": {
                "precision": 0.9471970499391942,
                "recall": 0.970419195369961,
                "f1-score": 0.9586675136980862,
                "support": 24881
            },
            "accuracy": 0.95836,
            "macro avg": {
                "precision": 0.9585836324811234,
                "recall": 0.9584171298319608,
                "f1-score": 0.9583576949485031,
                "support": 50000
            },
            "weighted avg": {
                "precision": 0.958637832614023,
                "recall": 0.95836,
                "f1-score": 0.9583562202112551,
                "support": 50000
            },
            "cross-entropy": 0.11249899890378053,
            "roc-auc": 0.9910366385117407,
            "score": 0.95836
        },
        "val": {
            "0": {
                "precision": 0.9665983006152945,
                "recall": 0.9377487208641273,
                "f1-score": 0.9519549848506709,
                "support": 3518
            },
            "1": {
                "precision": 0.9371772805507745,
                "recall": 0.966282165039929,
                "f1-score": 0.9515072083879423,
                "support": 3381
            },
            "accuracy": 0.9517321350920424,
            "macro avg": {
                "precision": 0.9518877905830345,
                "recall": 0.9520154429520282,
                "f1-score": 0.9517310966193067,
                "support": 6899
            },
            "weighted avg": {
                "precision": 0.9521799111620198,
                "recall": 0.9517321350920424,
                "f1-score": 0.9517355425807065,
                "support": 6899
            },
            "cross-entropy": 0.1347744188560032,
            "roc-auc": 0.9873977225168438,
            "score": 0.9517321350920424
        },
        "test": {
            "0": {
                "precision": 0.958441896821261,
                "recall": 0.9357669804121089,
                "f1-score": 0.9469687218432231,
                "support": 7862
            },
            "1": {
                "precision": 0.9400451145672564,
                "recall": 0.9612723078790822,
                "f1-score": 0.9505402160864347,
                "support": 8237
            },
            "accuracy": 0.9488166966892354,
            "macro avg": {
                "precision": 0.9492435056942587,
                "recall": 0.9485196441455956,
                "f1-score": 0.9487544689648288,
                "support": 16099
            },
            "weighted avg": {
                "precision": 0.9490292441455521,
                "recall": 0.9488166966892354,
                "f1-score": 0.9487960650372932,
                "support": 16099
            },
            "cross-entropy": 0.14225426787036505,
            "roc-auc": 0.9864550638862741,
            "score": 0.9488166966892354
        }
    },
    "time": "0:02:06",
    "chunk_size": null,
    "eval_batch_size": 32768
}