{
    "function": "bin.lightgbm_.main",
    "gpus": [
        "GeForce RTX 2080 Ti",
        "GeForce RTX 2080 Ti"
    ],
    "config": {
        "seed": 9,
        "data": {
            "seed": 0,
            "num_policy": null,
            "cache": true,
            "path": ":data/regression-cat-medium-1-Bike_Sharing_Demand",
            "cat_policy": "one-hot",
            "y_policy": "standard"
        },
        "model": {
            "n_estimators": 4000,
            "n_jobs": 4,
            "feature_fraction": 0.9017932996177045,
            "lambda_l2": 0.0,
            "learning_rate": 0.008803460243848765,
            "num_leaves": 56,
            "min_sum_hessian_in_leaf": 0.07610270802274642,
            "bagging_fraction": 0.5608602720049225
        },
        "fit": {
            "early_stopping_rounds": 200,
            "verbose": true
        }
    },
    "prediction_type": null,
    "time": "0:00:07",
    "best_iteration": 2812,
    "metrics": {
        "train": {
            "rmse": 26.924435929427794,
            "mae": 17.714517167718355,
            "r2": 0.9781001157402264,
            "score": -26.924435929427794
        },
        "val": {
            "rmse": 43.928306028262355,
            "mae": 27.334567705808606,
            "r2": 0.9401851807940924,
            "score": -43.928306028262355
        },
        "test": {
            "rmse": 42.312530309866794,
            "mae": 26.99047467882843,
            "r2": 0.945384707910205,
            "score": -42.312530309866794
        }
    }
}
