{
    "function": "bin.tabr.main",
    "gpus": [
        "A100-SXM4-40GB"
    ],
    "config": {
        "seed": 4,
        "batch_size": 256,
        "patience": 16,
        "n_epochs": Infinity,
        "context_size": 96,
        "data": {
            "seed": 0,
            "cache": true,
            "path": ":data/classif-num-medium-0-credit",
            "num_policy": "quantile",
            "cat_policy": null,
            "y_policy": null
        },
        "model": {
            "num_embeddings": null,
            "d_main": 192,
            "context_dropout": 0.39031512502137305,
            "d_multiplier": 2.0,
            "encoder_n_blocks": 0,
            "predictor_n_blocks": 1,
            "mixer_normalization": "auto",
            "dropout0": 0.4408085841583972,
            "dropout1": 0.0,
            "normalization": "LayerNorm",
            "activation": "ReLU"
        },
        "optimizer": {
            "type": "AdamW",
            "lr": 0.00017823786944316954,
            "weight_decay": 1.6890838302308978e-05
        }
    },
    "n_parameters": 336385,
    "prediction_type": "logits",
    "best_epoch": 11,
    "metrics": {
        "train": {
            "0": {
                "precision": 0.7716165413533834,
                "recall": 0.815779014308426,
                "f1-score": 0.7930834621329211,
                "support": 5032
            },
            "1": {
                "precision": 0.801923076923077,
                "recall": 0.7554347826086957,
                "f1-score": 0.7779850746268657,
                "support": 4968
            },
            "accuracy": 0.7858,
            "macro avg": {
                "precision": 0.7867698091382302,
                "recall": 0.7856068984585609,
                "f1-score": 0.7855342683798934,
                "support": 10000
            },
            "weighted avg": {
                "precision": 0.7866728282244072,
                "recall": 0.7858,
                "f1-score": 0.7855825832199128,
                "support": 10000
            },
            "cross-entropy": 0.4604007151424428,
            "roc-auc": 0.8637719200978472,
            "score": 0.7858
        },
        "val": {
            "0": {
                "precision": 0.7735490009514748,
                "recall": 0.8195564516129032,
                "f1-score": 0.7958883994126285,
                "support": 992
            },
            "1": {
                "precision": 0.814122533748702,
                "recall": 0.7671232876712328,
                "f1-score": 0.7899244332493705,
                "support": 1022
            },
            "accuracy": 0.7929493545183715,
            "macro avg": {
                "precision": 0.7938357673500884,
                "recall": 0.793339869642068,
                "f1-score": 0.7929064163309995,
                "support": 2014
            },
            "weighted avg": {
                "precision": 0.7941379535427191,
                "recall": 0.7929493545183715,
                "f1-score": 0.7928619975164767,
                "support": 2014
            },
            "cross-entropy": 0.4639101821231742,
            "roc-auc": 0.8623498753235275,
            "score": 0.7929493545183715
        },
        "test": {
            "0": {
                "precision": 0.7534081796311147,
                "recall": 0.8054007715387913,
                "f1-score": 0.7785373938263933,
                "support": 2333
            },
            "1": {
                "precision": 0.7941976427923844,
                "recall": 0.7401774397972116,
                "f1-score": 0.7662366061666303,
                "support": 2367
            },
            "accuracy": 0.7725531914893617,
            "macro avg": {
                "precision": 0.7738029112117495,
                "recall": 0.7727891056680014,
                "f1-score": 0.7723869999965118,
                "support": 4700
            },
            "weighted avg": {
                "precision": 0.7739504475678648,
                "recall": 0.7725531914893617,
                "f1-score": 0.7723425077858276,
                "support": 4700
            },
            "cross-entropy": 0.48245521582045414,
            "roc-auc": 0.8503789514743281,
            "score": 0.7725531914893617
        }
    },
    "time": "0:00:12",
    "chunk_size": null,
    "eval_batch_size": 32768
}