{
    "function": "bin.ensemble.main",
    "config": {
        "seeds": [
            5,
            6,
            7,
            8,
            9
        ]
    },
    "single_model_function": "bin.xgboost_.main",
    "data": ":data/regression-cat-medium-0-analcatdata_supreme",
    "prediction_type": null,
    "metrics": {
        "train": {
            "rmse": 0.05412825880347485,
            "mae": 0.012231609396219034,
            "r2": 0.9899020496283752,
            "score": -0.05412825880347485
        },
        "val": {
            "rmse": 0.0348300150075301,
            "mae": 0.009831030478491987,
            "r2": 0.9960384282049216,
            "score": -0.0348300150075301
        },
        "test": {
            "rmse": 0.07656588811321059,
            "mae": 0.018972871471563346,
            "r2": 0.9826159395904256,
            "score": -0.07656588811321059
        }
    }
}
