{
    "function": "bin.tabr.main",
    "gpus": [
        "NVIDIA A100-SXM4-80GB"
    ],
    "config": {
        "seed": 12,
        "batch_size": 128,
        "patience": 16,
        "n_epochs": Infinity,
        "context_size": 96,
        "data": {
            "seed": 0,
            "cache": true,
            "path": ":data/regression-num-medium-0-wine_quality",
            "num_policy": "quantile",
            "cat_policy": null,
            "y_policy": "standard"
        },
        "model": {
            "num_embeddings": null,
            "d_main": 265,
            "mixer_dropout": 0.38920071545944357,
            "d_multiplier": 2.0,
            "encoder_n_blocks": 0,
            "predictor_n_blocks": 1,
            "mixer_normalization": "auto",
            "dropout0": 0.38852797479169876,
            "dropout1": 0.0,
            "normalization": "LayerNorm",
            "activation": "ReLU"
        },
        "optimizer": {
            "type": "AdamW",
            "lr": 0.0003121273641315169,
            "weight_decay": 1.2260352006404615e-06
        }
    },
    "n_parameters": 638651,
    "prediction_type": null,
    "best_epoch": 18,
    "metrics": {
        "train": {
            "rmse": 0.5504622843319672,
            "mae": 0.4103976283042492,
            "r2": 0.5971894235522521,
            "score": -0.5504622843319672
        },
        "val": {
            "rmse": 0.6474391029073299,
            "mae": 0.47315139673928996,
            "r2": 0.5098037425785718,
            "score": -0.6474391029073299
        },
        "test": {
            "rmse": 0.6322570228101342,
            "mae": 0.46371366470965825,
            "r2": 0.4713613930577778,
            "score": -0.6322570228101342
        }
    },
    "time": "0:00:20",
    "chunk_size": null,
    "eval_batch_size": 32768
}