{
    "function": "bin.tabr.main",
    "gpus": [
        "A100-SXM-80GB"
    ],
    "config": {
        "seed": 5,
        "batch_size": 64,
        "patience": 16,
        "n_epochs": Infinity,
        "context_size": 96,
        "data": {
            "seed": 0,
            "cache": true,
            "path": ":data/regression-cat-medium-2-analcatdata_supreme",
            "num_policy": "quantile",
            "cat_policy": null,
            "y_policy": "standard"
        },
        "model": {
            "num_embeddings": null,
            "d_main": 102,
            "context_dropout": 0.43353822770823475,
            "d_multiplier": 2.0,
            "encoder_n_blocks": 0,
            "predictor_n_blocks": 1,
            "mixer_normalization": "auto",
            "dropout0": 0.19987882770020834,
            "dropout1": 0.0,
            "normalization": "LayerNorm",
            "activation": "ReLU"
        },
        "optimizer": {
            "type": "AdamW",
            "lr": 0.0007526060914164178,
            "weight_decay": 4.083569457461001e-05
        }
    },
    "n_parameters": 95779,
    "prediction_type": null,
    "best_epoch": 18,
    "metrics": {
        "train": {
            "rmse": 0.06905495677315908,
            "mae": 0.024502026902013085,
            "r2": 0.9840110561220096,
            "score": -0.06905495677315908
        },
        "val": {
            "rmse": 0.10283087431468724,
            "mae": 0.030223235258973524,
            "r2": 0.9722115026896481,
            "score": -0.10283087431468724
        },
        "test": {
            "rmse": 0.07948527756488348,
            "mae": 0.02554960536154205,
            "r2": 0.977240877953144,
            "score": -0.07948527756488348
        }
    },
    "time": "0:00:10",
    "chunk_size": null,
    "eval_batch_size": 32768
}