{
    "function": "bin.catboost_.main",
    "gpus": [
        "NVIDIA GeForce RTX 2080 Ti",
        "NVIDIA GeForce RTX 2080 Ti"
    ],
    "config": {
        "seed": 13,
        "data": {
            "seed": 0,
            "num_policy": null,
            "cat_policy": null,
            "cache": true,
            "path": ":data/regression-cat-medium-1-yprop_4_1",
            "y_policy": "standard"
        },
        "model": {
            "iterations": 4000,
            "early_stopping_rounds": 3999,
            "thread_count": 4,
            "task_type": "CPU",
            "od_pval": 0.001
        },
        "fit": {
            "logging_level": "Verbose"
        }
    },
    "prediction_type": null,
    "time": "0:00:08",
    "best_iteration": 999,
    "metrics": {
        "train": {
            "rmse": 0.02245398066508895,
            "mae": 0.016033331976360924,
            "r2": 0.4468686125042084,
            "score": -0.02245398066508895
        },
        "val": {
            "rmse": 0.027575499784136835,
            "mae": 0.019950724093456065,
            "r2": 0.09574699630412042,
            "score": -0.027575499784136835
        },
        "test": {
            "rmse": 0.027552322162902456,
            "mae": 0.020122440085271507,
            "r2": 0.06958383573715099,
            "score": -0.027552322162902456
        }
    }
}
