{
    "function": "bin.ensemble.main",
    "config": {
        "seeds": [
            0,
            1,
            2,
            3,
            4
        ]
    },
    "single_model_function": "bin.ffn.main",
    "data": ":data/regression-num-medium-2-sulfur",
    "prediction_type": null,
    "metrics": {
        "train": {
            "rmse": 0.010203483121300065,
            "mae": 0.007142279336660451,
            "r2": 0.9611156648019392,
            "score": -0.010203483121300065
        },
        "val": {
            "rmse": 0.01657484150292948,
            "mae": 0.009856893761168717,
            "r2": 0.8919547036680759,
            "score": -0.01657484150292948
        },
        "test": {
            "rmse": 0.01689556774540345,
            "mae": 0.00962256157954089,
            "r2": 0.9148698983341743,
            "score": -0.01689556774540345
        }
    }
}
