{
    "function": "bin.lightgbm_.main",
    "gpus": [],
    "config": {
        "seed": 6,
        "data": {
            "seed": 0,
            "num_policy": null,
            "cache": true,
            "path": ":data/otto",
            "cat_policy": null,
            "y_policy": null
        },
        "model": {
            "n_estimators": 4000,
            "n_jobs": 4,
            "feature_fraction": 0.6901044779646823,
            "lambda_l2": 6.67398779251107,
            "learning_rate": 0.031091027190661074,
            "num_leaves": 457,
            "min_sum_hessian_in_leaf": 0.8381538310315373,
            "bagging_fraction": 0.6319126157574142
        },
        "fit": {
            "early_stopping_rounds": 200,
            "verbose": true
        }
    },
    "prediction_type": "probs",
    "time": "0:00:35",
    "best_iteration": 328,
    "metrics": {
        "train": {
            "0": {
                "precision": 0.9983593109105825,
                "recall": 0.9854251012145749,
                "f1-score": 0.9918500407497963,
                "support": 1235
            },
            "1": {
                "precision": 0.9849386032233308,
                "recall": 0.9950571816243458,
                "f1-score": 0.9899720374120142,
                "support": 10318
            },
            "2": {
                "precision": 0.9843536084490514,
                "recall": 0.9826239750097618,
                "f1-score": 0.9834880312652662,
                "support": 5122
            },
            "3": {
                "precision": 0.998186215235792,
                "recall": 0.9587688734030198,
                "f1-score": 0.9780805687203792,
                "support": 1722
            },
            "4": {
                "precision": 0.9942987457240593,
                "recall": 0.9948659440958357,
                "f1-score": 0.9945822640433419,
                "support": 1753
            },
            "5": {
                "precision": 0.9983405243942914,
                "recall": 0.9975679858500995,
                "f1-score": 0.997954105612386,
                "support": 9046
            },
            "6": {
                "precision": 0.9873556899395272,
                "recall": 0.988442487616951,
                "f1-score": 0.9878987898789878,
                "support": 1817
            },
            "7": {
                "precision": 0.9953866026942241,
                "recall": 0.9957541074395422,
                "f1-score": 0.9955703211517166,
                "support": 5417
            },
            "8": {
                "precision": 0.995253164556962,
                "recall": 0.9918006937874487,
                "f1-score": 0.993523929868899,
                "support": 3171
            },
            "accuracy": 0.9916668770990632,
            "macro avg": {
                "precision": 0.9929413850142024,
                "recall": 0.9878118166712865,
                "f1-score": 0.9903244543003099,
                "support": 39601
            },
            "weighted avg": {
                "precision": 0.9916992623240541,
                "recall": 0.9916668770990632,
                "f1-score": 0.9916573616464538,
                "support": 39601
            },
            "cross-entropy": 0.10755897689129336,
            "score": 0.9916668770990632
        },
        "val": {
            "0": {
                "precision": 0.7136563876651982,
                "recall": 0.525974025974026,
                "f1-score": 0.6056074766355141,
                "support": 308
            },
            "1": {
                "precision": 0.7517924206213725,
                "recall": 0.8534883720930233,
                "f1-score": 0.7994191323289164,
                "support": 2580
            },
            "2": {
                "precision": 0.6358744394618834,
                "recall": 0.5534738485558157,
                "f1-score": 0.5918196994991652,
                "support": 1281
            },
            "3": {
                "precision": 0.7934426229508197,
                "recall": 0.5614849187935035,
                "f1-score": 0.657608695652174,
                "support": 431
            },
            "4": {
                "precision": 0.9791183294663574,
                "recall": 0.9634703196347032,
                "f1-score": 0.9712313003452243,
                "support": 438
            },
            "5": {
                "precision": 0.9457536682970209,
                "recall": 0.9403183023872679,
                "f1-score": 0.9430281534027932,
                "support": 2262
            },
            "6": {
                "precision": 0.7361111111111112,
                "recall": 0.7004405286343612,
                "f1-score": 0.7178329571106096,
                "support": 454
            },
            "7": {
                "precision": 0.9115107913669065,
                "recall": 0.9357459379615952,
                "f1-score": 0.923469387755102,
                "support": 1354
            },
            "8": {
                "precision": 0.8554070473876063,
                "recall": 0.8877679697351829,
                "f1-score": 0.8712871287128712,
                "support": 793
            },
            "accuracy": 0.8234521765478234,
            "macro avg": {
                "precision": 0.8136296464809196,
                "recall": 0.7691293581966088,
                "f1-score": 0.7868115479380411,
                "support": 9901
            },
            "weighted avg": {
                "precision": 0.8212126058553915,
                "recall": 0.8234521765478234,
                "f1-score": 0.8197467171258578,
                "support": 9901
            },
            "cross-entropy": 0.4669394772833044,
            "score": 0.8234521765478234
        },
        "test": {
            "0": {
                "precision": 0.7314487632508834,
                "recall": 0.5362694300518135,
                "f1-score": 0.6188340807174888,
                "support": 386
            },
            "1": {
                "precision": 0.7672413793103449,
                "recall": 0.8557692307692307,
                "f1-score": 0.8090909090909091,
                "support": 3224
            },
            "2": {
                "precision": 0.6400832177531207,
                "recall": 0.5765146783260462,
                "f1-score": 0.6066381860006571,
                "support": 1601
            },
            "3": {
                "precision": 0.7698209718670077,
                "recall": 0.5594795539033457,
                "f1-score": 0.6480086114101185,
                "support": 538
            },
            "4": {
                "precision": 0.974169741697417,
                "recall": 0.9635036496350365,
                "f1-score": 0.9688073394495413,
                "support": 548
            },
            "5": {
                "precision": 0.9438955539872971,
                "recall": 0.946232755571277,
                "f1-score": 0.9450627097685921,
                "support": 2827
            },
            "6": {
                "precision": 0.7716535433070866,
                "recall": 0.6901408450704225,
                "f1-score": 0.728624535315985,
                "support": 568
            },
            "7": {
                "precision": 0.9099201824401368,
                "recall": 0.9427052569403426,
                "f1-score": 0.9260226283724978,
                "support": 1693
            },
            "8": {
                "precision": 0.8664717348927875,
                "recall": 0.8970736629667003,
                "f1-score": 0.8815071888943976,
                "support": 991
            },
            "accuracy": 0.8298319327731093,
            "macro avg": {
                "precision": 0.8194116765006757,
                "recall": 0.7741876736926905,
                "f1-score": 0.7925106876689098,
                "support": 12376
            },