{
    "function": "bin.saint.main",
    "gpus": [
        "NVIDIA A100-SXM-80GB"
    ],
    "config": {
        "seed": 14,
        "batch_size": 1024,
        "patience": 16,
        "n_epochs": Infinity,
        "data": {
            "seed": 0,
            "cache": true,
            "path": ":data/microsoft",
            "num_policy": "quantile",
            "cat_policy": null,
            "y_policy": "standard"
        },
        "model": {
            "depth": 4,
            "heads": 8,
            "attentiontype": "colrow",
            "dim": 32,
            "dim_head": 48,
            "ffn_mult": 4,
            "attn_dropout": 0.1,
            "ff_dropout": 0.8
        },
        "optimizer": {
            "type": "AdamW",
            "lr": 0.0001,
            "weight_decay": 0.01
        }
    },
    "n_parameters": 1016903487,
    "prediction_type": null,
    "best_epoch": 0,
    "metrics": {
        "train": {
            "rmse": 0.764364556280922,
            "mae": 0.587757320465041,
            "r2": 0.13558278293185988,
            "score": -0.764364556280922
        },
        "val": {
            "rmse": 0.774772921272123,
            "mae": 0.5972548051546447,
            "r2": 0.12871502095746956,
            "score": -0.774772921272123
        },
        "test": {
            "rmse": 0.7774878476994135,
            "mae": 0.5975031012443495,
            "r2": 0.12827407527849277,
            "score": -0.7774878476994135
        }
    },
    "time": "4:24:37",
    "chunk_size": null,
    "eval_batch_size": 8192
}
