{
    "function": "bin.lightgbm_.main",
    "gpus": [
        "GeForce RTX 2080 Ti",
        "GeForce RTX 2080 Ti"
    ],
    "config": {
        "seed": 14,
        "data": {
            "seed": 0,
            "num_policy": null,
            "cache": true,
            "path": ":data/regression-cat-medium-1-Bike_Sharing_Demand",
            "cat_policy": "one-hot",
            "y_policy": "standard"
        },
        "model": {
            "n_estimators": 4000,
            "n_jobs": 4,
            "feature_fraction": 0.9017932996177045,
            "lambda_l2": 0.0,
            "learning_rate": 0.008803460243848765,
            "num_leaves": 56,
            "min_sum_hessian_in_leaf": 0.07610270802274642,
            "bagging_fraction": 0.5608602720049225
        },
        "fit": {
            "early_stopping_rounds": 200,
            "verbose": true
        }
    },
    "prediction_type": null,
    "time": "0:00:11",
    "best_iteration": 3459,
    "metrics": {
        "train": {
            "rmse": 25.228907725813183,
            "mae": 16.57971267255586,
            "r2": 0.9807714963416445,
            "score": -25.228907725813183
        },
        "val": {
            "rmse": 43.72154582794741,
            "mae": 27.251186856202217,
            "r2": 0.9407469242380956,
            "score": -43.72154582794741
        },
        "test": {
            "rmse": 42.49871044949018,
            "mae": 27.084890811572325,
            "r2": 0.9449030230071414,
            "score": -42.49871044949018
        }
    }
}
