{
    "function": "bin.ensemble.main",
    "config": {
        "seeds": [
            5,
            6,
            7,
            8,
            9
        ]
    },
    "single_model_function": "bin.lightgbm_.main",
    "data": ":data/regression-num-medium-0-superconduct",
    "prediction_type": null,
    "metrics": {
        "train": {
            "rmse": 4.968382663365592,
            "mae": 2.808324243197641,
            "r2": 0.9791175483474058,
            "score": -4.968382663365592
        },
        "val": {
            "rmse": 9.860898091511652,
            "mae": 5.807872520206334,
            "r2": 0.9164822370564238,
            "score": -9.860898091511652
        },
        "test": {
            "rmse": 10.47066261567893,
            "mae": 5.936025083915971,
            "r2": 0.9059741446831735,
            "score": -10.47066261567893
        }
    }
}
