{
    "function": "bin.ffn.main",
    "gpus": [
        "A100-SXM-80GB"
    ],
    "config": {
        "seed": 6,
        "batch_size": 64,
        "patience": 16,
        "n_epochs": Infinity,
        "data": {
            "seed": 0,
            "cache": true,
            "path": ":data/classif-cat-medium-1-rl",
            "num_policy": "quantile",
            "cat_policy": "ordinal",
            "y_policy": null
        },
        "optimizer": {
            "type": "AdamW",
            "lr": 0.0005716599993555395,
            "weight_decay": 0.0
        },
        "model": {
            "num_embeddings": null,
            "backbone": {
                "type": "MLP",
                "n_blocks": 6,
                "d_layer": 689,
                "dropout": 0.05136917301948009,
                "activation": "ReLU"
            }
        }
    },
    "n_parameters": 2403233,
    "prediction_type": "logits",
    "best_epoch": 22,
    "metrics": {
        "train": {
            "0": {
                "precision": 0.863937387116195,
                "recall": 0.8270893371757925,
                "f1-score": 0.8451118963486454,
                "support": 1735
            },
            "1": {
                "precision": 0.834983498349835,
                "recall": 0.8704128440366973,
                "f1-score": 0.8523301516002245,
                "support": 1744
            },
            "accuracy": 0.8488071284851969,
            "macro avg": {
                "precision": 0.849460442733015,
                "recall": 0.8487510906062449,
                "f1-score": 0.8487210239744349,
                "support": 3479
            },
            "weighted avg": {
                "precision": 0.8494229915977898,
                "recall": 0.8488071284851969,
                "f1-score": 0.848730360608132,
                "support": 3479
            },
            "cross-entropy": 0.32416620353238274,
            "roc-auc": 0.9392145652116438,
            "score": 0.8488071284851969
        },
        "val": {
            "0": {
                "precision": 0.7443946188340808,
                "recall": 0.7124463519313304,
                "f1-score": 0.7280701754385964,
                "support": 233
            },
            "1": {
                "precision": 0.7008928571428571,
                "recall": 0.7336448598130841,
                "f1-score": 0.7168949771689497,
                "support": 214
            },
            "accuracy": 0.7225950782997763,
            "macro avg": {
                "precision": 0.7226437379884689,
                "recall": 0.7230456058722072,
                "f1-score": 0.722482576303773,
                "support": 447
            },
            "weighted avg": {
                "precision": 0.7235682720736291,
                "recall": 0.7225950782997763,
                "f1-score": 0.7227200805175575,
                "support": 447
            },
            "cross-entropy": 0.6197205854754779,
            "roc-auc": 0.7984035939192169,
            "score": 0.7225950782997763
        },
        "test": {
            "0": {
                "precision": 0.6845360824742268,
                "recall": 0.6421663442940039,
                "f1-score": 0.6626746506986029,
                "support": 517
            },
            "1": {
                "precision": 0.669051878354204,
                "recall": 0.7096774193548387,
                "f1-score": 0.688766114180479,
                "support": 527
            },
            "accuracy": 0.6762452107279694,
            "macro avg": {
                "precision": 0.6767939804142153,
                "recall": 0.6759218818244213,
                "f1-score": 0.6757203824395409,
                "support": 1044
            },
            "weighted avg": {
                "precision": 0.6767198223485064,
                "recall": 0.6762452107279694,
                "f1-score": 0.6758453415558334,
                "support": 1044
            },
            "cross-entropy": 0.6657087978476273,
            "roc-auc": 0.7560844016897955,
            "score": 0.6762452107279694
        }
    },
    "time": "0:00:09",
    "chunk_size": null,
    "eval_batch_size": 32768
}
