{
    "function": "bin.catboost_.main",
    "gpus": [
        "NVIDIA GeForce RTX 2080 Ti",
        "NVIDIA GeForce RTX 2080 Ti"
    ],
    "config": {
        "seed": 9,
        "data": {
            "seed": 0,
            "num_policy": null,
            "cat_policy": null,
            "cache": true,
            "path": ":data/regression-cat-large-0-SGEMM_GPU_kernel_performance",
            "y_policy": "standard"
        },
        "model": {
            "iterations": 4000,
            "early_stopping_rounds": 200,
            "od_pval": 0.001,
            "bagging_temperature": 0.715586014508422,
            "depth": 10,
            "l2_leaf_reg": 7.478642800904591,
            "leaf_estimation_iterations": 7,
            "learning_rate": 0.020440893517575616,
            "task_type": "CPU",
            "thread_count": 4
        },
        "fit": {
            "logging_level": "Verbose"
        }
    },
    "prediction_type": null,
    "time": "0:00:52",
    "best_iteration": 3081,
    "metrics": {
        "train": {
            "rmse": 0.014252290900204944,
            "mae": 0.008106581001601542,
            "r2": 0.999838056578382,
            "score": -0.014252290900204944
        },
        "val": {
            "rmse": 0.01693085710187999,
            "mae": 0.009522720965026031,
            "r2": 0.9997728648575788,
            "score": -0.01693085710187999
        },
        "test": {
            "rmse": 0.016744450892025763,
            "mae": 0.009474314864765604,
            "r2": 0.9997737065048445,
            "score": -0.016744450892025763
        }
    }
}
