{
    "function": "bin.ensemble.main",
    "config": {
        "seeds": [
            5,
            6,
            7,
            8,
            9
        ]
    },
    "single_model_function": "bin.tabr_scaling.main",
    "data": ":data/higgs-small",
    "prediction_type": "probs",
    "metrics": {
        "train": {
            "0": {
                "precision": 0.7788801256200707,
                "recall": 0.7377797309174497,
                "f1-score": 0.7577730326545493,
                "support": 29582
            },
            "1": {
                "precision": 0.7766484307515117,
                "recall": 0.813199071422111,
                "f1-score": 0.7945036009366854,
                "support": 33169
            },
            "accuracy": 0.7776449777692785,
            "macro avg": {
                "precision": 0.7777642781857912,
                "recall": 0.7754894011697804,
                "f1-score": 0.7761383167956173,
                "support": 62751
            },
            "weighted avg": {
                "precision": 0.7777004936286246,
                "recall": 0.7776449777692785,
                "f1-score": 0.7771881211686794,
                "support": 62751
            },
            "cross-entropy": 0.4570021640361128,
            "roc-auc": 0.8651948316205587,
            "score": 0.7776449777692785
        },
        "val": {
            "0": {
                "precision": 0.7315032295948326,
                "recall": 0.6737425635478637,
                "f1-score": 0.7014358108108107,
                "support": 7396
            },
            "1": {
                "precision": 0.7281433077963047,
                "recall": 0.7794259527255186,
                "f1-score": 0.7529123951537744,
                "support": 8292
            },
            "accuracy": 0.7296022437531872,
            "macro avg": {
                "precision": 0.7298232686955686,
                "recall": 0.7265842581366911,
                "f1-score": 0.7271741029822926,
                "support": 15688
            },
            "weighted avg": {
                "precision": 0.7297273198833719,
                "recall": 0.7296022437531872,
                "f1-score": 0.7286441125300773,
                "support": 15688
            },
            "cross-entropy": 0.53086122478706,
            "roc-auc": 0.810650890613223,
            "score": 0.7296022437531872
        },
        "test": {
            "0": {
                "precision": 0.7185697808535179,
                "recall": 0.6738777717685235,
                "f1-score": 0.6955065587496512,
                "support": 9245
            },
            "1": {
                "precision": 0.7244058500914077,
                "recall": 0.7645923781958515,
                "f1-score": 0.7439568176484395,
                "support": 10365
            },
            "accuracy": 0.7218255991840897,
            "macro avg": {
                "precision": 0.7214878154724628,
                "recall": 0.7192350749821874,
                "f1-score": 0.7197316881990453,
                "support": 19610
            },
            "weighted avg": {
                "precision": 0.7216544752773183,
                "recall": 0.7218255991840897,
                "f1-score": 0.7211152753986028,
                "support": 19610
            },
            "cross-entropy": 0.5399636800842033,
            "roc-auc": 0.8036557589570719,
            "score": 0.7218255991840897
        }
    }
}