{
    "function": "bin.tabr_design.main",
    "gpus": [
        "A100-SXM-80GB"
    ],
    "config": {
        "seed": 0,
        "batch_size": 256,
        "patience": 16,
        "n_epochs": Infinity,
        "context_size": 96,
        "data": {
            "seed": 0,
            "cache": true,
            "path": ":data/churn",
            "num_policy": "quantile",
            "cat_policy": "ordinal",
            "y_policy": null
        },
        "model": {
            "num_embeddings": null,
            "d_main": 327,
            "context_dropout": 0.1365077268587707,
            "d_multiplier": 2.0,
            "encoder_n_blocks": 0,
            "predictor_n_blocks": 1,
            "mixer_normalization": "auto",
            "dropout0": 0.5776600599268996,
            "dropout1": 0.0,
            "normalization": "LayerNorm",
            "activation": "ReLU",
            "dot_product": false,
            "use_Q": false,
            "use_V": true,
            "use_labels": true,
            "use_T": false,
            "self_attention": true,
            "scale_similarities": true
        },
        "optimizer": {
            "type": "AdamW",
            "lr": 0.0006197212168807921,
            "weight_decay": 0.0
        }
    },
    "n_parameters": 650404,
    "prediction_type": "logits",
    "best_epoch": 19,
    "metrics": {
        "train": {
            "0": {
                "precision": 0.887721839913075,
                "recall": 0.9619309262166404,
                "f1-score": 0.92333772838576,
                "support": 5096
            },
            "1": {
                "precision": 0.7790432801822323,
                "recall": 0.5245398773006135,
                "f1-score": 0.6269477543538038,
                "support": 1304
            },
            "accuracy": 0.8728125,
            "macro avg": {
                "precision": 0.8333825600476537,
                "recall": 0.7432354017586269,
                "f1-score": 0.7751427413697819,
                "support": 6400
            },
            "weighted avg": {
                "precision": 0.8655785833679157,
                "recall": 0.8728125,
                "f1-score": 0.8629482711767489,
                "support": 6400
            },
            "cross-entropy": 0.3125012286626132,
            "roc-auc": 0.8856930071462279,
            "score": 0.8728125
        },
        "val": {
            "0": {
                "precision": 0.8833693304535637,
                "recall": 0.9631083202511774,
                "f1-score": 0.9215170859932408,
                "support": 1274
            },
            "1": {
                "precision": 0.7772511848341233,
                "recall": 0.5030674846625767,
                "f1-score": 0.6108007448789571,
                "support": 326
            },
            "accuracy": 0.869375,
            "macro avg": {
                "precision": 0.8303102576438435,
                "recall": 0.733087902456877,
                "f1-score": 0.7661589154360989,
                "support": 1600
            },
            "weighted avg": {
                "precision": 0.8617477582836027,
                "recall": 0.869375,
                "f1-score": 0.8582086314912055,
                "support": 1600
            },
            "cross-entropy": 0.33609034556445094,
            "roc-auc": 0.8641422118635089,
            "score": 0.869375
        },
        "test": {
            "0": {
                "precision": 0.8776565192418151,
                "recall": 0.9591964846202135,
                "f1-score": 0.9166166766646671,
                "support": 1593
            },
            "1": {
                "precision": 0.749034749034749,
                "recall": 0.47665847665847666,
                "f1-score": 0.5825825825825827,
                "support": 407
            },
            "accuracy": 0.861,
            "macro avg": {
                "precision": 0.8133456341382821,
                "recall": 0.7179274806393451,
                "f1-score": 0.7495996296236249,
                "support": 2000
            },
            "weighted avg": {
                "precision": 0.8514819890046772,
                "recall": 0.861,
                "f1-score": 0.8486407385189628,
                "support": 2000
            },
            "cross-entropy": 0.3437227299706534,
            "roc-auc": 0.8563848902831955,
            "score": 0.861
        }
    },
    "time": "0:00:10",
    "chunk_size": null,
    "eval_batch_size": 32768
}