{
    "function": "bin.lightgbm_.main",
    "gpus": [
        "GeForce RTX 2080 Ti",
        "GeForce RTX 2080 Ti"
    ],
    "config": {
        "seed": 3,
        "data": {
            "seed": 0,
            "num_policy": null,
            "cache": true,
            "path": ":data/regression-num-medium-2-wine_quality",
            "cat_policy": null,
            "y_policy": "standard"
        },
        "model": {
            "n_estimators": 4000,
            "n_jobs": 4,
            "feature_fraction": 0.5884633577436849,
            "lambda_l2": 0.200343243375816,
            "learning_rate": 0.015044392270697638,
            "num_leaves": 576,
            "min_sum_hessian_in_leaf": 2.536717859682019,
            "bagging_fraction": 0.732106564988538
        },
        "fit": {
            "early_stopping_rounds": 200,
            "verbose": true
        }
    },
    "prediction_type": null,
    "time": "0:00:02",
    "best_iteration": 995,
    "metrics": {
        "train": {
            "rmse": 0.11248024628854092,
            "mae": 0.07459007409908894,
            "r2": 0.9835792598179023,
            "score": -0.11248024628854092
        },
        "val": {
            "rmse": 0.5848112011201207,
            "mae": 0.4147655644169399,
            "r2": 0.5420268503557604,
            "score": -0.5848112011201207
        },
        "test": {
            "rmse": 0.6281711168169648,
            "mae": 0.4340986098138862,
            "r2": 0.4669706198399787,
            "score": -0.6281711168169648
        }
    }
}
