{
    "function": "bin.tabr.main",
    "gpus": [
        "A100-SXM-80GB"
    ],
    "config": {
        "seed": 2,
        "batch_size": 256,
        "patience": 16,
        "n_epochs": Infinity,
        "context_size": 96,
        "data": {
            "seed": 0,
            "cache": true,
            "path": ":data/house",
            "num_policy": "quantile",
            "cat_policy": null,
            "y_policy": "standard"
        },
        "model": {
            "num_embeddings": null,
            "d_main": 265,
            "mixer_dropout": 0.38920071545944357,
            "d_multiplier": 2.0,
            "encoder_n_blocks": 0,
            "predictor_n_blocks": 1,
            "mixer_normalization": "auto",
            "dropout0": 0.38852797479169876,
            "dropout1": 0.0,
            "normalization": "LayerNorm",
            "activation": "ReLU"
        },
        "optimizer": {
            "type": "AdamW",
            "lr": 0.0003121273641315169,
            "weight_decay": 1.2260352006404615e-06
        }
    },
    "n_parameters": 639976,
    "prediction_type": null,
    "best_epoch": 63,
    "metrics": {
        "train": {
            "rmse": 18091.508426680302,
            "mae": 11170.615543704887,
            "r2": 0.8794700661911512,
            "score": -18091.508426680302
        },
        "val": {
            "rmse": 28878.040745835446,
            "mae": 14615.37742488226,
            "r2": 0.7201521214547167,
            "score": -28878.040745835446
        },
        "test": {
            "rmse": 30973.14731219682,
            "mae": 15038.125340692,
            "r2": 0.6676937368982279,
            "score": -30973.14731219682
        }
    },
    "time": "0:00:47",
    "chunk_size": null,
    "eval_batch_size": 32768
}