{
    "function": "bin.tabr.main",
    "gpus": [
        "A100-SXM-80GB"
    ],
    "config": {
        "seed": 1,
        "batch_size": 128,
        "patience": 16,
        "n_epochs": Infinity,
        "context_size": 96,
        "data": {
            "seed": 0,
            "cache": true,
            "path": ":data/regression-num-medium-2-cpu_act",
            "num_policy": "quantile",
            "cat_policy": null,
            "y_policy": "standard"
        },
        "model": {
            "d_main": 122,
            "context_dropout": 0.0630054723839901,
            "d_multiplier": 2.0,
            "encoder_n_blocks": 1,
            "predictor_n_blocks": 2,
            "mixer_normalization": "auto",
            "dropout0": 0.2676730453354783,
            "dropout1": 0.0,
            "normalization": "LayerNorm",
            "activation": "ReLU",
            "num_embeddings": {
                "type": "PLREmbeddings",
                "n_frequencies": 42,
                "frequency_scale": 0.010237163603619707,
                "d_embedding": 6,
                "lite": true
            }
        },
        "optimizer": {
            "type": "AdamW",
            "lr": 0.0003850007648589003,
            "weight_decay": 1.8134246329462437e-06
        }
    },
    "n_parameters": 272721,
    "prediction_type": null,
    "best_epoch": 24,
    "metrics": {
        "train": {
            "rmse": 1.9595230177039955,
            "mae": 1.4458135132143468,
            "r2": 0.9883956786872693,
            "score": -1.9595230177039955
        },
        "val": {
            "rmse": 2.1413408307086024,
            "mae": 1.5493938761592574,
            "r2": 0.9890593862943116,
            "score": -2.1413408307086024
        },
        "test": {
            "rmse": 2.1521616787173867,
            "mae": 1.5525106249609166,
            "r2": 0.9859197003549436,
            "score": -2.1521616787173867
        }
    },
    "time": "0:00:23",
    "chunk_size": null,
    "eval_batch_size": 32768
}