{
    "function": "bin.catboost_.main",
    "gpus": [
        "NVIDIA GeForce RTX 2080 Ti",
        "NVIDIA GeForce RTX 2080 Ti"
    ],
    "config": {
        "seed": 2,
        "data": {
            "seed": 0,
            "num_policy": null,
            "cat_policy": null,
            "cache": true,
            "path": ":data/regression-num-medium-0-house_16H",
            "y_policy": "standard"
        },
        "model": {
            "iterations": 4000,
            "early_stopping_rounds": 200,
            "od_pval": 0.001,
            "bagging_temperature": 0.7730377245331524,
            "depth": 5,
            "l2_leaf_reg": 1.040766659390394,
            "leaf_estimation_iterations": 7,
            "learning_rate": 0.03600739578366189,
            "task_type": "CPU",
            "thread_count": 4
        },
        "fit": {
            "logging_level": "Verbose"
        }
    },
    "prediction_type": null,
    "time": "0:00:08",
    "best_iteration": 3052,
    "metrics": {
        "train": {
            "rmse": 0.21326645187106688,
            "mae": 0.1642017385383879,
            "r2": 0.9414729342311454,
            "score": -0.21326645187106688
        },
        "val": {
            "rmse": 0.59233740998524,
            "mae": 0.28762897317839303,
            "r2": 0.578456976664782,
            "score": -0.59233740998524
        },
        "test": {
            "rmse": 0.5977619636533703,
            "mae": 0.2930524983165061,
            "r2": 0.5087481297383283,
            "score": -0.5977619636533703
        }
    }
}
