{
    "function": "bin.tabr_scaling.main",
    "gpus": [
        "NVIDIA A100-SXM4-80GB"
    ],
    "config": {
        "seed": 5,
        "batch_size": 512,
        "patience": 16,
        "n_epochs": Infinity,
        "context_size": 96,
        "freeze_contexts_after_n_epochs": 0,
        "data": {
            "seed": 0,
            "cache": true,
            "path": ":data/higgs-small",
            "num_policy": "quantile",
            "cat_policy": null,
            "y_policy": null
        },
        "model": {
            "num_embeddings": null,
            "d_main": 265,
            "mixer_dropout": 0.38920071545944357,
            "d_multiplier": 2.0,
            "encoder_n_blocks": 0,
            "predictor_n_blocks": 1,
            "mixer_normalization": "auto",
            "dropout0": 0.38852797479169876,
            "dropout1": 0.0,
            "normalization": "LayerNorm",
            "activation": "ReLU"
        },
        "optimizer": {
            "type": "AdamW",
            "lr": 0.0003121273641315169,
            "weight_decay": 1.2260352006404615e-06
        }
    },
    "n_parameters": 643156,
    "prediction_type": "logits",
    "best_epoch": 23,
    "metrics": {
        "train": {
            "0": {
                "precision": 0.7581723879069132,
                "recall": 0.7510986410655128,
                "f1-score": 0.7546189376443418,
                "support": 29582
            },
            "1": {
                "precision": 0.7798475108386904,
                "recall": 0.7863366396333926,
                "f1-score": 0.7830786321193743,
                "support": 33169
            },
            "accuracy": 0.7697247852623863,
            "macro avg": {
                "precision": 0.7690099493728018,
                "recall": 0.7687176403494527,
                "f1-score": 0.7688487848818581,
                "support": 62751
            },
            "weighted avg": {
                "precision": 0.7696294507827897,
                "recall": 0.7697247852623863,
                "f1-score": 0.7696621976090013,
                "support": 62751
            },
            "cross-entropy": 0.46677002272335033,
            "roc-auc": 0.8567437031871569,
            "score": 0.7697247852623863
        },
        "val": {
            "0": {
                "precision": 0.7191293428212642,
                "recall": 0.6968631692806923,
                "f1-score": 0.7078211906887317,
                "support": 7396
            },
            "1": {
                "precision": 0.7368853420959981,
                "recall": 0.7572358900144718,
                "f1-score": 0.746922024623803,
                "support": 8292
            },
            "accuracy": 0.7287735849056604,
            "macro avg": {
                "precision": 0.7280073424586311,
                "recall": 0.7270495296475821,
                "f1-score": 0.7273716076562673,
                "support": 15688
            },
            "weighted avg": {
                "precision": 0.7285143980218056,
                "recall": 0.7287735849056604,
                "f1-score": 0.7284882046477839,
                "support": 15688
            },
            "cross-entropy": 0.538484818551475,
            "roc-auc": 0.806088257247565,
            "score": 0.7287735849056604
        },
        "test": {
            "0": {
                "precision": 0.7062875888463641,
                "recall": 0.6986479177934019,
                "f1-score": 0.7024469820554649,
                "support": 9245
            },
            "1": {
                "precision": 0.7337792642140468,
                "recall": 0.740858658948384,
                "f1-score": 0.7373019683149303,
                "support": 10365
            },
            "accuracy": 0.7209586945436002,
            "macro avg": {
                "precision": 0.7200334265302055,
                "recall": 0.7197532883708929,
                "f1-score": 0.7198744751851975,
                "support": 19610
            },
            "weighted avg": {
                "precision": 0.7208185024203586,
                "recall": 0.7209586945436002,
                "f1-score": 0.7208698241043867,
                "support": 19610
            },
            "cross-entropy": 0.5480843071818785,
            "roc-auc": 0.7988769460395927,
            "score": 0.7209586945436002
        }
    },
    "time": "0:01:19",
    "chunk_size": null,
    "eval_batch_size": 32768
}