{
    "function": "bin.tabr.main",
    "gpus": [
        "NVIDIA A100-SXM4-80GB"
    ],
    "config": {
        "seed": 8,
        "batch_size": 256,
        "patience": 16,
        "n_epochs": Infinity,
        "context_size": 96,
        "data": {
            "seed": 0,
            "cache": true,
            "path": ":data/regression-cat-medium-1-Bike_Sharing_Demand",
            "num_policy": "quantile",
            "cat_policy": "ordinal",
            "y_policy": "standard"
        },
        "model": {
            "num_embeddings": null,
            "d_main": 265,
            "mixer_dropout": 0.38920071545944357,
            "d_multiplier": 2.0,
            "encoder_n_blocks": 0,
            "predictor_n_blocks": 1,
            "mixer_normalization": "auto",
            "dropout0": 0.38852797479169876,
            "dropout1": 0.0,
            "normalization": "LayerNorm",
            "activation": "ReLU"
        },
        "optimizer": {
            "type": "AdamW",
            "lr": 0.0003121273641315169,
            "weight_decay": 1.2260352006404615e-06
        }
    },
    "n_parameters": 640241,
    "prediction_type": null,
    "best_epoch": 40,
    "metrics": {
        "train": {
            "rmse": 39.458283705969464,
            "mae": 25.749592546802887,
            "r2": 0.9529645876992529,
            "score": -39.458283705969464
        },
        "val": {
            "rmse": 45.701975446598205,
            "mae": 28.40193396804534,
            "r2": 0.9352574485043661,
            "score": -45.701975446598205
        },
        "test": {
            "rmse": 43.59355810666502,
            "mae": 27.90454437959852,
            "r2": 0.9420276558955494,
            "score": -43.59355810666502
        }
    },
    "time": "0:00:25",
    "chunk_size": null,
    "eval_batch_size": 32768
}