{
    "function": "bin.tabr_design.main",
    "gpus": [
        "A100-SXM-80GB"
    ],
    "config": {
        "seed": 12,
        "batch_size": 512,
        "patience": 16,
        "n_epochs": Infinity,
        "context_size": 96,
        "data": {
            "seed": 0,
            "cache": true,
            "path": ":data/higgs-small",
            "num_policy": "quantile",
            "cat_policy": null,
            "y_policy": null
        },
        "model": {
            "num_embeddings": null,
            "d_main": 259,
            "context_dropout": 0.4244436631614227,
            "d_multiplier": 2.0,
            "encoder_n_blocks": 0,
            "predictor_n_blocks": 1,
            "mixer_normalization": "auto",
            "dropout0": 0.35555842448277214,
            "dropout1": 0.0,
            "normalization": "LayerNorm",
            "activation": "ReLU",
            "dot_product": false,
            "use_Q": true,
            "use_V": true,
            "use_labels": false,
            "use_T": false,
            "self_attention": true,
            "scale_similarities": true
        },
        "optimizer": {
            "type": "AdamW",
            "lr": 0.0001105502357731966,
            "weight_decay": 1.66861746780854e-05
        }
    },
    "n_parameters": 479928,
    "prediction_type": "logits",
    "best_epoch": 43,
    "metrics": {
        "train": {
            "0": {
                "precision": 0.7417216380380118,
                "recall": 0.7677979852613076,
                "f1-score": 0.7545345824197729,
                "support": 29582
            },
            "1": {
                "precision": 0.7862056086401693,
                "recall": 0.76155446350508,
                "f1-score": 0.7736837269135349,
                "support": 33169
            },
            "accuracy": 0.7644977769278577,
            "macro avg": {
                "precision": 0.7639636233390905,
                "recall": 0.7646762243831938,
                "f1-score": 0.7641091546666539,
                "support": 62751
            },
            "weighted avg": {
                "precision": 0.7652350293927784,
                "recall": 0.7644977769278577,
                "f1-score": 0.7646564605366729,
                "support": 62751
            },
            "cross-entropy": 0.47689682027930114,
            "roc-auc": 0.8506053862172245,
            "score": 0.7644977769278577
        },
        "val": {
            "0": {
                "precision": 0.7092694739674424,
                "recall": 0.7128177393185505,
                "f1-score": 0.7110391799851642,
                "support": 7396
            },
            "1": {
                "precision": 0.7427013930950939,
                "recall": 0.739387361312108,
                "f1-score": 0.7410406720251406,
                "support": 8292
            },
            "accuracy": 0.7268612952575216,
            "macro avg": {
                "precision": 0.7259854335312681,
                "recall": 0.7261025503153293,
                "f1-score": 0.7260399260051524,
                "support": 15688
            },
            "weighted avg": {
                "precision": 0.7269401441233887,
                "recall": 0.7268612952575216,
                "f1-score": 0.7268966743754933,
                "support": 15688
            },
            "cross-entropy": 0.5373201063903907,
            "roc-auc": 0.803825720843094,
            "score": 0.7268612952575216
        },
        "test": {
            "0": {
                "precision": 0.697030118585371,
                "recall": 0.718442401297999,
                "f1-score": 0.7075743048897412,
                "support": 9245
            },
            "1": {
                "precision": 0.7417914889395893,
                "recall": 0.7214664737095996,
                "f1-score": 0.731487821578793,
                "support": 10365
            },
            "accuracy": 0.7200407955124937,
            "macro avg": {
                "precision": 0.7194108037624802,
                "recall": 0.7199544375037993,
                "f1-score": 0.7195310632342671,
                "support": 19610
            },
            "weighted avg": {
                "precision": 0.7206890478929423,
                "recall": 0.7200407955124937,
                "f1-score": 0.7202139581524654,
                "support": 19610
            },
            "cross-entropy": 0.5457688427832867,
            "roc-auc": 0.7970870109578012,
            "score": 0.7200407955124937
        }
    },
    "time": "0:01:58",
    "chunk_size": null,
    "eval_batch_size": 32768
}