{
    "function": "bin.tabr.main",
    "gpus": [
        "A100-SXM-80GB"
    ],
    "config": {
        "seed": 3,
        "batch_size": 1024,
        "patience": 16,
        "n_epochs": Infinity,
        "context_size": 96,
        "data": {
            "seed": 0,
            "cache": true,
            "path": ":data/microsoft",
            "num_policy": "quantile",
            "cat_policy": null,
            "y_policy": "standard"
        },
        "model": {
            "d_main": 166,
            "context_dropout": 0.5768511761401901,
            "d_multiplier": 2.0,
            "encoder_n_blocks": 0,
            "predictor_n_blocks": 1,
            "mixer_normalization": "auto",
            "dropout0": 0.031548434141945886,
            "dropout1": 0.0,
            "normalization": "LayerNorm",
            "activation": "ReLU",
            "memory_efficient": true,
            "num_embeddings": {
                "type": "LREmbeddings",
                "d_embedding": 27
            }
        },
        "optimizer": {
            "type": "AdamW",
            "lr": 3.665432684829495e-05,
            "weight_decay": 3.054996146516481e-05
        }
    },
    "n_parameters": 845375,
    "prediction_type": null,
    "best_epoch": 16,
    "metrics": {
        "train": {
            "rmse": 0.6993775955647134,
            "mae": 0.5537656004852316,
            "r2": 0.27632130091254525,
            "score": -0.6993775955647134
        },
        "val": {
            "rmse": 0.7472038302818675,
            "mae": 0.5864604670973605,
            "r2": 0.18961854270352307,
            "score": -0.7472038302818675
        },
        "test": {
            "rmse": 0.7501799777255231,
            "mae": 0.5868090224725471,
            "r2": 0.1884344086104185,
            "score": -0.7501799777255231
        }
    },
    "time": "1:26:28",
    "chunk_size": null,
    "eval_batch_size": 32768
}