{
    "function": "bin.lightgbm_.main",
    "gpus": [
        "GeForce RTX 2080 Ti",
        "GeForce RTX 2080 Ti"
    ],
    "config": {
        "seed": 11,
        "data": {
            "seed": 0,
            "num_policy": null,
            "cache": true,
            "path": ":data/regression-num-medium-2-wine_quality",
            "cat_policy": null,
            "y_policy": "standard"
        },
        "model": {
            "n_estimators": 4000,
            "n_jobs": 4,
            "feature_fraction": 0.5884633577436849,
            "lambda_l2": 0.200343243375816,
            "learning_rate": 0.015044392270697638,
            "num_leaves": 576,
            "min_sum_hessian_in_leaf": 2.536717859682019,
            "bagging_fraction": 0.732106564988538
        },
        "fit": {
            "early_stopping_rounds": 200,
            "verbose": true
        }
    },
    "prediction_type": null,
    "time": "0:00:02",
    "best_iteration": 1030,
    "metrics": {
        "train": {
            "rmse": 0.10708595582617128,
            "mae": 0.07081674996382194,
            "r2": 0.9851164939897105,
            "score": -0.10708595582617128
        },
        "val": {
            "rmse": 0.5883576387420439,
            "mae": 0.41760354684836093,
            "r2": 0.536455486826293,
            "score": -0.5883576387420439
        },
        "test": {
            "rmse": 0.6270099084212929,
            "mae": 0.4341944528859313,
            "r2": 0.4689394658627425,
            "score": -0.6270099084212929
        }
    }
}
