{
    "function": "bin.ffn.main",
    "gpus": [
        "A100-SXM-80GB"
    ],
    "config": {
        "seed": 4,
        "batch_size": 256,
        "patience": 16,
        "n_epochs": Infinity,
        "data": {
            "seed": 0,
            "cache": true,
            "path": ":data/regression-num-medium-0-Ailerons",
            "num_policy": "quantile",
            "cat_policy": null,
            "y_policy": "standard"
        },
        "optimizer": {
            "type": "AdamW",
            "lr": 0.0004462529957878403,
            "weight_decay": 0.0
        },
        "model": {
            "num_embeddings": null,
            "backbone": {
                "type": "MLP",
                "n_blocks": 1,
                "d_layer": 906,
                "dropout": 0.27325888664202475,
                "activation": "ReLU"
            }
        }
    },
    "n_parameters": 31711,
    "prediction_type": null,
    "best_epoch": 115,
    "metrics": {
        "train": {
            "rmse": 0.0001513366928319513,
            "mae": 0.00011112838322274721,
            "r2": 0.8654355792388932,
            "score": -0.0001513366928319513
        },
        "val": {
            "rmse": 0.0001545349181145127,
            "mae": 0.00011409635167017318,
            "r2": 0.8384982580890242,
            "score": -0.0001545349181145127
        },
        "test": {
            "rmse": 0.00015956222394721188,
            "mae": 0.00011674048160769529,
            "r2": 0.8418278868340163,
            "score": -0.00015956222394721188
        }
    },
    "time": "0:00:07",
    "chunk_size": null,
    "eval_batch_size": 32768
}
