{
    "function": "bin.tabr_design.main",
    "gpus": [
        "A100-SXM-80GB"
    ],
    "config": {
        "seed": 2,
        "batch_size": 256,
        "patience": 16,
        "n_epochs": Infinity,
        "context_size": 96,
        "data": {
            "seed": 0,
            "cache": true,
            "path": ":data/churn",
            "num_policy": "quantile",
            "cat_policy": "ordinal",
            "y_policy": null
        },
        "model": {
            "num_embeddings": null,
            "d_main": 147,
            "context_dropout": 0.58833252447231,
            "d_multiplier": 2.0,
            "encoder_n_blocks": 0,
            "predictor_n_blocks": 1,
            "mixer_normalization": "auto",
            "dropout0": 0.2153247809309639,
            "dropout1": 0.0,
            "normalization": "LayerNorm",
            "activation": "ReLU",
            "dot_product": false,
            "use_Q": false,
            "use_V": true,
            "use_labels": false,
            "use_T": false,
            "self_attention": true,
            "scale_similarities": true
        },
        "optimizer": {
            "type": "AdamW",
            "lr": 0.00034520903263040524,
            "weight_decay": 2.214479276727586e-06
        }
    },
    "n_parameters": 133183,
    "prediction_type": "logits",
    "best_epoch": 15,
    "metrics": {
        "train": {
            "0": {
                "precision": 0.881666367390914,
                "recall": 0.9635007849293563,
                "f1-score": 0.9207688701359588,
                "support": 5096
            },
            "1": {
                "precision": 0.776173285198556,
                "recall": 0.4946319018404908,
                "f1-score": 0.6042154566744732,
                "support": 1304
            },
            "accuracy": 0.86796875,
            "macro avg": {
                "precision": 0.828919826294735,
                "recall": 0.7290663433849236,
                "f1-score": 0.762492163405216,
                "support": 6400
            },
            "weighted avg": {
                "precision": 0.860172151894221,
                "recall": 0.86796875,
                "f1-score": 0.8562711121431811,
                "support": 6400
            },
            "cross-entropy": 0.3161542863726822,
            "roc-auc": 0.8863057817511149,
            "score": 0.86796875
        },
        "val": {
            "0": {
                "precision": 0.8785919540229885,
                "recall": 0.9599686028257457,
                "f1-score": 0.9174793698424607,
                "support": 1274
            },
            "1": {
                "precision": 0.7548076923076923,
                "recall": 0.4815950920245399,
                "f1-score": 0.5880149812734082,
                "support": 326
            },
            "accuracy": 0.8625,
            "macro avg": {
                "precision": 0.8166998231653404,
                "recall": 0.7207818474251428,
                "f1-score": 0.7527471755579345,
                "support": 1600
            },
            "weighted avg": {
                "precision": 0.8533709106984969,
                "recall": 0.8625,
                "f1-score": 0.8503510006715161,
                "support": 1600
            },
            "cross-entropy": 0.3382382182098962,
            "roc-auc": 0.8637834558079958,
            "score": 0.8625
        },
        "test": {
            "0": {
                "precision": 0.8715179079022172,
                "recall": 0.9623352165725048,
                "f1-score": 0.9146778042959426,
                "support": 1593
            },
            "1": {
                "precision": 0.7510373443983402,
                "recall": 0.44471744471744473,
                "f1-score": 0.558641975308642,
                "support": 407
            },
            "accuracy": 0.857,
            "macro avg": {
                "precision": 0.8112776261502788,
                "recall": 0.7035263306449747,
                "f1-score": 0.7366598898022922,
                "support": 2000
            },
            "weighted avg": {
                "precision": 0.8470001132291781,
                "recall": 0.857,
                "f1-score": 0.842224513097027,
                "support": 2000
            },
            "cross-entropy": 0.3511372362118104,
            "roc-auc": 0.8494226121344766,
            "score": 0.857
        }
    },
    "time": "0:00:08",
    "chunk_size": null,
    "eval_batch_size": 32768
}