{
    "function": "bin.ensemble.main",
    "config": {
        "seeds": [
            0,
            1,
            2,
            3,
            4
        ]
    },
    "single_model_function": "bin.tabr.main",
    "data": ":data/classif-num-medium-2-kdd_ipums_la_97-small",
    "prediction_type": "probs",
    "metrics": {
        "train": {
            "0": {
                "precision": 0.956989247311828,
                "recall": 0.8400888395335925,
                "f1-score": 0.8947368421052632,
                "support": 1801
            },
            "1": {
                "precision": 0.8595121951219512,
                "recall": 0.9628415300546448,
                "f1-score": 0.9082474226804123,
                "support": 1830
            },
            "accuracy": 0.9019553841916828,
            "macro avg": {
                "precision": 0.9082507212168895,
                "recall": 0.9014651847941186,
                "f1-score": 0.9014921323928378,
                "support": 3631
            },
            "weighted avg": {
                "precision": 0.9078614573070154,
                "recall": 0.9019553841916828,
                "f1-score": 0.9015460854135867,
                "support": 3631
            },
            "cross-entropy": 0.24003615791731478,
            "roc-auc": 0.9569090335363171,
            "score": 0.9019553841916828
        },
        "val": {
            "0": {
                "precision": 0.9552238805970149,
                "recall": 0.8421052631578947,
                "f1-score": 0.895104895104895,
                "support": 228
            },
            "1": {
                "precision": 0.8646616541353384,
                "recall": 0.9623430962343096,
                "f1-score": 0.9108910891089109,
                "support": 239
            },
            "accuracy": 0.9036402569593148,
            "macro avg": {
                "precision": 0.9099427673661766,
                "recall": 0.9022241796961021,
                "f1-score": 0.9029979921069029,
                "support": 467
            },
            "weighted avg": {
                "precision": 0.9088761886819385,
                "recall": 0.9036402569593148,
                "f1-score": 0.9031839108799695,
                "support": 467
            },
            "cross-entropy": 0.2374595219312758,
            "roc-auc": 0.9592233722381267,
            "score": 0.9036402569593148
        },
        "test": {
            "0": {
                "precision": 0.9451219512195121,
                "recall": 0.8230088495575221,
                "f1-score": 0.8798486281929989,
                "support": 565
            },
            "1": {
                "precision": 0.8327759197324415,
                "recall": 0.9485714285714286,
                "f1-score": 0.8869100623330366,
                "support": 525
            },
            "accuracy": 0.8834862385321101,
            "macro avg": {
                "precision": 0.8889489354759768,
                "recall": 0.8857901390644753,
                "f1-score": 0.8833793452630178,
                "support": 1090
            },
            "weighted avg": {
                "precision": 0.8910103305491341,
                "recall": 0.8834862385321101,
                "f1-score": 0.8832497776641179,
                "support": 1090
            },
            "cross-entropy": 0.2798226629627311,
            "roc-auc": 0.9417075431942689,
            "score": 0.8834862385321101
        }
    }
}