{
    "function": "bin.tabr.main",
    "gpus": [
        "A100-SXM-80GB"
    ],
    "config": {
        "seed": 3,
        "batch_size": 128,
        "patience": 16,
        "n_epochs": Infinity,
        "context_size": 96,
        "data": {
            "seed": 0,
            "cache": true,
            "path": ":data/regression-num-medium-0-wine_quality",
            "num_policy": "quantile",
            "cat_policy": null,
            "y_policy": "standard"
        },
        "model": {
            "num_embeddings": null,
            "d_main": 310,
            "context_dropout": 0.2768876173517591,
            "d_multiplier": 2.0,
            "encoder_n_blocks": 0,
            "predictor_n_blocks": 1,
            "mixer_normalization": "auto",
            "dropout0": 0.46831750577187325,
            "dropout1": 0.0,
            "normalization": "LayerNorm",
            "activation": "ReLU"
        },
        "optimizer": {
            "type": "AdamW",
            "lr": 4.54191355323843e-05,
            "weight_decay": 0.0
        }
    },
    "n_parameters": 872651,
    "prediction_type": null,
    "best_epoch": 110,
    "metrics": {
        "train": {
            "rmse": 0.4913309325358795,
            "mae": 0.36337801419928084,
            "r2": 0.6790820990809362,
            "score": -0.4913309325358795
        },
        "val": {
            "rmse": 0.6387968127209602,
            "mae": 0.459651751941589,
            "r2": 0.5228031553426453,
            "score": -0.6387968127209602
        },
        "test": {
            "rmse": 0.6379787576130792,
            "mae": 0.4659009757596344,
            "r2": 0.4617499512147768,
            "score": -0.6379787576130792
        }
    },
    "time": "0:00:40",
    "chunk_size": null,
    "eval_batch_size": 32768
}