{
    "function": "bin.tabr.main",
    "gpus": [
        "NVIDIA A100-SXM4-80GB"
    ],
    "config": {
        "seed": 4,
        "batch_size": 64,
        "patience": 16,
        "n_epochs": Infinity,
        "context_size": 96,
        "data": {
            "seed": 0,
            "cache": true,
            "path": ":data/classif-cat-medium-2-rl",
            "num_policy": "quantile",
            "cat_policy": "ordinal",
            "y_policy": null
        },
        "model": {
            "num_embeddings": null,
            "d_main": 265,
            "mixer_dropout": 0.38920071545944357,
            "d_multiplier": 2.0,
            "encoder_n_blocks": 0,
            "predictor_n_blocks": 1,
            "mixer_normalization": "auto",
            "dropout0": 0.38852797479169876,
            "dropout1": 0.0,
            "normalization": "LayerNorm",
            "activation": "ReLU"
        },
        "optimizer": {
            "type": "AdamW",
            "lr": 0.0003121273641315169,
            "weight_decay": 1.2260352006404615e-06
        }
    },
    "n_parameters": 644746,
    "prediction_type": "logits",
    "best_epoch": 20,
    "metrics": {
        "train": {
            "0": {
                "precision": 0.8617256637168141,
                "recall": 0.9089848308051341,
                "f1-score": 0.8847245883021011,
                "support": 1714
            },
            "1": {
                "precision": 0.9066427289048474,
                "recall": 0.8583569405099151,
                "f1-score": 0.8818393480791619,
                "support": 1765
            },
            "accuracy": 0.8832997987927566,
            "macro avg": {
                "precision": 0.8841841963108308,
                "recall": 0.8836708856575246,
                "f1-score": 0.8832819681906314,
                "support": 3479
            },
            "weighted avg": {
                "precision": 0.8845134245839826,
                "recall": 0.8832997987927566,
                "f1-score": 0.8832608202671808,
                "support": 3479
            },
            "cross-entropy": 0.2978431221787491,
            "roc-auc": 0.9466612235183673,
            "score": 0.8832997987927566
        },
        "val": {
            "0": {
                "precision": 0.875,
                "recall": 0.8898305084745762,
                "f1-score": 0.8823529411764707,
                "support": 236
            },
            "1": {
                "precision": 0.8743961352657005,
                "recall": 0.8578199052132701,
                "f1-score": 0.8660287081339713,
                "support": 211
            },
            "accuracy": 0.8747203579418344,
            "macro avg": {
                "precision": 0.8746980676328502,
                "recall": 0.8738252068439232,
                "f1-score": 0.874190824655221,
                "support": 447
            },
            "weighted avg": {
                "precision": 0.8747149542305656,
                "recall": 0.8747203579418344,
                "f1-score": 0.8746473188678188,
                "support": 447
            },
            "cross-entropy": 0.33690995853215305,
            "roc-auc": 0.9298939673869386,
            "score": 0.8747203579418344
        },
        "test": {
            "0": {
                "precision": 0.8807339449541285,
                "recall": 0.900562851782364,
                "f1-score": 0.8905380333951762,
                "support": 533
            },
            "1": {
                "precision": 0.8933601609657947,
                "recall": 0.8722986247544204,
                "f1-score": 0.882703777335984,
                "support": 509
            },
            "accuracy": 0.8867562380038387,
            "macro avg": {
                "precision": 0.8870470529599617,
                "recall": 0.8864307382683922,
                "f1-score": 0.8866209053655801,
                "support": 1042
            },
            "weighted avg": {
                "precision": 0.8869016454819003,
                "recall": 0.8867562380038387,
                "f1-score": 0.8867111271244192,
                "support": 1042
            },
            "cross-entropy": 0.3209676580436384,
            "roc-auc": 0.9343081567433477,
            "score": 0.8867562380038387
        }
    },
    "time": "0:00:39",
    "chunk_size": null,
    "eval_batch_size": 32768
}