{
    "function": "bin.lightgbm_.main",
    "gpus": [
        "GeForce RTX 2080 Ti",
        "GeForce RTX 2080 Ti"
    ],
    "config": {
        "seed": 14,
        "data": {
            "seed": 0,
            "num_policy": null,
            "cache": true,
            "path": ":data/regression-cat-large-0-diamonds",
            "cat_policy": "one-hot",
            "y_policy": "standard"
        },
        "model": {
            "n_estimators": 4000,
            "n_jobs": 4,
            "feature_fraction": 0.8576734586159742,
            "lambda_l2": 0.0,
            "learning_rate": 0.0038999144932846752,
            "num_leaves": 217,
            "min_sum_hessian_in_leaf": 2.284116448678201,
            "bagging_fraction": 0.5689374047341466
        },
        "fit": {
            "early_stopping_rounds": 200,
            "verbose": true
        }
    },
    "prediction_type": null,
    "time": "0:01:11",
    "best_iteration": 3999,
    "metrics": {
        "train": {
            "rmse": 0.06293282953155162,
            "mae": 0.04502696751955593,
            "r2": 0.9961412351805762,
            "score": -0.06293282953155162
        },
        "val": {
            "rmse": 0.07993297807196677,
            "mae": 0.0572825948752466,
            "r2": 0.9938249448391909,
            "score": -0.07993297807196677
        },
        "test": {
            "rmse": 0.0850836009693898,
            "mae": 0.05944644950120093,
            "r2": 0.9929864776345374,
            "score": -0.0850836009693898
        }
    }
}
