{
    "function": "bin.catboost_.main",
    "gpus": [
        "NVIDIA GeForce RTX 2080 Ti",
        "NVIDIA GeForce RTX 2080 Ti"
    ],
    "config": {
        "seed": 8,
        "data": {
            "seed": 0,
            "num_policy": null,
            "cat_policy": null,
            "cache": true,
            "path": ":data/classif-num-large-0-MiniBooNE",
            "y_policy": null
        },
        "model": {
            "iterations": 4000,
            "early_stopping_rounds": 3999,
            "thread_count": 4,
            "task_type": "CPU",
            "od_pval": 0.001
        },
        "fit": {
            "logging_level": "Verbose"
        }
    },
    "prediction_type": "probs",
    "time": "0:00:45",
    "best_iteration": 3923,
    "metrics": {
        "train": {
            "0": {
                "precision": 0.9989242170690892,
                "recall": 0.9980890959034994,
                "f1-score": 0.9985064818686898,
                "support": 25119
            },
            "1": {
                "precision": 0.9980724439804032,
                "recall": 0.9989148346127568,
                "f1-score": 0.9984934616234458,
                "support": 24881
            },
            "accuracy": 0.9985,
            "macro avg": {
                "precision": 0.9984983305247461,
                "recall": 0.9985019652581281,
                "f1-score": 0.9984999717460679,
                "support": 50000
            },
            "weighted avg": {
                "precision": 0.9985003577446973,
                "recall": 0.9985,
                "f1-score": 0.9985000027342517,
                "support": 50000
            },
            "cross-entropy": 0.026491547330433282,
            "roc-auc": 0.9999472572049748,
            "score": 0.9985
        },
        "val": {
            "0": {
                "precision": 0.9623137598597721,
                "recall": 0.9363274587833996,
                "f1-score": 0.9491427748163089,
                "support": 3518
            },
            "1": {
                "precision": 0.9355581127733027,
                "recall": 0.9618456078083407,
                "f1-score": 0.9485197608283505,
                "support": 3381
            },
            "accuracy": 0.9488331642266995,
            "macro avg": {
                "precision": 0.9489359363165374,
                "recall": 0.9490865332958702,
                "f1-score": 0.9488312678223297,
                "support": 6899
            },
            "weighted avg": {
                "precision": 0.9492015924732881,
                "recall": 0.9488331642266995,
                "f1-score": 0.9488374537127742,
                "support": 6899
            },
            "cross-entropy": 0.14744293656220608,
            "roc-auc": 0.9861540236135485,
            "score": 0.9488331642266995
        },
        "test": {
            "0": {
                "precision": 0.9523192536926665,
                "recall": 0.9348766217247519,
                "f1-score": 0.9435173299101413,
                "support": 7862
            },
            "1": {
                "precision": 0.9389094380145567,
                "recall": 0.9553235401238315,
                "f1-score": 0.947045372487664,
                "support": 8237
            },
            "accuracy": 0.9453382197652028,
            "macro avg": {
                "precision": 0.9456143458536116,
                "recall": 0.9451000809242918,
                "f1-score": 0.9452813511989027,
                "support": 16099
            },
            "weighted avg": {
                "precision": 0.9454581659393533,
                "recall": 0.9453382197652028,
                "f1-score": 0.9453224412034548,
                "support": 16099
            },
            "cross-entropy": 0.15612785894770356,
            "roc-auc": 0.9849919225493718,
            "score": 0.9453382197652028
        }
    }
}
