{
    "function": "bin.catboost_.main",
    "gpus": [
        "NVIDIA GeForce RTX 2080 Ti",
        "NVIDIA GeForce RTX 2080 Ti"
    ],
    "config": {
        "seed": 8,
        "data": {
            "seed": 0,
            "num_policy": null,
            "cat_policy": null,
            "cache": true,
            "path": ":data/regression-cat-medium-0-OnlineNewsPopularity",
            "y_policy": "standard"
        },
        "model": {
            "iterations": 4000,
            "early_stopping_rounds": 200,
            "od_pval": 0.001,
            "bagging_temperature": 0.15433433092614793,
            "depth": 8,
            "l2_leaf_reg": 3.0716728532794653,
            "leaf_estimation_iterations": 2,
            "learning_rate": 0.007535637561366339,
            "task_type": "CPU",
            "thread_count": 4
        },
        "fit": {
            "logging_level": "Verbose"
        }
    },
    "prediction_type": null,
    "time": "0:00:45",
    "best_iteration": 2651,
    "metrics": {
        "train": {
            "rmse": 0.5719365194322225,
            "mae": 0.4289514015445655,
            "r2": 0.6221681988570119,
            "score": -0.5719365194322225
        },
        "val": {
            "rmse": 0.8358492619285985,
            "mae": 0.6201127866884482,
            "r2": 0.1714444590923272,
            "score": -0.8358492619285985
        },
        "test": {
            "rmse": 0.8534054249475959,
            "mae": 0.6279268191132137,
            "r2": 0.1653440454931665,
            "score": -0.8534054249475959
        }
    }
}
