{
    "function": "bin.tabr.main",
    "gpus": [
        "NVIDIA A100-SXM4-80GB"
    ],
    "config": {
        "seed": 7,
        "batch_size": 32,
        "patience": 16,
        "n_epochs": Infinity,
        "context_size": 96,
        "data": {
            "seed": 0,
            "cache": true,
            "path": ":data/classif-num-medium-4-phoneme",
            "num_policy": "quantile",
            "cat_policy": null,
            "y_policy": null
        },
        "model": {
            "num_embeddings": null,
            "d_main": 265,
            "mixer_dropout": 0.38920071545944357,
            "d_multiplier": 2.0,
            "encoder_n_blocks": 0,
            "predictor_n_blocks": 1,
            "mixer_normalization": "auto",
            "dropout0": 0.38852797479169876,
            "dropout1": 0.0,
            "normalization": "LayerNorm",
            "activation": "ReLU"
        },
        "optimizer": {
            "type": "AdamW",
            "lr": 0.0003121273641315169,
            "weight_decay": 1.2260352006404615e-06
        }
    },
    "n_parameters": 637061,
    "prediction_type": "logits",
    "best_epoch": 5,
    "metrics": {
        "train": {
            "0": {
                "precision": 0.9106796116504854,
                "recall": 0.8458070333633905,
                "f1-score": 0.8770453482935952,
                "support": 1109
            },
            "1": {
                "precision": 0.8563025210084033,
                "recall": 0.9171917191719172,
                "f1-score": 0.8857018687527163,
                "support": 1111
            },
            "accuracy": 0.8815315315315315,
            "macro avg": {
                "precision": 0.8834910663294444,
                "recall": 0.8814993762676538,
                "f1-score": 0.8813736085231557,
                "support": 2220
            },
            "weighted avg": {
                "precision": 0.8834665721444704,
                "recall": 0.8815315315315315,
                "f1-score": 0.8813775078566959,
                "support": 2220
            },
            "cross-entropy": 0.29078747231894936,
            "roc-auc": 0.9487614225804908,
            "score": 0.8815315315315315
        },
        "val": {
            "0": {
                "precision": 0.9295774647887324,
                "recall": 0.8859060402684564,
                "f1-score": 0.9072164948453608,
                "support": 149
            },
            "1": {
                "precision": 0.8811188811188811,
                "recall": 0.9264705882352942,
                "f1-score": 0.903225806451613,
                "support": 136
            },
            "accuracy": 0.9052631578947369,
            "macro avg": {
                "precision": 0.9053481729538068,
                "recall": 0.9061883142518753,
                "f1-score": 0.9052211506484868,
                "support": 285
            },
            "weighted avg": {
                "precision": 0.9064533687217156,
                "recall": 0.9052631578947369,
                "f1-score": 0.905312166348695,
                "support": 285
            },
            "cross-entropy": 0.2675055654596036,
            "roc-auc": 0.958004342676668,
            "score": 0.9052631578947369
        },
        "test": {
            "0": {
                "precision": 0.898360655737705,
                "recall": 0.8353658536585366,
                "f1-score": 0.8657187993680885,
                "support": 328
            },
            "1": {
                "precision": 0.850828729281768,
                "recall": 0.9085545722713865,
                "f1-score": 0.8787446504992866,
                "support": 339
            },
            "accuracy": 0.8725637181409296,
            "macro avg": {
                "precision": 0.8745946925097365,
                "recall": 0.8719602129649615,
                "f1-score": 0.8722317249336875,
                "support": 667
            },
            "weighted avg": {
                "precision": 0.874202750087686,
                "recall": 0.8725637181409296,
                "f1-score": 0.8723391345007364,
                "support": 667
            },
            "cross-entropy": 0.31142653319064106,
            "roc-auc": 0.9421900856176703,
            "score": 0.8725637181409296
        }
    },
    "time": "0:00:11",
    "chunk_size": null,
    "eval_batch_size": 32768
}