{
    "function": "bin.xgboost_.main",
    "gpus": [
        "NVIDIA GeForce RTX 2080 Ti"
    ],
    "config": {
        "seed": 9,
        "data": {
            "seed": 0,
            "num_policy": null,
            "cache": true,
            "path": ":data/regression-cat-medium-0-yprop_4_1",
            "cat_policy": null,
            "y_policy": "standard"
        },
        "model": {
            "booster": "gbtree",
            "n_estimators": 4000,
            "n_jobs": 1,
            "tree_method": "gpu_hist",
            "use_label_encoder": false,
            "colsample_bytree": 0.6183648266034416,
            "gamma": 0,
            "lambda": 7.232494352764386,
            "learning_rate": 0.009012694212175732,
            "max_depth": 12,
            "min_child_weight": 0.2700967550964692,
            "subsample": 0.9188238594263772
        },
        "fit": {
            "early_stopping_rounds": 200,
            "verbose": true
        },
        "neighbors": null
    },
    "prediction_type": null,
    "time": "0:00:06",
    "best_iteration": 381,
    "metrics": {
        "train": {
            "rmse": 0.01650172411549474,
            "mae": 0.010227011347917814,
            "r2": 0.708690539798404,
            "score": -0.01650172411549474
        },
        "val": {
            "rmse": 0.027041178142559855,
            "mae": 0.019476633690307166,
            "r2": 0.12202258180585457,
            "score": -0.027041178142559855
        },
        "test": {
            "rmse": 0.026220830635039615,
            "mae": 0.018821432764220658,
            "r2": 0.07303272507067982,
            "score": -0.026220830635039615
        }
    }
}
