{
    "function": "bin.catboost_.main",
    "gpus": [
        "NVIDIA GeForce RTX 2080 Ti",
        "NVIDIA GeForce RTX 2080 Ti"
    ],
    "config": {
        "seed": 12,
        "data": {
            "seed": 0,
            "num_policy": null,
            "cat_policy": null,
            "cache": true,
            "path": ":data/regression-num-medium-1-elevators",
            "y_policy": "standard"
        },
        "model": {
            "iterations": 4000,
            "early_stopping_rounds": 3999,
            "thread_count": 4,
            "task_type": "CPU",
            "od_pval": 0.001
        },
        "fit": {
            "logging_level": "Verbose"
        }
    },
    "prediction_type": null,
    "time": "0:00:06",
    "best_iteration": 3960,
    "metrics": {
        "train": {
            "rmse": 0.0012777588631461131,
            "mae": 0.0009586970207547868,
            "r2": 0.9639084110772762,
            "score": -0.0012777588631461131
        },
        "val": {
            "rmse": 0.0019518743925802315,
            "mae": 0.0014667100894607196,
            "r2": 0.9151958289935496,
            "score": -0.0019518743925802315
        },
        "test": {
            "rmse": 0.0019512023192342946,
            "mae": 0.0014544060676245398,
            "r2": 0.915263956440776,
            "score": -0.0019512023192342946
        }
    }
}
