{
    "function": "bin.catboost_.main",
    "gpus": [
        "NVIDIA GeForce RTX 2080 Ti",
        "NVIDIA GeForce RTX 2080 Ti"
    ],
    "config": {
        "seed": 13,
        "data": {
            "seed": 0,
            "num_policy": null,
            "cat_policy": null,
            "cache": true,
            "path": ":data/regression-num-medium-0-medical_charges",
            "y_policy": "standard"
        },
        "model": {
            "iterations": 4000,
            "early_stopping_rounds": 200,
            "od_pval": 0.001,
            "bagging_temperature": 0.028831118468720822,
            "depth": 6,
            "l2_leaf_reg": 1.057435930383062,
            "leaf_estimation_iterations": 4,
            "learning_rate": 0.0024261815278678496,
            "task_type": "CPU",
            "thread_count": 4
        },
        "fit": {
            "logging_level": "Verbose"
        }
    },
    "prediction_type": null,
    "time": "0:00:08",
    "best_iteration": 3350,
    "metrics": {
        "train": {
            "rmse": 0.07881012581705342,
            "mae": 0.05097013474790184,
            "r2": 0.9801695015723273,
            "score": -0.07881012581705342
        },
        "val": {
            "rmse": 0.08224635715214287,
            "mae": 0.051874416510523054,
            "r2": 0.9789332672203667,
            "score": -0.08224635715214287
        },
        "test": {
            "rmse": 0.08155089189629627,
            "mae": 0.051536284113750865,
            "r2": 0.9793377025184976,
            "score": -0.08155089189629627
        }
    }
}
