{
    "function": "bin.ffn.main",
    "gpus": [
        "A100-SXM-80GB"
    ],
    "config": {
        "seed": 11,
        "batch_size": 256,
        "patience": 16,
        "n_epochs": Infinity,
        "data": {
            "seed": 0,
            "cache": true,
            "path": ":data/regression-num-medium-0-Ailerons",
            "num_policy": "quantile",
            "cat_policy": null,
            "y_policy": "standard"
        },
        "optimizer": {
            "type": "AdamW",
            "lr": 0.0004462529957878403,
            "weight_decay": 0.0
        },
        "model": {
            "num_embeddings": null,
            "backbone": {
                "type": "MLP",
                "n_blocks": 1,
                "d_layer": 906,
                "dropout": 0.27325888664202475,
                "activation": "ReLU"
            }
        }
    },
    "n_parameters": 31711,
    "prediction_type": null,
    "best_epoch": 60,
    "metrics": {
        "train": {
            "rmse": 0.0001554349531485019,
            "mae": 0.00011490590491236574,
            "r2": 0.8580487762829787,
            "score": -0.0001554349531485019
        },
        "val": {
            "rmse": 0.0001558100189884737,
            "mae": 0.00011588456384821477,
            "r2": 0.8358220903857623,
            "score": -0.0001558100189884737
        },
        "test": {
            "rmse": 0.00015982269785845627,
            "mae": 0.00011791904526022023,
            "r2": 0.8413110679046711,
            "score": -0.00015982269785845627
        }
    },
    "time": "0:00:04",
    "chunk_size": null,
    "eval_batch_size": 32768
}
