{
    "function": "bin.ffn.main",
    "gpus": [
        "A100-SXM-80GB"
    ],
    "config": {
        "seed": 12,
        "batch_size": 64,
        "patience": 16,
        "n_epochs": Infinity,
        "data": {
            "seed": 0,
            "cache": true,
            "path": ":data/classif-cat-medium-2-rl",
            "num_policy": "quantile",
            "cat_policy": "ordinal",
            "y_policy": null
        },
        "optimizer": {
            "type": "AdamW",
            "lr": 0.00018509581840576734,
            "weight_decay": 0.0
        },
        "model": {
            "num_embeddings": null,
            "backbone": {
                "type": "MLP",
                "n_blocks": 5,
                "d_layer": 387,
                "dropout": 0.050912840439786805,
                "activation": "ReLU"
            }
        }
    },
    "n_parameters": 614557,
    "prediction_type": "logits",
    "best_epoch": 40,
    "metrics": {
        "train": {
            "0": {
                "precision": 0.887719298245614,
                "recall": 0.8856476079346558,
                "f1-score": 0.8866822429906542,
                "support": 1714
            },
            "1": {
                "precision": 0.8892029395138497,
                "recall": 0.8912181303116147,
                "f1-score": 0.8902093944538766,
                "support": 1765
            },
            "accuracy": 0.8884736993388905,
            "macro avg": {
                "precision": 0.8884611188797318,
                "recall": 0.8884328691231352,
                "f1-score": 0.8884458187222655,
                "support": 3479
            },
            "weighted avg": {
                "precision": 0.8884719935139198,
                "recall": 0.8884736993388905,
                "f1-score": 0.8884716716576814,
                "support": 3479
            },
            "cross-entropy": 0.26669381434878353,
            "roc-auc": 0.9593657960934943,
            "score": 0.8884736993388905
        },
        "val": {
            "0": {
                "precision": 0.7290836653386454,
                "recall": 0.7754237288135594,
                "f1-score": 0.7515400410677618,
                "support": 236
            },
            "1": {
                "precision": 0.7295918367346939,
                "recall": 0.6777251184834123,
                "f1-score": 0.7027027027027026,
                "support": 211
            },
            "accuracy": 0.7293064876957495,
            "macro avg": {
                "precision": 0.7293377510366696,
                "recall": 0.7265744236484859,
                "f1-score": 0.7271213718852323,
                "support": 447
            },
            "weighted avg": {
                "precision": 0.7293235404271604,
                "recall": 0.7293064876957495,
                "f1-score": 0.7284870692668054,
                "support": 447
            },
            "cross-entropy": 0.7079186913921972,
            "roc-auc": 0.7986786087235922,
            "score": 0.7293064876957495
        },
        "test": {
            "0": {
                "precision": 0.6709090909090909,
                "recall": 0.6923076923076923,
                "f1-score": 0.6814404432132964,
                "support": 533
            },
            "1": {
                "precision": 0.6666666666666666,
                "recall": 0.6444007858546169,
                "f1-score": 0.6553446553446554,
                "support": 509
            },
            "accuracy": 0.6689059500959693,
            "macro avg": {
                "precision": 0.6687878787878787,
                "recall": 0.6683542390811545,
                "f1-score": 0.668392549278976,
                "support": 1042
            },
            "weighted avg": {
                "precision": 0.6688367358808817,
                "recall": 0.6689059500959693,
                "f1-score": 0.6686930765864842,
                "support": 1042
            },
            "cross-entropy": 0.8135131446785698,
            "roc-auc": 0.7497945056524767,
            "score": 0.6689059500959693
        }
    },
    "time": "0:00:11",
    "chunk_size": null,
    "eval_batch_size": 32768
}
