{
    "function": "bin.tabr.main",
    "gpus": [
        "A100-SXM-80GB"
    ],
    "config": {
        "seed": 11,
        "batch_size": 256,
        "patience": 16,
        "n_epochs": Infinity,
        "context_size": 96,
        "data": {
            "seed": 0,
            "cache": true,
            "path": ":data/california",
            "num_policy": "quantile",
            "cat_policy": null,
            "y_policy": "standard"
        },
        "model": {
            "num_embeddings": null,
            "d_main": 303,
            "context_dropout": 0.23258422826138023,
            "d_multiplier": 2.0,
            "encoder_n_blocks": 0,
            "predictor_n_blocks": 1,
            "mixer_normalization": "auto",
            "dropout0": 0.5508268685197037,
            "dropout1": 0.0,
            "normalization": "LayerNorm",
            "activation": "ReLU"
        },
        "optimizer": {
            "type": "AdamW",
            "lr": 0.000280842117039655,
            "weight_decay": 0.0
        }
    },
    "n_parameters": 832948,
    "prediction_type": null,
    "best_epoch": 42,
    "metrics": {
        "train": {
            "rmse": 0.37192559187011365,
            "mae": 0.2396491421185427,
            "r2": 0.8973038201383173,
            "score": -0.37192559187011365
        },
        "val": {
            "rmse": 0.4187818753229112,
            "mae": 0.25794224670758226,
            "r2": 0.8654940297335657,
            "score": -0.4187818753229112
        },
        "test": {
            "rmse": 0.40146508046375345,
            "mae": 0.25325371806779096,
            "r2": 0.8763958788044439,
            "score": -0.40146508046375345
        }
    },
    "time": "0:01:10",
    "chunk_size": null,
    "eval_batch_size": 32768
}