{
    "function": "bin.tabr.main",
    "gpus": [
        "A100-SXM-80GB"
    ],
    "config": {
        "seed": 3,
        "batch_size": 256,
        "patience": 16,
        "n_epochs": Infinity,
        "context_size": 96,
        "data": {
            "seed": 0,
            "cache": true,
            "path": ":data/classif-cat-medium-0-electricity",
            "num_policy": "quantile",
            "cat_policy": "ordinal",
            "y_policy": null
        },
        "model": {
            "num_embeddings": null,
            "d_main": 321,
            "context_dropout": 0.5057441950765958,
            "d_multiplier": 2.0,
            "encoder_n_blocks": 0,
            "predictor_n_blocks": 1,
            "mixer_normalization": "auto",
            "dropout0": 0.5589292854615713,
            "dropout1": 0.0,
            "normalization": "LayerNorm",
            "activation": "ReLU"
        },
        "optimizer": {
            "type": "AdamW",
            "lr": 0.0006281975843905225,
            "weight_decay": 7.682062666652717e-06
        }
    },
    "n_parameters": 936358,
    "prediction_type": "logits",
    "best_epoch": 104,
    "metrics": {
        "train": {
            "0": {
                "precision": 0.9322102699411406,
                "recall": 0.9165835162642187,
                "f1-score": 0.9243308512779231,
                "support": 5011
            },
            "1": {
                "precision": 0.9176029962546817,
                "recall": 0.9330527159751453,
                "f1-score": 0.9252633671238323,
                "support": 4989
            },
            "accuracy": 0.9248,
            "macro avg": {
                "precision": 0.9249066330979112,
                "recall": 0.924818116119682,
                "f1-score": 0.9247971092008778,
                "support": 10000
            },
            "weighted avg": {
                "precision": 0.9249227010989663,
                "recall": 0.9248,
                "f1-score": 0.9247960834334472,
                "support": 10000
            },
            "cross-entropy": 0.17914220499908992,
            "roc-auc": 0.9811761488925607,
            "score": 0.9248
        },
        "val": {
            "0": {
                "precision": 0.9248568702290076,
                "recall": 0.9069005847953217,
                "f1-score": 0.9157907169009094,
                "support": 4275
            },
            "1": {
                "precision": 0.9085057471264368,
                "recall": 0.9261776423716898,
                "f1-score": 0.9172565858187304,
                "support": 4267
            },
            "accuracy": 0.9165300866307656,
            "macro avg": {
                "precision": 0.9166813086777222,
                "recall": 0.9165391135835057,
                "f1-score": 0.9165236513598198,
                "support": 8542
            },
            "weighted avg": {
                "precision": 0.9166889654902264,
                "recall": 0.9165300866307656,
                "f1-score": 0.916522964930919,
                "support": 8542
            },
            "cross-entropy": 0.2027072042838035,
            "roc-auc": 0.9753064247995976,
            "score": 0.9165300866307656
        },
        "test": {
            "0": {
                "precision": 0.9250408496732027,
                "recall": 0.9102602753492112,
                "f1-score": 0.917591044927316,
                "support": 9951
            },
            "1": {
                "precision": 0.9119329388560158,
                "recall": 0.9264602745215911,
                "f1-score": 0.9191392077928532,
                "support": 9981
            },
            "accuracy": 0.9183724663857115,
            "macro avg": {
                "precision": 0.9184868942646092,
                "recall": 0.9183602749354012,
                "f1-score": 0.9183651263600846,
                "support": 19932
            },
            "weighted avg": {
                "precision": 0.9184770297922904,
                "recall": 0.9183724663857115,
                "f1-score": 0.9183662914435172,
                "support": 19932
            },
            "cross-entropy": 0.19251425403178227,
            "roc-auc": 0.9778554331110731,
            "score": 0.9183724663857115
        }
    },
    "time": "0:02:53",
    "chunk_size": null,
    "eval_batch_size": 32768
}