{
    "function": "bin.xgboost_.main",
    "gpus": [
        "NVIDIA GeForce RTX 2080 Ti"
    ],
    "config": {
        "seed": 4,
        "data": {
            "seed": 0,
            "num_policy": null,
            "cache": true,
            "path": ":data/classif-cat-medium-0-compass",
            "cat_policy": "one-hot",
            "y_policy": null
        },
        "model": {
            "booster": "gbtree",
            "n_estimators": 4000,
            "n_jobs": 1,
            "tree_method": "gpu_hist",
            "use_label_encoder": false,
            "colsample_bytree": 0.5096723026659118,
            "gamma": 0.0017481169882980257,
            "lambda": 0.0,
            "learning_rate": 0.03761118227806621,
            "max_depth": 13,
            "min_child_weight": 0.0012113304514393766,
            "subsample": 0.9148644017995984
        },
        "fit": {
            "early_stopping_rounds": 200,
            "verbose": true
        },
        "neighbors": null
    },
    "prediction_type": "probs",
    "time": "0:00:09",
    "best_iteration": 819,
    "metrics": {
        "train": {
            "0": {
                "precision": 0.999801429706116,
                "recall": 1.0,
                "f1-score": 0.9999007049945388,
                "support": 5035
            },
            "1": {
                "precision": 1.0,
                "recall": 0.9997985901309164,
                "f1-score": 0.999899284922953,
                "support": 4965
            },
            "accuracy": 0.9999,
            "macro avg": {
                "precision": 0.999900714853058,
                "recall": 0.9998992950654582,
                "f1-score": 0.9998999949587459,
                "support": 10000
            },
            "weighted avg": {
                "precision": 0.9999000198570295,
                "recall": 0.9999,
                "f1-score": 0.9998999999289965,
                "support": 10000
            },
            "cross-entropy": 0.0017910955781005318,
            "roc-auc": 0.99999997999902,
            "score": 0.9999
        },
        "val": {
            "0": {
                "precision": 0.822,
                "recall": 0.8448098663926003,
                "f1-score": 0.833248859604663,
                "support": 973
            },
            "1": {
                "precision": 0.8479355488418933,
                "recall": 0.8254901960784313,
                "f1-score": 0.8365623447590661,
                "support": 1020
            },
            "accuracy": 0.8349222277972905,
            "macro avg": {
                "precision": 0.8349677744209466,
                "recall": 0.8351500312355158,
                "f1-score": 0.8349056021818646,
                "support": 1993
            },
            "weighted avg": {
                "precision": 0.8352735874654947,
                "recall": 0.8349222277972905,
                "f1-score": 0.8349446723781156,
                "support": 1993
            },
            "cross-entropy": 0.47714330546830463,
            "roc-auc": 0.9054218809826089,
            "score": 0.8349222277972905
        },
        "test": {
            "0": {
                "precision": 0.8175965665236051,
                "recall": 0.8236057068741893,
                "f1-score": 0.8205901356881327,
                "support": 2313
            },
            "1": {
                "precision": 0.8241379310344827,
                "recall": 0.8181429182712879,
                "f1-score": 0.8211294824994632,
                "support": 2337
            },
            "accuracy": 0.8208602150537634,
            "macro avg": {
                "precision": 0.8208672487790439,
                "recall": 0.8208743125727387,
                "f1-score": 0.820859809093798,
                "support": 4650
            },
            "weighted avg": {
                "precision": 0.8208841297197172,
                "recall": 0.8208602150537634,
                "f1-score": 0.8208612009565368,
                "support": 4650
            },
            "cross-entropy": 0.5379309236992319,
            "roc-auc": 0.8944884830785642,
            "score": 0.8208602150537634
        }
    }
}
