{
    "function": "bin.tabr.main",
    "gpus": [
        "A100-SXM-80GB"
    ],
    "config": {
        "seed": 12,
        "batch_size": 128,
        "patience": 16,
        "n_epochs": Infinity,
        "context_size": 96,
        "data": {
            "seed": 0,
            "cache": true,
            "path": ":data/regression-num-medium-0-cpu_act",
            "num_policy": "quantile",
            "cat_policy": null,
            "y_policy": "standard"
        },
        "model": {
            "d_main": 359,
            "context_dropout": 0.28497097105107283,
            "d_multiplier": 2.0,
            "encoder_n_blocks": 1,
            "predictor_n_blocks": 2,
            "mixer_normalization": "auto",
            "dropout0": 0.1569527271280276,
            "dropout1": 0.0,
            "normalization": "LayerNorm",
            "activation": "ReLU",
            "num_embeddings": {
                "type": "PLREmbeddings",
                "n_frequencies": 85,
                "frequency_scale": 0.01895421318339489,
                "d_embedding": 63,
                "lite": true
            }
        },
        "optimizer": {
            "type": "AdamW",
            "lr": 0.00010272733650239617,
            "weight_decay": 1.0264291275332491e-05
        }
    },
    "n_parameters": 2687109,
    "prediction_type": null,
    "best_epoch": 37,
    "metrics": {
        "train": {
            "rmse": 1.9506826039165945,
            "mae": 1.4144162581612534,
            "r2": 0.9885737065164422,
            "score": -1.9506826039165945
        },
        "val": {
            "rmse": 2.135194863770069,
            "mae": 1.4972785841117116,
            "r2": 0.9865335368919665,
            "score": -2.135194863770069
        },
        "test": {
            "rmse": 2.0737608911904375,
            "mae": 1.4879231711789203,
            "r2": 0.9879577559253692,
            "score": -2.0737608911904375
        }
    },
    "time": "0:00:39",
    "chunk_size": null,
    "eval_batch_size": 32768
}