{
    "function": "bin.tabr.main",
    "gpus": [
        "A100-SXM-80GB"
    ],
    "config": {
        "seed": 13,
        "batch_size": 256,
        "patience": 16,
        "n_epochs": Infinity,
        "context_size": 96,
        "data": {
            "seed": 0,
            "cache": true,
            "path": ":data/classif-num-medium-2-bank-marketing",
            "num_policy": "quantile",
            "cat_policy": null,
            "y_policy": null
        },
        "model": {
            "num_embeddings": null,
            "d_main": 299,
            "context_dropout": 0.09913902040954647,
            "d_multiplier": 2.0,
            "encoder_n_blocks": 0,
            "predictor_n_blocks": 1,
            "mixer_normalization": "auto",
            "dropout0": 0.3131368773843594,
            "dropout1": 0.0,
            "normalization": "LayerNorm",
            "activation": "ReLU"
        },
        "optimizer": {
            "type": "AdamW",
            "lr": 0.0004993656386312723,
            "weight_decay": 5.2248480264984545e-05
        }
    },
    "n_parameters": 810889,
    "prediction_type": "logits",
    "best_epoch": 25,
    "metrics": {
        "train": {
            "0": {
                "precision": 0.8227498619547211,
                "recall": 0.8056231413895647,
                "f1-score": 0.8140964349132632,
                "support": 3699
            },
            "1": {
                "precision": 0.8098889476467478,
                "recall": 0.8267206477732794,
                "f1-score": 0.8182182449579272,
                "support": 3705
            },
            "accuracy": 0.8161804430037818,
            "macro avg": {
                "precision": 0.8163194048007345,
                "recall": 0.816171894581422,
                "f1-score": 0.8161573399355952,
                "support": 7404
            },
            "weighted avg": {
                "precision": 0.8163141937333488,
                "recall": 0.8161804430037818,
                "f1-score": 0.8161590100369098,
                "support": 7404
            },
            "cross-entropy": 0.40644118058222134,
            "roc-auc": 0.8957811481310011,
            "score": 0.8161804430037818
        },
        "val": {
            "0": {
                "precision": 0.8105726872246696,
                "recall": 0.7948164146868251,
                "f1-score": 0.8026172300981462,
                "support": 463
            },
            "1": {
                "precision": 0.8092369477911646,
                "recall": 0.8241308793456033,
                "f1-score": 0.8166160081053699,
                "support": 489
            },
            "accuracy": 0.8098739495798319,
            "macro avg": {
                "precision": 0.8099048175079171,
                "recall": 0.8094736470162142,
                "f1-score": 0.8096166191017581,
                "support": 952
            },
            "weighted avg": {
                "precision": 0.8098865773685939,
                "recall": 0.8098739495798319,
                "f1-score": 0.8098077788854703,
                "support": 952
            },
            "cross-entropy": 0.4357786978829396,
            "roc-auc": 0.8794206892896421,
            "score": 0.8098739495798319
        },
        "test": {
            "0": {
                "precision": 0.8113718411552346,
                "recall": 0.7976929902395741,
                "f1-score": 0.8044742729306488,
                "support": 1127
            },
            "1": {
                "precision": 0.7953321364452424,
                "recall": 0.8091324200913242,
                "f1-score": 0.8021729289271163,
                "support": 1095
            },
            "accuracy": 0.8033303330333034,
            "macro avg": {
                "precision": 0.8033519888002385,
                "recall": 0.8034127051654492,
                "f1-score": 0.8033236009288826,
                "support": 2222
            },
            "weighted avg": {
                "precision": 0.8034674862238929,
                "recall": 0.8033303330333034,
                "f1-score": 0.8033401722628414,
                "support": 2222
            },
            "cross-entropy": 0.43007434224098334,
            "roc-auc": 0.8837200633678128,
            "score": 0.8033303330333034
        }
    },
    "time": "0:00:17",
    "chunk_size": null,
    "eval_batch_size": 32768
}