{
    "function": "bin.tabr.main",
    "gpus": [
        "A100-SXM-80GB"
    ],
    "config": {
        "seed": 3,
        "batch_size": 1024,
        "patience": 16,
        "n_epochs": Infinity,
        "context_size": 96,
        "data": {
            "seed": 0,
            "cache": true,
            "path": ":data/covtype",
            "num_policy": "quantile",
            "cat_policy": null,
            "y_policy": null
        },
        "model": {
            "d_main": 130,
            "context_dropout": 0.0437357558538884,
            "d_multiplier": 2.0,
            "encoder_n_blocks": 1,
            "predictor_n_blocks": 1,
            "mixer_normalization": "auto",
            "dropout0": 0.5343904237887059,
            "dropout1": 0.0,
            "normalization": "LayerNorm",
            "activation": "ReLU",
            "num_embeddings": {
                "type": "LREmbeddings",
                "d_embedding": 36
            }
        },
        "optimizer": {
            "type": "AdamW",
            "lr": 0.0004585278054026558,
            "weight_decay": 0.0
        }
    },
    "n_parameters": 276847,
    "prediction_type": "logits",
    "best_epoch": 38,
    "metrics": {
        "train": {
            "0": {
                "precision": 0.9791608101910074,
                "recall": 0.9762719615276815,
                "f1-score": 0.9777142519464018,
                "support": 135578
            },
            "1": {
                "precision": 0.9815431799126252,
                "recall": 0.9814132545005295,
                "f1-score": 0.9814782129067844,
                "support": 181312
            },
            "2": {
                "precision": 0.9762599642810472,
                "recall": 0.9794598374267983,
                "f1-score": 0.977857283099544,
                "support": 22882
            },
            "3": {
                "precision": 0.907945205479452,
                "recall": 0.9420125071063103,
                "f1-score": 0.9246651785714286,
                "support": 1759
            },
            "4": {
                "precision": 0.9160939747482819,
                "recall": 0.9435390946502058,
                "f1-score": 0.9296140123256569,
                "support": 6075
            },
            "5": {
                "precision": 0.961866307761328,
                "recall": 0.9644624381466487,
                "f1-score": 0.963162623539982,
                "support": 11115
            },
            "6": {
                "precision": 0.9722664241873153,
                "recall": 0.9775255218650007,
                "f1-score": 0.9748888804467577,
                "support": 13126
            },
            "accuracy": 0.9779694336649213,
            "macro avg": {
                "precision": 0.9564479809372938,
                "recall": 0.9663835164604536,
                "f1-score": 0.9613400632623651,
                "support": 371847
            },
            "weighted avg": {
                "precision": 0.9780163924161206,
                "recall": 0.9779694336649213,
                "f1-score": 0.977986876646052,
                "support": 371847
            },
            "cross-entropy": 0.05069867378366321,
            "score": 0.9779694336649213
        },
        "val": {
            "0": {
                "precision": 0.9769989370497224,
                "recall": 0.9762494836844279,
                "f1-score": 0.9766240665859921,
                "support": 33894
            },
            "1": {
                "precision": 0.9817840168011496,
                "recall": 0.9797696787857395,
                "f1-score": 0.9807758135220785,
                "support": 45328
            },
            "2": {
                "precision": 0.975095785440613,
                "recall": 0.9786750568082503,
                "f1-score": 0.9768821425455815,
                "support": 5721
            },
            "3": {
                "precision": 0.9076923076923077,
                "recall": 0.9407744874715261,
                "f1-score": 0.9239373601789709,
                "support": 439
            },
            "4": {
                "precision": 0.9124040920716112,
                "recall": 0.9394338380513496,
                "f1-score": 0.9257216996432047,
                "support": 1519
            },
            "5": {
                "precision": 0.9567393636038612,
                "recall": 0.9629363080244693,
                "f1-score": 0.9598278335724534,
                "support": 2779
            },
            "6": {
                "precision": 0.9691002726446531,
                "recall": 0.9747105423522242,
                "f1-score": 0.9718973112562661,
                "support": 3282
            },
            "accuracy": 0.9768937845571308,
            "macro avg": {
                "precision": 0.9542592536148456,
                "recall": 0.9646499135968554,
                "f1-score": 0.9593808896149353,
                "support": 92962
            },
            "weighted avg": {
                "precision": 0.9769477356300437,
                "recall": 0.9768937845571308,
                "f1-score": 0.9769147954391597,
                "support": 92962
            },
            "cross-entropy": 0.05735743633236965,
            "score": 0.9768937845571308
        },
        "test": {
            "0": {
                "precision": 0.9772054820460624,
                "recall": 0.9744146525679759,
                "f1-score": 0.9758080718548721,
                "support": 42368
            },
            "1": {
                "precision": 0.9801614641298779,
                "recall": 0.9792273344981557,
                "f1-score": 0.979694176643006,
                "support": 56661
            },
            "2": {
                "precision": 0.9724694104560623,
                "recall": 0.9780450286673192,
                "f1-score": 0.9752492505054731,
                "support": 7151
            },
            "3": {
                "precision": 0.9014336917562724,
                "recall": 0.9162112932604736,
                "f1-score": 0.9087624209575429,
                "support": 549
            },
            "4": {
                "precision": 0.9058823529411765,
                "recall": 0.932596103212217,
                "f1-score": 0.9190451478982874,
                "support": 1899
            },
            "5": {
                "precision": 0.9545454545454546,
                "recall": 0.9614166426720414,
                "f1-score": 0.9579687275857123,
                "support": 3473
            },
            "6": {
                "precision": 0.9676796912686927,
                "recall": 0.9780594831789371,
                "f1-score": 0.9728419010669254,
                "support": 4102
            },
            "accuracy": 0.9757665464747037,
            "macro avg": {
                "precision": 0.9513396495919427,
                "recall": 0.9599957911510171,
                "f1-score": 0.9556242423588311,
                "support": 116203
            },
            "weighted avg": {
                "precision": 0.9758183134582749,
                "recall": 0.9757665464747037,
                "f1-score": 0.9757863023805536,
                "support": 116203
            },
            "cross-entropy": 0.05729681234857711,
            "score": 0.9757665464747037
        }
    },
    "time": "0:29:37",
    "chunk_size": null,
    "eval_batch_size": 32768
}