{
    "function": "bin.xgboost_.main",
    "gpus": [
        "NVIDIA GeForce RTX 2080 Ti"
    ],
    "config": {
        "seed": 9,
        "data": {
            "seed": 0,
            "num_policy": null,
            "cache": true,
            "path": ":data/regression-cat-large-0-black_friday",
            "cat_policy": "one-hot",
            "y_policy": "standard"
        },
        "model": {
            "booster": "gbtree",
            "n_estimators": 4000,
            "n_jobs": 1,
            "tree_method": "gpu_hist",
            "use_label_encoder": false,
            "colsample_bytree": 0.7214133732161738,
            "gamma": 0.003977550306412687,
            "lambda": 6.159006094986694,
            "learning_rate": 0.00843243153529586,
            "max_depth": 8,
            "min_child_weight": 0.00012924110632805505,
            "subsample": 0.9433118576286089
        },
        "fit": {
            "early_stopping_rounds": 200,
            "verbose": true
        },
        "neighbors": null
    },
    "prediction_type": null,
    "time": "0:00:07",
    "best_iteration": 1763,
    "metrics": {
        "train": {
            "rmse": 0.3318318994272307,
            "mae": 0.2455581569441474,
            "r2": 0.6911734765881127,
            "score": -0.3318318994272307
        },
        "val": {
            "rmse": 0.3619640575943363,
            "mae": 0.26871539165339087,
            "r2": 0.6325790998231569,
            "score": -0.3619640575943363
        },
        "test": {
            "rmse": 0.36001639158446497,
            "mae": 0.2675587533606425,
            "r2": 0.6384192924911491,
            "score": -0.36001639158446497
        }
    }
}
