{
    "function": "bin.ffn.main",
    "gpus": [
        "A100-SXM-80GB"
    ],
    "config": {
        "seed": 2,
        "batch_size": 128,
        "patience": 16,
        "n_epochs": Infinity,
        "data": {
            "seed": 0,
            "cache": true,
            "path": ":data/regression-num-medium-0-sulfur",
            "num_policy": "quantile",
            "cat_policy": null,
            "y_policy": "standard"
        },
        "optimizer": {
            "type": "AdamW",
            "lr": 0.0003751382802092465,
            "weight_decay": 0.0
        },
        "model": {
            "backbone": {
                "type": "MLP",
                "n_blocks": 5,
                "d_layer": 680,
                "dropout": 0.0,
                "activation": "ReLU"
            },
            "num_embeddings": {
                "type": "PLREmbeddings",
                "n_frequencies": 41,
                "frequency_scale": 0.13300740495896166,
                "d_embedding": 56,
                "lite": false
            }
        }
    },
    "n_parameters": 2110295,
    "prediction_type": null,
    "best_epoch": 47,
    "metrics": {
        "train": {
            "rmse": 0.011619775616107155,
            "mae": 0.007841428961140151,
            "r2": 0.9483344189338769,
            "score": -0.011619775616107155
        },
        "val": {
            "rmse": 0.018969524220144404,
            "mae": 0.010443069017803341,
            "r2": 0.9078840906568539,
            "score": -0.018969524220144404
        },
        "test": {
            "rmse": 0.02053932626689741,
            "mae": 0.010552552732788989,
            "r2": 0.8584628440546165,
            "score": -0.02053932626689741
        }
    },
    "time": "0:00:13",
    "chunk_size": null,
    "eval_batch_size": 32768
}
