{
    "function": "bin.catboost_.main",
    "gpus": [
        "NVIDIA GeForce RTX 2080 Ti",
        "NVIDIA GeForce RTX 2080 Ti"
    ],
    "config": {
        "seed": 3,
        "data": {
            "seed": 0,
            "num_policy": null,
            "cat_policy": null,
            "cache": true,
            "path": ":data/classif-num-medium-0-credit",
            "y_policy": null
        },
        "model": {
            "iterations": 4000,
            "early_stopping_rounds": 3999,
            "thread_count": 4,
            "task_type": "CPU",
            "od_pval": 0.001
        },
        "fit": {
            "logging_level": "Verbose"
        }
    },
    "prediction_type": "probs",
    "time": "0:00:14",
    "best_iteration": 256,
    "metrics": {
        "train": {
            "0": {
                "precision": 0.7838561591430757,
                "recall": 0.8143879173290938,
                "f1-score": 0.7988304093567251,
                "support": 5032
            },
            "1": {
                "precision": 0.8042749371332775,
                "recall": 0.7725442834138486,
                "f1-score": 0.7880903490759753,
                "support": 4968
            },
            "accuracy": 0.7936,
            "macro avg": {
                "precision": 0.7940655481381766,
                "recall": 0.7934661003714711,
                "f1-score": 0.7934603792163502,
                "support": 10000
            },
            "weighted avg": {
                "precision": 0.7940002080486079,
                "recall": 0.7936,
                "f1-score": 0.7934947474092485,
                "support": 10000
            },
            "cross-entropy": 0.4421473711538629,
            "roc-auc": 0.8755094608675171,
            "score": 0.7936
        },
        "val": {
            "0": {
                "precision": 0.7738209817131858,
                "recall": 0.8104838709677419,
                "f1-score": 0.791728212703102,
                "support": 992
            },
            "1": {
                "precision": 0.8071794871794872,
                "recall": 0.7700587084148728,
                "f1-score": 0.7881822734101152,
                "support": 1022
            },
            "accuracy": 0.7899702085402185,
            "macro avg": {
                "precision": 0.7905002344463365,
                "recall": 0.7902712896913073,
                "f1-score": 0.7899552430566086,
                "support": 2014
            },
            "weighted avg": {
                "precision": 0.7907486840898292,
                "recall": 0.7899702085402185,
                "f1-score": 0.7899288333796499,
                "support": 2014
            },
            "cross-entropy": 0.46408807361527865,
            "roc-auc": 0.8623340934915724,
            "score": 0.7899702085402185
        },
        "test": {
            "0": {
                "precision": 0.7564935064935064,
                "recall": 0.7989712816116588,
                "f1-score": 0.7771523869084843,
                "support": 2333
            },
            "1": {
                "precision": 0.7902504472271914,
                "recall": 0.7465145754119138,
                "f1-score": 0.7677601564197262,
                "support": 2367
            },
            "accuracy": 0.7725531914893617,
            "macro avg": {
                "precision": 0.7733719768603489,
                "recall": 0.7727429285117863,
                "f1-score": 0.7724562716641052,
                "support": 4700
            },
            "weighted avg": {
                "precision": 0.7734940764332154,
                "recall": 0.7725531914893617,
                "f1-score": 0.7724222997665928,
                "support": 4700
            },
            "cross-entropy": 0.47917230657966914,
            "roc-auc": 0.852944590491019,
            "score": 0.7725531914893617
        }
    }
}
