{
    "function": "bin.lightgbm_.main",
    "gpus": [
        "NVIDIA GeForce RTX 2080 Ti",
        "NVIDIA GeForce RTX 2080 Ti"
    ],
    "config": {
        "seed": 8,
        "data": {
            "seed": 0,
            "num_policy": null,
            "cache": true,
            "path": ":data/regression-cat-medium-0-Mercedes_Benz_Greener_Manufacturing",
            "cat_policy": "one-hot",
            "y_policy": "standard"
        },
        "model": {
            "n_estimators": 4000,
            "n_jobs": 4
        },
        "fit": {
            "early_stopping_rounds": 3999,
            "verbose": true
        }
    },
    "prediction_type": null,
    "time": "0:00:03",
    "best_iteration": 25,
    "metrics": {
        "train": {
            "rmse": 7.356638722682893,
            "mae": 4.899532649329884,
            "r2": 0.6507957370948014,
            "score": -7.356638722682893
        },
        "val": {
            "rmse": 8.36428573730198,
            "mae": 5.681347313352437,
            "r2": 0.5500924433650694,
            "score": -8.36428573730198
        },
        "test": {
            "rmse": 9.917260924428628,
            "mae": 5.552175952748496,
            "r2": 0.4589871968737612,
            "score": -9.917260924428628
        }
    }
}
