{
    "function": "bin.xgboost_.main",
    "gpus": [
        "NVIDIA GeForce RTX 2080 Ti"
    ],
    "config": {
        "seed": 1,
        "data": {
            "seed": 0,
            "num_policy": null,
            "cache": true,
            "path": ":data/regression-cat-medium-4-analcatdata_supreme",
            "cat_policy": null,
            "y_policy": "standard"
        },
        "model": {
            "booster": "gbtree",
            "n_estimators": 4000,
            "n_jobs": 1,
            "tree_method": "gpu_hist",
            "use_label_encoder": false,
            "colsample_bytree": 0.8571034742132778,
            "gamma": 0.028705945787091958,
            "lambda": 3.3013887134083917,
            "learning_rate": 0.49360191264529846,
            "max_depth": 9,
            "min_child_weight": 0.014444409260653305,
            "subsample": 0.5612958303318747
        },
        "fit": {
            "early_stopping_rounds": 200,
            "verbose": true
        },
        "neighbors": null
    },
    "prediction_type": null,
    "time": "0:00:00",
    "best_iteration": 115,
    "metrics": {
        "train": {
            "rmse": 0.04877083349361135,
            "mae": 0.016664236917136144,
            "r2": 0.9917765503399131,
            "score": -0.04877083349361135
        },
        "val": {
            "rmse": 0.05859297942084465,
            "mae": 0.019437681171309507,
            "r2": 0.9910934687440126,
            "score": -0.05859297942084465
        },
        "test": {
            "rmse": 0.08293313401452299,
            "mae": 0.01988795987468528,
            "r2": 0.9776475678922687,
            "score": -0.08293313401452299
        }
    }
}
