{
    "function": "bin.ensemble.main",
    "config": {
        "seeds": [
            10,
            11,
            12,
            13,
            14
        ]
    },
    "single_model_function": "bin.catboost_.main",
    "data": ":data/regression-num-medium-0-houses",
    "prediction_type": null,
    "metrics": {
        "train": {
            "rmse": 0.12515772537632114,
            "mae": 0.09372706790105992,
            "r2": 0.9511986173644928,
            "score": -0.12515772537632114
        },
        "val": {
            "rmse": 0.23198172003903292,
            "mae": 0.15516997903851026,
            "r2": 0.8396861468164263,
            "score": -0.23198172003903292
        },
        "test": {
            "rmse": 0.2155610426036519,
            "mae": 0.14956851745697272,
            "r2": 0.856023349991677,
            "score": -0.2155610426036519
        }
    }
}
