{
    "function": "bin.xgboost_.main",
    "gpus": [
        "NVIDIA GeForce RTX 2080 Ti"
    ],
    "config": {
        "seed": 3,
        "data": {
            "seed": 0,
            "num_policy": null,
            "cache": true,
            "path": ":data/classif-num-medium-4-wine",
            "cat_policy": null,
            "y_policy": null
        },
        "model": {
            "booster": "gbtree",
            "n_estimators": 4000,
            "n_jobs": 1,
            "tree_method": "gpu_hist",
            "use_label_encoder": false,
            "colsample_bytree": 0.8025442202996098,
            "gamma": 0.026462717990550947,
            "lambda": 0.0,
            "learning_rate": 0.0032491427648160833,
            "max_depth": 14,
            "min_child_weight": 0.000810106950637112,
            "subsample": 0.7368511731228959
        },
        "fit": {
            "early_stopping_rounds": 200,
            "verbose": true
        },
        "neighbors": null
    },
    "prediction_type": "probs",
    "time": "0:00:01",
    "best_iteration": 14,
    "metrics": {
        "train": {
            "0": {
                "precision": 1.0,
                "recall": 0.9911012235817576,
                "f1-score": 0.9955307262569832,
                "support": 899
            },
            "1": {
                "precision": 0.9910714285714286,
                "recall": 1.0,
                "f1-score": 0.9955156950672646,
                "support": 888
            },
            "accuracy": 0.9955232232792389,
            "macro avg": {
                "precision": 0.9955357142857143,
                "recall": 0.9955506117908788,
                "f1-score": 0.9955232106621239,
                "support": 1787
            },
            "weighted avg": {
                "precision": 0.99556319449996,
                "recall": 0.9955232232792389,
                "f1-score": 0.9955232569248791,
                "support": 1787
            },
            "cross-entropy": 0.6549084466392945,
            "roc-auc": 0.9998860094800028,
            "score": 0.9955232232792389
        },
        "val": {
            "0": {
                "precision": 0.875,
                "recall": 0.8099173553719008,
                "f1-score": 0.8412017167381973,
                "support": 121
            },
            "1": {
                "precision": 0.8050847457627118,
                "recall": 0.8715596330275229,
                "f1-score": 0.8370044052863436,
                "support": 109
            },
            "accuracy": 0.8391304347826087,
            "macro avg": {
                "precision": 0.840042372881356,
                "recall": 0.8407384941997118,
                "f1-score": 0.8391030610122705,
                "support": 230
            },
            "weighted avg": {
                "precision": 0.8418662490788503,
                "recall": 0.8391304347826087,
                "f1-score": 0.8392125560936232,
                "support": 230
            },
            "cross-entropy": 0.6718019740605579,
            "roc-auc": 0.8926378042307984,
            "score": 0.8391304347826087
        },
        "test": {
            "0": {
                "precision": 0.8034188034188035,
                "recall": 0.7315175097276264,
                "f1-score": 0.7657841140529532,
                "support": 257
            },
            "1": {
                "precision": 0.7722772277227723,
                "recall": 0.8357142857142857,
                "f1-score": 0.8027444253859348,
                "support": 280
            },
            "accuracy": 0.7858472998137802,
            "macro avg": {
                "precision": 0.7878480155707879,
                "recall": 0.7836158977209561,
                "f1-score": 0.784264269719444,
                "support": 537
            },
            "weighted avg": {
                "precision": 0.7871811103184521,
                "recall": 0.7858472998137802,
                "f1-score": 0.7850557847666122,
                "support": 537
            },
            "cross-entropy": 0.6735692198624923,
            "roc-auc": 0.8764869371873263,
            "score": 0.7858472998137802
        }
    }
}
