{
    "function": "bin.tabr.main",
    "gpus": [
        "A100-SXM-80GB"
    ],
    "config": {
        "seed": 5,
        "batch_size": 256,
        "patience": 16,
        "n_epochs": Infinity,
        "context_size": 96,
        "data": {
            "seed": 0,
            "cache": true,
            "path": ":data/regression-num-medium-1-Ailerons",
            "num_policy": "quantile",
            "cat_policy": null,
            "y_policy": "standard"
        },
        "model": {
            "num_embeddings": null,
            "d_main": 266,
            "context_dropout": 0.268161899978092,
            "d_multiplier": 2.0,
            "encoder_n_blocks": 0,
            "predictor_n_blocks": 1,
            "mixer_normalization": "auto",
            "dropout0": 0.5970102709346801,
            "dropout1": 0.0,
            "normalization": "LayerNorm",
            "activation": "ReLU"
        },
        "optimizer": {
            "type": "AdamW",
            "lr": 0.00010573700072159575,
            "weight_decay": 0.0
        }
    },
    "n_parameters": 649307,
    "prediction_type": null,
    "best_epoch": 27,
    "metrics": {
        "train": {
            "rmse": 0.00015753774341395425,
            "mae": 0.00011649915791178342,
            "r2": 0.8502889829445434,
            "score": -0.00015753774341395425
        },
        "val": {
            "rmse": 0.00015272387325266122,
            "mae": 0.00011411475716228622,
            "r2": 0.8568121397498355,
            "score": -0.00015272387325266122
        },
        "test": {
            "rmse": 0.00016666652557558904,
            "mae": 0.00012001183655532474,
            "r2": 0.8360653616229025,
            "score": -0.00016666652557558904
        }
    },
    "time": "0:00:17",
    "chunk_size": null,
    "eval_batch_size": 32768
}