{
    "function": "bin.ensemble.main",
    "config": {
        "seeds": [
            0,
            1,
            2,
            3,
            4
        ]
    },
    "single_model_function": "bin.tabr.main",
    "data": ":data/house",
    "prediction_type": null,
    "metrics": {
        "train": {
            "rmse": 21298.810985662498,
            "mae": 12030.204266702407,
            "r2": 0.832946313834839,
            "score": -21298.810985662498
        },
        "val": {
            "rmse": 26925.548853085977,
            "mae": 13740.52793852298,
            "r2": 0.7567148073638872,
            "score": -26925.548853085977
        },
        "test": {
            "rmse": 30157.387034007497,
            "mae": 14470.98216766084,
            "r2": 0.684967580816416,
            "score": -30157.387034007497
        }
    }
}