{
    "function": "bin.ensemble.main",
    "config": {
        "seeds": [
            0,
            1,
            2,
            3,
            4
        ]
    },
    "single_model_function": "bin.tabr.main",
    "data": ":data/regression-num-medium-0-sulfur",
    "prediction_type": null,
    "metrics": {
        "train": {
            "rmse": 0.011328724636147966,
            "mae": 0.007505829476079362,
            "r2": 0.9508902359178599,
            "score": -0.011328724636147966
        },
        "val": {
            "rmse": 0.015319125884238047,
            "mae": 0.008557815434987237,
            "r2": 0.9399255554693106,
            "score": -0.015319125884238047
        },
        "test": {
            "rmse": 0.021295351999189003,
            "mae": 0.009276299029497781,
            "r2": 0.8478514770299341,
            "score": -0.021295351999189003
        }
    }
}