{
    "function": "bin.tabr.main",
    "gpus": [
        "A100-SXM-80GB"
    ],
    "config": {
        "seed": 11,
        "batch_size": 128,
        "patience": 16,
        "n_epochs": Infinity,
        "context_size": 96,
        "data": {
            "seed": 0,
            "cache": true,
            "path": ":data/regression-cat-medium-2-yprop_4_1",
            "num_policy": "quantile",
            "cat_policy": null,
            "y_policy": "standard"
        },
        "model": {
            "d_main": 312,
            "context_dropout": 0.40421749807218077,
            "d_multiplier": 2.0,
            "encoder_n_blocks": 1,
            "predictor_n_blocks": 2,
            "mixer_normalization": "auto",
            "dropout0": 0.14779906043131472,
            "dropout1": 0.0,
            "normalization": "LayerNorm",
            "activation": "ReLU",
            "num_embeddings": {
                "type": "PLREmbeddings",
                "n_frequencies": 10,
                "frequency_scale": 0.0413385461149178,
                "d_embedding": 21,
                "lite": true
            }
        },
        "optimizer": {
            "type": "AdamW",
            "lr": 3.5976197416073956e-05,
            "weight_decay": 0.0
        }
    },
    "n_parameters": 1944622,
    "prediction_type": null,
    "best_epoch": 8,
    "metrics": {
        "train": {
            "rmse": 0.028430447524128148,
            "mae": 0.01885496820115473,
            "r2": 0.12928630912709826,
            "score": -0.028430447524128148
        },
        "val": {
            "rmse": 0.026442455052433107,
            "mae": 0.01864117454102099,
            "r2": 0.07995098916369991,
            "score": -0.026442455052433107
        },
        "test": {
            "rmse": 0.026581897256470335,
            "mae": 0.01915790233109238,
            "r2": 0.11099123647883513,
            "score": -0.026581897256470335
        }
    },
    "time": "0:00:17",
    "chunk_size": null,
    "eval_batch_size": 32768
}