{
    "function": "bin.ffn.main",
    "gpus": [
        "A100-SXM-80GB"
    ],
    "config": {
        "seed": 6,
        "batch_size": 1024,
        "patience": 16,
        "n_epochs": Infinity,
        "data": {
            "seed": 0,
            "cache": true,
            "path": ":data/covtype",
            "num_policy": "quantile",
            "cat_policy": null,
            "y_policy": null
        },
        "optimizer": {
            "type": "AdamW",
            "lr": 0.0005323160727424442,
            "weight_decay": 0.0
        },
        "model": {
            "backbone": {
                "type": "MLP",
                "n_blocks": 3,
                "d_layer": 788,
                "dropout": 0.29215498523879224,
                "activation": "ReLU"
            },
            "num_embeddings": {
                "type": "PLREmbeddings",
                "n_frequencies": 50,
                "frequency_scale": 0.048296570163476035,
                "d_embedding": 59,
                "lite": true
            }
        }
    },
    "n_parameters": 1755826,
    "prediction_type": "logits",
    "best_epoch": 122,
    "metrics": {
        "train": {
            "0": {
                "precision": 0.9878342807847995,
                "recall": 0.9881912994733659,
                "f1-score": 0.9880127578768828,
                "support": 135578
            },
            "1": {
                "precision": 0.9917090707964602,
                "recall": 0.9889086216025414,
                "f1-score": 0.9903068663838812,
                "support": 181312
            },
            "2": {
                "precision": 0.9910335476534138,
                "recall": 0.9902106459225593,
                "f1-score": 0.9906219258935404,
                "support": 22882
            },
            "3": {
                "precision": 0.9467391304347826,
                "recall": 0.9903354178510517,
                "f1-score": 0.9680466796332314,
                "support": 1759
            },
            "4": {
                "precision": 0.9506818902632413,
                "recall": 0.9868312757201646,
                "f1-score": 0.9684193522332607,
                "support": 6075
            },
            "5": {
                "precision": 0.9817416987380292,
                "recall": 0.9868645973909131,
                "f1-score": 0.9842964824120602,
                "support": 11115
            },
            "6": {
                "precision": 0.9835322556277384,
                "recall": 0.9919244248057291,
                "f1-score": 0.9877105143377333,
                "support": 13126
            },
            "accuracy": 0.988745371080041,
            "macro avg": {
                "precision": 0.976181696328352,
                "recall": 0.9890380403951894,
                "f1-score": 0.9824877969672271,
                "support": 371847
            },
            "weighted avg": {
                "precision": 0.9887851476131891,
                "recall": 0.988745371080041,
                "f1-score": 0.9887556130371399,
                "support": 371847
            },
            "cross-entropy": 0.03204980826168773,
            "score": 0.988745371080041
        },
        "val": {
            "0": {
                "precision": 0.9669565217391304,
                "recall": 0.9678409157963062,
                "f1-score": 0.9673985166398796,
                "support": 33894
            },
            "1": {
                "precision": 0.9748094647288196,
                "recall": 0.9706803741616661,
                "f1-score": 0.9727405376724443,
                "support": 45328
            },
            "2": {
                "precision": 0.9696016771488469,
                "recall": 0.9701101206082853,
                "f1-score": 0.9698558322411532,
                "support": 5721
            },
            "3": {
                "precision": 0.8720682302771855,
                "recall": 0.9316628701594533,
                "f1-score": 0.9008810572687224,
                "support": 439
            },
            "4": {
                "precision": 0.8738170347003155,
                "recall": 0.9117840684660962,
                "f1-score": 0.8923969072164949,
                "support": 1519
            },
            "5": {
                "precision": 0.9385653409090909,
                "recall": 0.9510615329255128,
                "f1-score": 0.9447721179624665,
                "support": 2779
            },
            "6": {
                "precision": 0.9594798911400061,
                "recall": 0.9667885435709933,
                "f1-score": 0.9631203521019881,
                "support": 3282
            },
            "accuracy": 0.9677395064650072,
            "macro avg": {
                "precision": 0.9364711658061993,
                "recall": 0.9528469179554734,
                "f1-score": 0.9444521887290213,
                "support": 92962
            },
            "weighted avg": {
                "precision": 0.9678656986073011,
                "recall": 0.9677395064650072,
                "f1-score": 0.9677874188214488,
                "support": 92962
            },
            "cross-entropy": 0.08723906898388117,
            "score": 0.9677395064650072
        },
        "test": {
            "0": {
                "precision": 0.9672018890200709,
                "recall": 0.9667909743202417,
                "f1-score": 0.9669963880167144,
                "support": 42368
            },
            "1": {
                "precision": 0.9741196060369872,
                "recall": 0.970526464411147,
                "f1-score": 0.9723197156825476,
                "support": 56661
            },
            "2": {
                "precision": 0.9631483799193437,
                "recall": 0.9685358691092155,
                "f1-score": 0.965834611630177,
                "support": 7151
            },
            "3": {
                "precision": 0.868824531516184,
                "recall": 0.9289617486338798,
                "f1-score": 0.8978873239436619,
                "support": 549
            },
            "4": {
                "precision": 0.8789420142421159,
                "recall": 0.909952606635071,
                "f1-score": 0.8941785252263906,
                "support": 1899
            },
            "5": {
                "precision": 0.9312890403180011,
                "recall": 0.9444284480276418,
                "f1-score": 0.9378127233738385,
                "support": 3473
            },
            "6": {
                "precision": 0.9627569528415961,
                "recall": 0.9705021940516821,
                "f1-score": 0.9666140585164502,
                "support": 4102
            },
            "accuracy": 0.9670748603736564,
            "macro avg": {
                "precision": 0.9351832019848999,
                "recall": 0.9513854721698399,
                "f1-score": 0.9430919066271114,
                "support": 116203
            },
            "weighted avg": {
                "precision": 0.9671881630155515,
                "recall": 0.9670748603736564,
                "f1-score": 0.9671183472208995,
                "support": 116203
            },
            "cross-entropy": 0.08967583858319769,
            "score": 0.9670748603736564
        }
    },
    "time": "0:03:15",
    "chunk_size": null,
    "eval_batch_size": 32768
}
