{
    "function": "bin.dkl.main",
    "gpus": [
        "A100-SXM-80GB"
    ],
    "config": {
        "seed": 8,
        "kernel": "rbf",
        "lr": 0.0022783205356887823,
        "weight_decay": 2.9692063292895034e-05,
        "patience": 16,
        "n_epochs": Infinity,
        "data": {
            "seed": 0,
            "cache": true,
            "path": ":data/black-friday",
            "num_policy": "quantile",
            "cat_policy": "ordinal",
            "y_policy": "standard"
        },
        "mlp": {
            "n_blocks": 4,
            "d_layer": 526,
            "dropout": 0.20870145315185062,
            "activation": "ReLU"
        }
    },
    "prediction_type": null,
    "best_epoch": 188,
    "metrics": {
        "train": {
            "rmse": 0.6775264856712285,
            "mae": 0.5259938337464722,
            "r2": 0.5401796129060628,
            "score": -0.6775264856712285
        },
        "val": {
            "rmse": 0.6988927186938422,
            "mae": 0.5417523831120186,
            "r2": 0.5101583339741396,
            "score": -0.6988927186938422
        },
        "test": {
            "rmse": 0.7000668691461921,
            "mae": 0.5431812649164288,
            "r2": 0.5136069371088889,
            "score": -0.7000668691461921
        }
    },
    "time": "0:48:10"
}
