{
    "function": "bin.xgboost_.main",
    "gpus": [
        "GeForce RTX 2080 Ti"
    ],
    "config": {
        "seed": 5,
        "data": {
            "seed": 0,
            "num_policy": null,
            "cache": true,
            "path": ":data/higgs-small",
            "cat_policy": null,
            "y_policy": null
        },
        "neighbors": {
            "k": 96,
            "path": ":data/_exp/neighbors/higgs-small/raw"
        },
        "model": {
            "booster": "gbtree",
            "n_estimators": 4000,
            "n_jobs": 1,
            "tree_method": "gpu_hist",
            "use_label_encoder": false,
            "colsample_bytree": 0.595334693058951,
            "gamma": 0.16608938841610366,
            "lambda": 0.0,
            "learning_rate": 0.017155298119601415,
            "max_depth": 12,
            "min_child_weight": 8.519878190726772,
            "subsample": 0.9199145230110077
        },
        "fit": {
            "early_stopping_rounds": 200,
            "verbose": true
        }
    },
    "prediction_type": "probs",
    "time": "0:00:09",
    "best_iteration": 497,
    "metrics": {
        "train": {
            "0": {
                "precision": 0.958434026099565,
                "recall": 0.9384761003312825,
                "f1-score": 0.9483500717360114,
                "support": 29582
            },
            "1": {
                "precision": 0.9461299393221844,
                "recall": 0.9637010461575568,
                "f1-score": 0.9548346626041759,
                "support": 33169
            },
            "accuracy": 0.95180953291581,
            "macro avg": {
                "precision": 0.9522819827108746,
                "recall": 0.9510885732444196,
                "f1-score": 0.9515923671700937,
                "support": 62751
            },
            "weighted avg": {
                "precision": 0.9519303169265009,
                "recall": 0.95180953291581,
                "f1-score": 0.95177770467423,
                "support": 62751
            },
            "cross-entropy": 0.2777459194752388,
            "roc-auc": 0.9900866368893189,
            "score": 0.95180953291581
        },
        "val": {
            "0": {
                "precision": 0.7219580419580419,
                "recall": 0.6979448350459708,
                "f1-score": 0.7097483844355836,
                "support": 7396
            },
            "1": {
                "precision": 0.7383462169126259,
                "recall": 0.7602508441871684,
                "f1-score": 0.7491384432560904,
                "support": 8292
            },
            "accuracy": 0.7308771035186129,
            "macro avg": {
                "precision": 0.7301521294353339,
                "recall": 0.7290978396165696,
                "f1-score": 0.729443413845837,
                "support": 15688
            },
            "weighted avg": {
                "precision": 0.7306201242326091,
                "recall": 0.7308771035186129,
                "f1-score": 0.7305682701915526,
                "support": 15688
            },
            "cross-entropy": 0.5285778696236415,
            "roc-auc": 0.809027804954217,
            "score": 0.7308771035186129
        },
        "test": {
            "0": {
                "precision": 0.7098867260530078,
                "recall": 0.6982152514872905,
                "f1-score": 0.7040026175155416,
                "support": 9245
            },
            "1": {
                "precision": 0.7347152229723305,
                "recall": 0.7454896285576459,
                "f1-score": 0.7400632123359832,
                "support": 10365
            },
            "accuracy": 0.7232024477307496,
            "macro avg": {
                "precision": 0.7223009745126692,
                "recall": 0.7218524400224682,
                "f1-score": 0.7220329149257624,
                "support": 19610
            },
            "weighted avg": {
                "precision": 0.7230099983920583,
                "recall": 0.7232024477307496,
                "f1-score": 0.7230626922383298,
                "support": 19610
            },
            "cross-entropy": 0.5348482391253183,
            "roc-auc": 0.8032226491314715,
            "score": 0.7232024477307496
        }
    }
}
