{
    "function": "bin.ensemble.main",
    "config": {
        "seeds": [
            5,
            6,
            7,
            8,
            9
        ]
    },
    "single_model_function": "bin.ft_transformer.main",
    "data": ":data/regression-num-medium-0-california",
    "prediction_type": null,
    "metrics": {
        "train": {
            "rmse": 0.11555198595414436,
            "mae": 0.08289238086838457,
            "r2": 0.8941326818015115,
            "score": -0.11555198595414436
        },
        "val": {
            "rmse": 0.14505417679117588,
            "mae": 0.09714005762294864,
            "r2": 0.8404187686057973,
            "score": -0.14505417679117588
        },
        "test": {
            "rmse": 0.13635561983692704,
            "mae": 0.09452619971969334,
            "r2": 0.8521627145102637,
            "score": -0.13635561983692704
        }
    }
}
