{
    "function": "bin.tabr.main",
    "gpus": [
        "A100-SXM-80GB"
    ],
    "config": {
        "seed": 3,
        "batch_size": 256,
        "patience": 16,
        "n_epochs": Infinity,
        "context_size": 96,
        "data": {
            "seed": 0,
            "cache": true,
            "path": ":data/regression-cat-large-0-diamonds",
            "num_policy": "quantile",
            "cat_policy": "ordinal",
            "y_policy": "standard"
        },
        "model": {
            "d_main": 140,
            "context_dropout": 0.2618898624774111,
            "d_multiplier": 2.0,
            "encoder_n_blocks": 1,
            "predictor_n_blocks": 2,
            "mixer_normalization": "auto",
            "dropout0": 0.4755042193479814,
            "dropout1": 0.0,
            "normalization": "LayerNorm",
            "activation": "ReLU",
            "num_embeddings": {
                "type": "PLREmbeddings",
                "n_frequencies": 23,
                "frequency_scale": 0.027220005909820606,
                "d_embedding": 33,
                "lite": true
            }
        },
        "optimizer": {
            "type": "AdamW",
            "lr": 0.0004506324970422705,
            "weight_decay": 0.0
        }
    },
    "n_parameters": 368770,
    "prediction_type": null,
    "best_epoch": 39,
    "metrics": {
        "train": {
            "rmse": 0.081342603094153,
            "mae": 0.05805190849513364,
            "r2": 0.9935534114912637,
            "score": -0.081342603094153
        },
        "val": {
            "rmse": 0.07987497897470058,
            "mae": 0.05709679353487207,
            "r2": 0.9938339022307257,
            "score": -0.07987497897470058
        },
        "test": {
            "rmse": 0.08369168446188387,
            "mae": 0.05897132802883842,
            "r2": 0.993214074642935,
            "score": -0.08369168446188387
        }
    },
    "time": "0:02:10",
    "chunk_size": null,
    "eval_batch_size": 32768
}