{
    "function": "bin.tabr.main",
    "gpus": [
        "A100-SXM-80GB"
    ],
    "config": {
        "seed": 8,
        "batch_size": 256,
        "patience": 16,
        "n_epochs": Infinity,
        "context_size": 96,
        "data": {
            "seed": 0,
            "cache": true,
            "path": ":data/adult",
            "num_policy": "quantile",
            "cat_policy": "ordinal",
            "y_policy": null
        },
        "model": {
            "num_embeddings": null,
            "d_main": 265,
            "mixer_dropout": 0.38920071545944357,
            "d_multiplier": 2.0,
            "encoder_n_blocks": 0,
            "predictor_n_blocks": 1,
            "mixer_normalization": "auto",
            "dropout0": 0.38852797479169876,
            "dropout1": 0.0,
            "normalization": "LayerNorm",
            "activation": "ReLU"
        },
        "optimizer": {
            "type": "AdamW",
            "lr": 0.0003121273641315169,
            "weight_decay": 1.2260352006404615e-06
        }
    },
    "n_parameters": 664091,
    "prediction_type": "logits",
    "best_epoch": 9,
    "metrics": {
        "train": {
            "0": {
                "precision": 0.9024737410425051,
                "recall": 0.9298103666245259,
                "f1-score": 0.9159381304640216,
                "support": 19775
            },
            "1": {
                "precision": 0.7553753965456468,
                "recall": 0.6832456559859716,
                "f1-score": 0.717502301833096,
                "support": 6273
            },
            "accuracy": 0.8704315110565111,
            "macro avg": {
                "precision": 0.8289245687940759,
                "recall": 0.8065280113052488,
                "f1-score": 0.8167202161485588,
                "support": 26048
            },
            "weighted avg": {
                "precision": 0.8670488364421982,
                "recall": 0.8704315110565111,
                "f1-score": 0.8681498951675767,
                "support": 26048
            },
            "cross-entropy": 0.281304413189296,
            "roc-auc": 0.9274827340821932,
            "score": 0.8704315110565111
        },
        "val": {
            "0": {
                "precision": 0.8967957538824455,
                "recall": 0.9225480283114257,
                "f1-score": 0.9094896331738437,
                "support": 4945
            },
            "1": {
                "precision": 0.7314165497896213,
                "recall": 0.6651785714285714,
                "f1-score": 0.6967267869071475,
                "support": 1568
            },
            "accuracy": 0.860586519269154,
            "macro avg": {
                "precision": 0.8141061518360334,
                "recall": 0.7938632998699986,
                "f1-score": 0.8031082100404956,
                "support": 6513
            },
            "weighted avg": {
                "precision": 0.8569808311099062,
                "recall": 0.860586519269154,
                "f1-score": 0.8582671331053378,
                "support": 6513
            },
            "cross-entropy": 0.29949061237847635,
            "roc-auc": 0.9183605115453662,
            "score": 0.860586519269154
        },
        "test": {
            "0": {
                "precision": 0.894630192502533,
                "recall": 0.9231202251708887,
                "f1-score": 0.9086519433230428,
                "support": 12435
            },
            "1": {
                "precision": 0.7228985507246377,
                "recall": 0.6484659386375455,
                "f1-score": 0.6836622807017544,
                "support": 3846
            },
            "accuracy": 0.8582396658681899,
            "macro avg": {
                "precision": 0.8087643716135853,
                "recall": 0.7857930819042171,
                "f1-score": 0.7961571120123986,
                "support": 16281
            },
            "weighted avg": {
                "precision": 0.8540626662892914,
                "recall": 0.8582396658681899,
                "f1-score": 0.8555034731773836,
                "support": 16281
            },
            "cross-entropy": 0.3059999655741772,
            "roc-auc": 0.9121568087492297,
            "score": 0.8582396658681899
        }
    },
    "time": "0:00:39",
    "chunk_size": null,
    "eval_batch_size": 32768
}