{
    "function": "bin.ffn.main",
    "gpus": [
        "A100-SXM-80GB"
    ],
    "config": {
        "seed": 5,
        "batch_size": 256,
        "patience": 16,
        "n_epochs": Infinity,
        "data": {
            "seed": 0,
            "cache": true,
            "path": ":data/regression-num-medium-0-medical_charges",
            "num_policy": "quantile",
            "cat_policy": null,
            "y_policy": "standard"
        },
        "optimizer": {
            "type": "AdamW",
            "lr": 4.362728323794832e-05,
            "weight_decay": 0.0
        },
        "model": {
            "backbone": {
                "type": "MLP",
                "n_blocks": 1,
                "d_layer": 544,
                "dropout": 0.06913204064032617,
                "activation": "ReLU"
            },
            "num_embeddings": {
                "type": "PLREmbeddings",
                "n_frequencies": 55,
                "frequency_scale": 0.11026705122432198,
                "d_embedding": 41,
                "lite": false
            }
        }
    },
    "n_parameters": 81819,
    "prediction_type": null,
    "best_epoch": 135,
    "metrics": {
        "train": {
            "rmse": 0.07864613681249624,
            "mae": 0.05085786301056183,
            "r2": 0.9802519436897559,
            "score": -0.07864613681249624
        },
        "val": {
            "rmse": 0.08172729935867343,
            "mae": 0.051566521058500125,
            "r2": 0.9791983333304869,
            "score": -0.08172729935867343
        },
        "test": {
            "rmse": 0.08106456792304526,
            "mae": 0.05122852893882168,
            "r2": 0.9795834053844452,
            "score": -0.08106456792304526
        }
    },
    "time": "0:00:15",
    "chunk_size": null,
    "eval_batch_size": 32768
}
