{
    "function": "bin.tabr.main",
    "gpus": [
        "A100-SXM-80GB"
    ],
    "config": {
        "seed": 11,
        "batch_size": 64,
        "patience": 16,
        "n_epochs": Infinity,
        "context_size": 96,
        "data": {
            "seed": 0,
            "cache": true,
            "path": ":data/classif-cat-medium-0-rl",
            "num_policy": "quantile",
            "cat_policy": "ordinal",
            "y_policy": null
        },
        "model": {
            "num_embeddings": null,
            "d_main": 365,
            "context_dropout": 0.06631489383765281,
            "d_multiplier": 2.0,
            "encoder_n_blocks": 0,
            "predictor_n_blocks": 1,
            "mixer_normalization": "auto",
            "dropout0": 0.019701839221074685,
            "dropout1": 0.0,
            "normalization": "LayerNorm",
            "activation": "ReLU"
        },
        "optimizer": {
            "type": "AdamW",
            "lr": 0.0009181125057654591,
            "weight_decay": 3.354944621936932e-05
        }
    },
    "n_parameters": 1216181,
    "prediction_type": "logits",
    "best_epoch": 25,
    "metrics": {
        "train": {
            "0": {
                "precision": 0.9004006868918145,
                "recall": 0.8902093944538766,
                "f1-score": 0.8952760387023335,
                "support": 1767
            },
            "1": {
                "precision": 0.8879907621247113,
                "recall": 0.8983644859813084,
                "f1-score": 0.8931475029036005,
                "support": 1712
            },
            "accuracy": 0.8942224777234837,
            "macro avg": {
                "precision": 0.8941957245082629,
                "recall": 0.8942869402175925,
                "f1-score": 0.894211770802967,
                "support": 3479
            },
            "weighted avg": {
                "precision": 0.8942938196307393,
                "recall": 0.8942224777234837,
                "f1-score": 0.894228595963779,
                "support": 3479
            },
            "cross-entropy": 0.2893591430006487,
            "roc-auc": 0.9489280368542701,
            "score": 0.8942224777234837
        },
        "val": {
            "0": {
                "precision": 0.8726415094339622,
                "recall": 0.8644859813084113,
                "f1-score": 0.8685446009389672,
                "support": 214
            },
            "1": {
                "precision": 0.8760683760683761,
                "recall": 0.8836206896551724,
                "f1-score": 0.8798283261802575,
                "support": 232
            },
            "accuracy": 0.874439461883408,
            "macro avg": {
                "precision": 0.8743549427511692,
                "recall": 0.8740533354817919,
                "f1-score": 0.8741864635596124,
                "support": 446
            },
            "weighted avg": {
                "precision": 0.8744240947684555,
                "recall": 0.874439461883408,
                "f1-score": 0.8744141620510286,
                "support": 446
            },
            "cross-entropy": 0.38251120626996366,
            "roc-auc": 0.9022518530454399,
            "score": 0.874439461883408
        },
        "test": {
            "0": {
                "precision": 0.8767676767676768,
                "recall": 0.8645418326693227,
                "f1-score": 0.8706118355065195,
                "support": 502
            },
            "1": {
                "precision": 0.8756855575868373,
                "recall": 0.8870370370370371,
                "f1-score": 0.8813247470101196,
                "support": 540
            },
            "accuracy": 0.8761996161228407,
            "macro avg": {
                "precision": 0.876226617177257,
                "recall": 0.8757894348531798,
                "f1-score": 0.8759682912583195,
                "support": 1042
            },
            "weighted avg": {
                "precision": 0.8762068856374912,
                "recall": 0.8761996161228407,
                "f1-score": 0.8761636322550264,
                "support": 1042
            },
            "cross-entropy": 0.3409188867345031,
            "roc-auc": 0.9219381732329938,
            "score": 0.8761996161228407
        }
    },
    "time": "0:00:24",
    "chunk_size": null,
    "eval_batch_size": 32768
}