{
    "function": "bin.tabr.main",
    "gpus": [
        "A100-SXM-80GB"
    ],
    "config": {
        "seed": 14,
        "batch_size": 64,
        "patience": 16,
        "n_epochs": Infinity,
        "context_size": 96,
        "data": {
            "seed": 0,
            "cache": true,
            "path": ":data/classif-cat-medium-2-KDDCup09_upselling",
            "num_policy": "quantile",
            "cat_policy": "ordinal",
            "y_policy": null
        },
        "model": {
            "d_main": 361,
            "context_dropout": 0.3801292762502716,
            "d_multiplier": 2.0,
            "encoder_n_blocks": 1,
            "predictor_n_blocks": 1,
            "mixer_normalization": "auto",
            "dropout0": 0.3271338035829207,
            "dropout1": 0.0,
            "normalization": "LayerNorm",
            "activation": "ReLU",
            "num_embeddings": {
                "type": "PLREmbeddings",
                "n_frequencies": 60,
                "frequency_scale": 4.532601659267624,
                "d_embedding": 57,
                "lite": true
            }
        },
        "optimizer": {
            "type": "AdamW",
            "lr": 0.0006182544435150097,
            "weight_decay": 6.714062960687422e-05
        }
    },
    "n_parameters": 2433775,
    "prediction_type": "logits",
    "best_epoch": 12,
    "metrics": {
        "train": {
            "0": {
                "precision": 0.8945916114790287,
                "recall": 0.9086322869955157,
                "f1-score": 0.9015572858731924,
                "support": 1784
            },
            "1": {
                "precision": 0.9082723691615081,
                "recall": 0.8941828254847646,
                "f1-score": 0.9011725293132329,
                "support": 1805
            },
            "accuracy": 0.9013652828085817,
            "macro avg": {
                "precision": 0.9014319903202683,
                "recall": 0.9014075562401401,
                "f1-score": 0.9013649075932126,
                "support": 3589
            },
            "weighted avg": {
                "precision": 0.9014720148272805,
                "recall": 0.9013652828085817,
                "f1-score": 0.9013637819471052,
                "support": 3589
            },
            "cross-entropy": 0.23301997710462,
            "roc-auc": 0.9677288424033886,
            "score": 0.9013652828085817
        },
        "val": {
            "0": {
                "precision": 0.8326530612244898,
                "recall": 0.8259109311740891,
                "f1-score": 0.8292682926829268,
                "support": 247
            },
            "1": {
                "precision": 0.8,
                "recall": 0.8075117370892019,
                "f1-score": 0.8037383177570094,
                "support": 213
            },
            "accuracy": 0.8173913043478261,
            "macro avg": {
                "precision": 0.8163265306122449,
                "recall": 0.8167113341316454,
                "f1-score": 0.8165033052199682,
                "support": 460
            },
            "weighted avg": {
                "precision": 0.8175332741792369,
                "recall": 0.8173913043478261,
                "f1-score": 0.8174468042933172,
                "support": 460
            },
            "cross-entropy": 0.5197304187872241,
            "roc-auc": 0.8936724259185341,
            "score": 0.8173913043478261
        },
        "test": {
            "0": {
                "precision": 0.8014981273408239,
                "recall": 0.8060263653483992,
                "f1-score": 0.8037558685446009,
                "support": 531
            },
            "1": {
                "precision": 0.8103130755064457,
                "recall": 0.8058608058608059,
                "f1-score": 0.8080808080808082,
                "support": 546
            },
            "accuracy": 0.8059424326833797,
            "macro avg": {
                "precision": 0.8059056014236348,
                "recall": 0.8059435856046026,
                "f1-score": 0.8059183383127045,
                "support": 1077
            },
            "weighted avg": {
                "precision": 0.805966986856543,
                "recall": 0.8059424326833797,
                "f1-score": 0.8059484562760486,
                "support": 1077
            },
            "cross-entropy": 0.4954367531394835,
            "roc-auc": 0.8928726640591047,
            "score": 0.8059424326833797
        }
    },
    "time": "0:00:26",
    "chunk_size": null,
    "eval_batch_size": 32768
}