{
    "function": "bin.xgboost_.main",
    "gpus": [
        "A100-SXM-80GB"
    ],
    "config": {
        "seed": 2,
        "data": {
            "seed": 0,
            "num_policy": null,
            "cache": true,
            "path": ":data/higgs-small",
            "cat_policy": null,
            "y_policy": null
        },
        "model": {
            "booster": "gbtree",
            "n_estimators": 4000,
            "n_jobs": 1,
            "tree_method": "gpu_hist",
            "use_label_encoder": false,
            "colsample_bytree": 0.85082984663905,
            "gamma": 0.30770198223781786,
            "lambda": 0.12933987720822263,
            "learning_rate": 0.012927809711070977,
            "max_depth": 11,
            "min_child_weight": 0.013026548411152741,
            "subsample": 0.7524947091385682
        },
        "fit": {
            "early_stopping_rounds": 200,
            "verbose": true
        },
        "neighbors": null
    },
    "prediction_type": "probs",
    "time": "0:00:21",
    "metrics": {
        "train": {
            "0": {
                "precision": 0.9985389555230879,
                "recall": 0.9934419579474004,
                "f1-score": 0.9959839357429718,
                "support": 29582
            },
            "1": {
                "precision": 0.9941776710684274,
                "recall": 0.9987036087913413,
                "f1-score": 0.9964355006091233,
                "support": 33169
            },
            "accuracy": 0.9962231677582828,
            "macro avg": {
                "precision": 0.9963583132957576,
                "recall": 0.9960727833693709,
                "f1-score": 0.9962097181760476,
                "support": 62751
            },
            "weighted avg": {
                "precision": 0.996233662474744,
                "recall": 0.9962231677582828,
                "f1-score": 0.9962226244498511,
                "support": 62751
            },
            "cross-entropy": 0.12843905032298217,
            "roc-auc": 0.999952385094905,
            "score": 0.9962231677582828
        },
        "val": {
            "0": {
                "precision": 0.7247796278158668,
                "recall": 0.7003785830178475,
                "f1-score": 0.712370212473355,
                "support": 7396
            },
            "1": {
                "precision": 0.7405456035593022,
                "recall": 0.7627834056922335,
                "f1-score": 0.7515000297035584,
                "support": 8292
            },
            "accuracy": 0.7333630800611932,
            "macro avg": {
                "precision": 0.7326626156875845,
                "recall": 0.7315809943550404,
                "f1-score": 0.7319351210884567,
                "support": 15688
            },
            "weighted avg": {
                "precision": 0.7331128424298754,
                "recall": 0.7333630800611932,
                "f1-score": 0.7330525457518383,
                "support": 15688
            },
            "cross-entropy": 0.5285898473832558,
            "roc-auc": 0.8118941556393373,
            "score": 0.7333630800611932
        },
        "test": {
            "0": {
                "precision": 0.7150763781270755,
                "recall": 0.6987560843699296,
                "f1-score": 0.7068220362164231,
                "support": 9245
            },
            "1": {
                "precision": 0.7366679273827534,
                "recall": 0.7516642547033285,
                "f1-score": 0.744090540088821,
                "support": 10365
            },
            "accuracy": 0.7267210606833249,
            "macro avg": {
                "precision": 0.7258721527549145,
                "recall": 0.7252101695366291,
                "f1-score": 0.7254562881526221,
                "support": 19610
            },
            "weighted avg": {
                "precision": 0.7264887395771062,
                "recall": 0.7267210606833249,
                "f1-score": 0.7265205595533637,
                "support": 19610
            },
            "cross-entropy": 0.5351166813664965,
            "roc-auc": 0.8066052731336505,
            "score": 0.7267210606833249
        }
    }
}
