{
    "function": "bin.lightgbm_.main",
    "gpus": [
        "GeForce RTX 2080 Ti",
        "GeForce RTX 2080 Ti"
    ],
    "config": {
        "seed": 2,
        "data": {
            "seed": 0,
            "num_policy": null,
            "cache": true,
            "path": ":data/regression-cat-medium-0-Brazilian_houses",
            "cat_policy": "one-hot",
            "y_policy": "standard"
        },
        "model": {
            "n_estimators": 4000,
            "n_jobs": 4,
            "feature_fraction": 0.596085292183541,
            "lambda_l2": 0.0,
            "learning_rate": 0.21158462224683156,
            "num_leaves": 8,
            "min_sum_hessian_in_leaf": 1.2904583419671263,
            "bagging_fraction": 0.5914864531164561
        },
        "fit": {
            "early_stopping_rounds": 200,
            "verbose": true
        }
    },
    "prediction_type": null,
    "time": "0:00:03",
    "best_iteration": 3974,
    "metrics": {
        "train": {
            "rmse": 0.005761769837146711,
            "mae": 0.004273028162865986,
            "r2": 0.999948432809062,
            "score": -0.005761769837146711
        },
        "val": {
            "rmse": 0.10871771582172222,
            "mae": 0.021314790555816476,
            "r2": 0.9816842800591313,
            "score": -0.10871771582172222
        },
        "test": {
            "rmse": 0.0411599516548016,
            "mae": 0.01600313913846802,
            "r2": 0.9972282031045621,
            "score": -0.0411599516548016
        }
    }
}
