{
    "function": "bin.ft_transformer.main",
    "gpus": [
        "A100-SXM-80GB"
    ],
    "config": {
        "seed": 1,
        "batch_size": 256,
        "patience": 16,
        "n_epochs": Infinity,
        "data": {
            "seed": 0,
            "cache": true,
            "path": ":data/classif-cat-medium-0-electricity",
            "num_policy": "quantile",
            "cat_policy": "ordinal",
            "y_policy": null
        },
        "optimizer": {
            "type": "AdamW",
            "lr": 1.900423417046518e-05,
            "weight_decay": 2.582763490126766e-06
        },
        "model": {
            "d_token": 360,
            "n_blocks": 2,
            "attention_dropout": 0.03540288409889588,
            "ffn_d_hidden_factor": 2.0919223290596074,
            "ffn_dropout": 0.0015632211725350453,
            "residual_dropout": 0.0
        }
    },
    "n_parameters": 2681413,
    "prediction_type": "logits",
    "best_epoch": 66,
    "metrics": {
        "train": {
            "0": {
                "precision": 0.913113435237329,
                "recall": 0.9060067850728397,
                "f1-score": 0.9095462285886006,
                "support": 5011
            },
            "1": {
                "precision": 0.9063245823389021,
                "recall": 0.9134095009019844,
                "f1-score": 0.9098532494758909,
                "support": 4989
            },
            "accuracy": 0.9097,
            "macro avg": {
                "precision": 0.9097190087881155,
                "recall": 0.9097081429874121,
                "f1-score": 0.9096997390322457,
                "support": 10000
            },
            "weighted avg": {
                "precision": 0.9097264765263039,
                "recall": 0.9097,
                "f1-score": 0.9096994013092697,
                "support": 10000
            },
            "cross-entropy": 0.22442641370808733,
            "roc-auc": 0.9715056020871141,
            "score": 0.9097
        },
        "val": {
            "0": {
                "precision": 0.8443141852286049,
                "recall": 0.8423391812865497,
                "f1-score": 0.8433255269320843,
                "support": 4275
            },
            "1": {
                "precision": 0.8424129062426935,
                "recall": 0.8443871572533396,
                "f1-score": 0.8433988764044944,
                "support": 4267
            },
            "accuracy": 0.8433622102552095,
            "macro avg": {
                "precision": 0.8433635457356492,
                "recall": 0.8433631692699446,
                "f1-score": 0.8433622016682893,
                "support": 8542
            },
            "weighted avg": {
                "precision": 0.8433644360559422,
                "recall": 0.8433622102552095,
                "f1-score": 0.8433621673206085,
                "support": 8542
            },
            "cross-entropy": 0.35778132227900694,
            "roc-auc": 0.9233807391692261,
            "score": 0.8433622102552095
        },
        "test": {
            "0": {
                "precision": 0.846357077532771,
                "recall": 0.8370013064013667,
                "f1-score": 0.8416531932093775,
                "support": 9951
            },
            "1": {
                "precision": 0.8392627093449608,
                "recall": 0.848512173128945,
                "f1-score": 0.84386209645277,
                "support": 9981
            },
            "accuracy": 0.8427654023680514,
            "macro avg": {
                "precision": 0.8428098934388659,
                "recall": 0.8427567397651559,
                "f1-score": 0.8427576448310737,
                "support": 19932
            },
            "weighted avg": {
                "precision": 0.842804554510368,
                "recall": 0.8427654023680514,
                "f1-score": 0.8427593071604261,
                "support": 19932
            },
            "cross-entropy": 0.3580866968271098,
            "roc-auc": 0.923708855487873,
            "score": 0.8427654023680514
        }
    },
    "time": "0:00:45",
    "chunk_size": null,
    "eval_batch_size": 32768
}
