{
    "function": "bin.catboost_.main",
    "gpus": [
        "GeForce RTX 2080 Ti",
        "GeForce RTX 2080 Ti"
    ],
    "config": {
        "seed": 10,
        "data": {
            "seed": 0,
            "num_policy": null,
            "cat_policy": null,
            "cache": true,
            "path": ":data/classif-num-large-0-MiniBooNE",
            "y_policy": null
        },
        "model": {
            "iterations": 4000,
            "early_stopping_rounds": 200,
            "od_pval": 0.001,
            "bagging_temperature": 0.5967121776174807,
            "depth": 7,
            "l2_leaf_reg": 7.818561088544358,
            "leaf_estimation_iterations": 10,
            "learning_rate": 0.033109788164649566,
            "task_type": "CPU",
            "thread_count": 4
        },
        "fit": {
            "logging_level": "Verbose"
        }
    },
    "prediction_type": "probs",
    "time": "0:00:56",
    "best_iteration": 1888,
    "metrics": {
        "train": {
            "0": {
                "precision": 0.991496393019788,
                "recall": 0.9794179704606075,
                "f1-score": 0.985420171433149,
                "support": 25119
            },
            "1": {
                "precision": 0.9794735379362369,
                "recall": 0.991519633455247,
                "f1-score": 0.9854597747063992,
                "support": 24881
            },
            "accuracy": 0.98544,
            "macro avg": {
                "precision": 0.9854849654780125,
                "recall": 0.9854688019579272,
                "f1-score": 0.985439973069774,
                "support": 50000
            },
            "weighted avg": {
                "precision": 0.9855135798731113,
                "recall": 0.98544,
                "f1-score": 0.9854398788139838,
                "support": 50000
            },
            "cross-entropy": 0.061298307048947814,
            "roc-auc": 0.9988433553932091,
            "score": 0.98544
        },
        "val": {
            "0": {
                "precision": 0.9636789689513767,
                "recall": 0.9351904491188175,
                "f1-score": 0.9492210040392383,
                "support": 3518
            },
            "1": {
                "precision": 0.9345767575322812,
                "recall": 0.9633244602188702,
                "f1-score": 0.948732886688028,
                "support": 3381
            },
            "accuracy": 0.9489781127699667,
            "macro avg": {
                "precision": 0.949127863241829,
                "recall": 0.9492574546688439,
                "f1-score": 0.9489769453636332,
                "support": 6899
            },
            "weighted avg": {
                "precision": 0.9494168183776759,
                "recall": 0.9489781127699667,
                "f1-score": 0.9489817918687148,
                "support": 6899
            },
            "cross-entropy": 0.14123767171409038,
            "roc-auc": 0.9864751842848517,
            "score": 0.9489781127699667
        },
        "test": {
            "0": {
                "precision": 0.9519105796724721,
                "recall": 0.931569575171712,
                "f1-score": 0.9416302391360246,
                "support": 7862
            },
            "1": {
                "precision": 0.9359904818560381,
                "recall": 0.9550807332766784,
                "f1-score": 0.9454392500901333,
                "support": 8237
            },
            "accuracy": 0.9435989813031865,
            "macro avg": {
                "precision": 0.9439505307642551,
                "recall": 0.9433251542241952,
                "f1-score": 0.943534744613079,
                "support": 16099
            },
            "weighted avg": {
                "precision": 0.943765114381835,
                "recall": 0.9435989813031865,
                "f1-score": 0.9435791069681256,
                "support": 16099
            },
            "cross-entropy": 0.15061707330312332,
            "roc-auc": 0.9848638791522342,
            "score": 0.9435989813031865
        }
    }
}
