{
    "function": "bin.tabr_design.main",
    "gpus": [
        "A100-SXM-80GB"
    ],
    "config": {
        "seed": 4,
        "batch_size": 512,
        "patience": 16,
        "n_epochs": Infinity,
        "context_size": 96,
        "data": {
            "seed": 0,
            "cache": true,
            "path": ":data/otto",
            "num_policy": null,
            "cat_policy": null,
            "y_policy": null
        },
        "model": {
            "num_embeddings": null,
            "d_main": 343,
            "context_dropout": 0.11636077121418828,
            "d_multiplier": 2.0,
            "encoder_n_blocks": 0,
            "predictor_n_blocks": 1,
            "mixer_normalization": "auto",
            "dropout0": 0.5743971441291,
            "dropout1": 0.0,
            "normalization": "LayerNorm",
            "activation": "ReLU",
            "dot_product": true,
            "use_Q": true,
            "use_V": true,
            "use_labels": false,
            "use_T": false,
            "self_attention": true,
            "scale_similarities": true
        },
        "optimizer": {
            "type": "AdamW",
            "lr": 0.0008875220633977548,
            "weight_decay": 1.8311655008654914e-06
        }
    },
    "n_parameters": 862311,
    "prediction_type": "logits",
    "best_epoch": 49,
    "metrics": {
        "train": {
            "0": {
                "precision": 0.937888198757764,
                "recall": 0.8558704453441296,
                "f1-score": 0.8950042337002541,
                "support": 1235
            },
            "1": {
                "precision": 0.8044413840592185,
                "recall": 0.905795696840473,
                "f1-score": 0.8521152443471918,
                "support": 10318
            },
            "2": {
                "precision": 0.7435540069686412,
                "recall": 0.6249511909410387,
                "f1-score": 0.6791131855309218,
                "support": 5122
            },
            "3": {
                "precision": 0.8726067746686303,
                "recall": 0.6881533101045296,
                "f1-score": 0.7694805194805195,
                "support": 1722
            },
            "4": {
                "precision": 0.9892229154849688,
                "recall": 0.9948659440958357,
                "f1-score": 0.9920364050056882,
                "support": 1753
            },
            "5": {
                "precision": 0.9754486403170759,
                "recall": 0.9794384258235684,
                "f1-score": 0.9774394616360528,
                "support": 9046
            },
            "6": {
                "precision": 0.8929994308480365,
                "recall": 0.8635112823335168,
                "f1-score": 0.8780078343592613,
                "support": 1817
            },
            "7": {
                "precision": 0.9774211606643031,
                "recall": 0.9669558796381761,
                "f1-score": 0.9721603563474388,
                "support": 5417
            },
            "8": {
                "precision": 0.9408851748684618,
                "recall": 0.9586881110059918,
                "f1-score": 0.9497032177444549,
                "support": 3171
            },
            "accuracy": 0.8898765182697407,
            "macro avg": {
                "precision": 0.9038297429596778,
                "recall": 0.8709144762363621,
                "f1-score": 0.8850067175724203,
                "support": 39601
            },
            "weighted avg": {
                "precision": 0.8895852142544971,
                "recall": 0.8898765182697407,
                "f1-score": 0.8877280242265649,
                "support": 39601
            },
            "cross-entropy": 0.27660407205942167,
            "score": 0.8898765182697407
        },
        "val": {
            "0": {
                "precision": 0.6139705882352942,
                "recall": 0.5422077922077922,
                "f1-score": 0.5758620689655173,
                "support": 308
            },
            "1": {
                "precision": 0.737655357742694,
                "recall": 0.8511627906976744,
                "f1-score": 0.7903545078279648,
                "support": 2580
            },
            "2": {
                "precision": 0.6302281368821293,
                "recall": 0.5175644028103045,
                "f1-score": 0.5683669095585084,
                "support": 1281
            },
            "3": {
                "precision": 0.7430340557275542,
                "recall": 0.5568445475638051,
                "f1-score": 0.636604774535809,
                "support": 431
            },
            "4": {
                "precision": 0.9770114942528736,
                "recall": 0.9703196347031964,
                "f1-score": 0.9736540664375717,
                "support": 438
            },
            "5": {
                "precision": 0.9437248771773113,
                "recall": 0.9341290893015031,
                "f1-score": 0.9389024661186404,
                "support": 2262
            },
            "6": {
                "precision": 0.7586206896551724,
                "recall": 0.7268722466960352,
                "f1-score": 0.7424071991001124,
                "support": 454
            },
            "7": {
                "precision": 0.92079940784604,
                "recall": 0.9187592319054653,
                "f1-score": 0.9197781885397412,
                "support": 1354
            },
            "8": {
                "precision": 0.8482252141982864,
                "recall": 0.8738965952080706,
                "f1-score": 0.8608695652173913,
                "support": 793
            },
            "accuracy": 0.8151701848298152,
            "macro avg": {
                "precision": 0.7970299801908174,
                "recall": 0.7657507034548718,
                "f1-score": 0.7785333051445841,
                "support": 9901
            },
            "weighted avg": {
                "precision": 0.8126733843411038,
                "recall": 0.8151701848298152,
                "f1-score": 0.811462960989656,
                "support": 9901
            },
            "cross-entropy": 0.5203332663559619,
            "score": 0.8151701848298152
        },
        "test": {
            "0": {
                "precision": 0.6545454545454545,
                "recall": 0.5595854922279793,
                "f1-score": 0.6033519553072626,
                "support": 386
            },
            "1": {
                "precision": 0.7438692098092643,
                "recall": 0.8467741935483871,
                "f1-score": 0.7919930374238469,
                "support": 3224
            },
            "2": {
                "precision": 0.6087945413191812,
                "recall": 0.5015615240474703,
                "f1-score": 0.5499999999999999,
                "support": 1601
            },
            "3": {
                "precision": 0.6872146118721462,
                "recall": 0.5594795539033457,
                "f1-score": 0.6168032786885247,
                "support": 538
            },
            "4": {
                "precision": 0.9798165137614679,
                "recall": 0.9744525547445255,
                "f1-score": 0.9771271729185728,
                "support": 548
            },
            "5": {
                "precision": 0.9485815602836879,
                "recall": 0.946232755571277,
                "f1-score": 0.9474057021427307,
                "support": 2827
            },
            "6": {
                "precision": 0.7413793103448276,
                "recall": 0.6813380281690141,
                "f1-score": 0.710091743119266,
                "support": 568
            },
            "7": {
                "precision": 0.9260584376863447,
                "recall": 0.9173065564087419,
                "f1-score": 0.9216617210682494,
                "support": 1693
            },