{
    "function": "bin.tabr.main",
    "gpus": [
        "A100-SXM-80GB"
    ],
    "config": {
        "seed": 5,
        "batch_size": 64,
        "patience": 16,
        "n_epochs": Infinity,
        "context_size": 96,
        "data": {
            "seed": 0,
            "cache": true,
            "path": ":data/classif-num-medium-2-kdd_ipums_la_97-small",
            "num_policy": "quantile",
            "cat_policy": null,
            "y_policy": null
        },
        "model": {
            "d_main": 357,
            "context_dropout": 0.18246340823804647,
            "d_multiplier": 2.0,
            "encoder_n_blocks": 0,
            "predictor_n_blocks": 2,
            "mixer_normalization": "auto",
            "dropout0": 0.052450866506716966,
            "dropout1": 0.0,
            "normalization": "LayerNorm",
            "activation": "ReLU",
            "num_embeddings": {
                "type": "PLREmbeddings",
                "n_frequencies": 73,
                "frequency_scale": 0.01057851629482256,
                "d_embedding": 63,
                "lite": true
            }
        },
        "optimizer": {
            "type": "AdamW",
            "lr": 0.0007334947909287341,
            "weight_decay": 4.523616198100058e-06
        }
    },
    "n_parameters": 2124162,
    "prediction_type": "logits",
    "best_epoch": 8,
    "metrics": {
        "train": {
            "0": {
                "precision": 0.9599211563731932,
                "recall": 0.8112159911160466,
                "f1-score": 0.879325910321998,
                "support": 1801
            },
            "1": {
                "precision": 0.8387861545756282,
                "recall": 0.9666666666666667,
                "f1-score": 0.8981975120588981,
                "support": 1830
            },
            "accuracy": 0.8895621041035527,
            "macro avg": {
                "precision": 0.8993536554744107,
                "recall": 0.8889413288913566,
                "f1-score": 0.888761711190448,
                "support": 3631
            },
            "weighted avg": {
                "precision": 0.8988699161392235,
                "recall": 0.8895621041035527,
                "f1-score": 0.8888370728608378,
                "support": 3631
            },
            "cross-entropy": 0.2654198858035325,
            "roc-auc": 0.9485832096922474,
            "score": 0.8895621041035527
        },
        "val": {
            "0": {
                "precision": 0.9738219895287958,
                "recall": 0.8157894736842105,
                "f1-score": 0.8878281622911693,
                "support": 228
            },
            "1": {
                "precision": 0.8478260869565217,
                "recall": 0.9790794979079498,
                "f1-score": 0.90873786407767,
                "support": 239
            },
            "accuracy": 0.8993576017130621,
            "macro avg": {
                "precision": 0.9108240382426588,
                "recall": 0.8974344857960801,
                "f1-score": 0.8982830131844197,
                "support": 467
            },
            "weighted avg": {
                "precision": 0.9093401464564758,
                "recall": 0.8993576017130621,
                "f1-score": 0.8985292730555668,
                "support": 467
            },
            "cross-entropy": 0.24629969303461646,
            "roc-auc": 0.9622513396461866,
            "score": 0.8993576017130621
        },
        "test": {
            "0": {
                "precision": 0.9759825327510917,
                "recall": 0.7911504424778761,
                "f1-score": 0.873900293255132,
                "support": 565
            },
            "1": {
                "precision": 0.8132911392405063,
                "recall": 0.979047619047619,
                "f1-score": 0.888504753673293,
                "support": 525
            },
            "accuracy": 0.881651376146789,
            "macro avg": {
                "precision": 0.894636835995799,
                "recall": 0.8850990307627475,
                "f1-score": 0.8812025234642125,
                "support": 1090
            },
            "weighted avg": {
                "precision": 0.8976219991794795,
                "recall": 0.881651376146789,
                "f1-score": 0.8809345517134205,
                "support": 1090
            },
            "cross-entropy": 0.2806863493677964,
            "roc-auc": 0.942024441635061,
            "score": 0.881651376146789
        }
    },
    "time": "0:00:19",
    "chunk_size": null,
    "eval_batch_size": 32768
}