{
    "function": "bin.tabr.main",
    "gpus": [
        "A100-SXM-80GB"
    ],
    "config": {
        "seed": 14,
        "batch_size": 128,
        "patience": 16,
        "n_epochs": Infinity,
        "context_size": 96,
        "data": {
            "seed": 0,
            "cache": true,
            "path": ":data/regression-num-medium-2-isolet",
            "num_policy": "quantile",
            "cat_policy": null,
            "y_policy": "standard"
        },
        "model": {
            "d_main": 257,
            "context_dropout": 0.11812286704599648,
            "d_multiplier": 2.0,
            "encoder_n_blocks": 1,
            "predictor_n_blocks": 2,
            "mixer_normalization": "auto",
            "dropout0": 0.5520863533818019,
            "dropout1": 0.0,
            "normalization": "LayerNorm",
            "activation": "ReLU",
            "num_embeddings": {
                "type": "PLREmbeddings",
                "n_frequencies": 35,
                "frequency_scale": 0.010958003623923305,
                "d_embedding": 16,
                "lite": true
            }
        },
        "optimizer": {
            "type": "AdamW",
            "lr": 0.00017947337390727437,
            "weight_decay": 8.503636934746242e-05
        }
    },
    "n_parameters": 3672249,
    "prediction_type": null,
    "best_epoch": 34,
    "metrics": {
        "train": {
            "rmse": 0.6139484046080574,
            "mae": 0.38439495935848633,
            "r2": 0.9933249382730007,
            "score": -0.6139484046080574
        },
        "val": {
            "rmse": 2.230654787199957,
            "mae": 0.7795350087033945,
            "r2": 0.909264076419674,
            "score": -2.230654787199957
        },
        "test": {
            "rmse": 2.1388423576409616,
            "mae": 0.7595565026206152,
            "r2": 0.9184924408228998,
            "score": -2.1388423576409616
        }
    },
    "time": "0:01:13",
    "chunk_size": null,
    "eval_batch_size": 32768
}