{
    "function": "bin.xgboost_.main",
    "gpus": [
        "GeForce RTX 2080 Ti"
    ],
    "config": {
        "seed": 13,
        "data": {
            "seed": 0,
            "num_policy": null,
            "cache": true,
            "path": ":data/churn",
            "cat_policy": "one-hot",
            "y_policy": null
        },
        "neighbors": {
            "k": 96,
            "path": ":data/_exp/neighbors/churn/raw"
        },
        "model": {
            "booster": "gbtree",
            "n_estimators": 4000,
            "n_jobs": 1,
            "tree_method": "gpu_hist",
            "use_label_encoder": false,
            "colsample_bytree": 0.6991105311080459,
            "gamma": 0,
            "lambda": 0.0,
            "learning_rate": 0.029605774428600143,
            "max_depth": 5,
            "min_child_weight": 0.0033584500281308334,
            "subsample": 0.5290145801619378
        },
        "fit": {
            "early_stopping_rounds": 200,
            "verbose": true
        }
    },
    "prediction_type": "probs",
    "time": "0:00:00",
    "best_iteration": 40,
    "metrics": {
        "train": {
            "0": {
                "precision": 0.8757928118393234,
                "recall": 0.9754709576138147,
                "f1-score": 0.9229483847010769,
                "support": 5096
            },
            "1": {
                "precision": 0.8273480662983426,
                "recall": 0.4593558282208589,
                "f1-score": 0.5907297830374754,
                "support": 1304
            },
            "accuracy": 0.8703125,
            "macro avg": {
                "precision": 0.851570439068833,
                "recall": 0.7174133929173369,
                "f1-score": 0.7568390838692761,
                "support": 6400
            },
            "weighted avg": {
                "precision": 0.8659221949353487,
                "recall": 0.8703125,
                "f1-score": 0.855258844612118,
                "support": 6400
            },
            "cross-entropy": 0.3863078486710754,
            "roc-auc": 0.8848433692731459,
            "score": 0.8703125
        },
        "val": {
            "0": {
                "precision": 0.8717589348283111,
                "recall": 0.9764521193092621,
                "f1-score": 0.9211403184005924,
                "support": 1274
            },
            "1": {
                "precision": 0.8265895953757225,
                "recall": 0.4386503067484663,
                "f1-score": 0.5731462925851704,
                "support": 326
            },
            "accuracy": 0.866875,
            "macro avg": {
                "precision": 0.8491742651020169,
                "recall": 0.7075512130288641,
                "f1-score": 0.7471433054928813,
                "support": 1600
            },
            "weighted avg": {
                "precision": 0.8625556819148463,
                "recall": 0.866875,
                "f1-score": 0.8502365356407001,
                "support": 1600
            },
            "cross-entropy": 0.4030647666574518,
            "roc-auc": 0.8515917693174485,
            "score": 0.866875
        },
        "test": {
            "0": {
                "precision": 0.8631051752921536,
                "recall": 0.9736346516007532,
                "f1-score": 0.9150442477876106,
                "support": 1593
            },
            "1": {
                "precision": 0.7931034482758621,
                "recall": 0.3955773955773956,
                "f1-score": 0.5278688524590164,
                "support": 407
            },
            "accuracy": 0.856,
            "macro avg": {
                "precision": 0.8281043117840079,
                "recall": 0.6846060235890744,
                "f1-score": 0.7214565501233134,
                "support": 2000
            },
            "weighted avg": {
                "precision": 0.8488598238443383,
                "recall": 0.856,
                "f1-score": 0.8362540548382417,
                "support": 2000
            },
            "cross-entropy": 0.40576251290620563,
            "roc-auc": 0.8491897135964932,
            "score": 0.856
        }
    }
}
