{
    "function": "bin.tabr.main",
    "gpus": [
        "A100-SXM-80GB"
    ],
    "config": {
        "seed": 10,
        "batch_size": 512,
        "patience": 16,
        "n_epochs": Infinity,
        "context_size": 96,
        "data": {
            "seed": 0,
            "cache": true,
            "path": ":data/diamond",
            "num_policy": "quantile",
            "cat_policy": "ordinal",
            "y_policy": "standard"
        },
        "model": {
            "num_embeddings": null,
            "d_main": 265,
            "mixer_dropout": 0.38920071545944357,
            "d_multiplier": 2.0,
            "encoder_n_blocks": 0,
            "predictor_n_blocks": 1,
            "mixer_normalization": "auto",
            "dropout0": 0.38852797479169876,
            "dropout1": 0.0,
            "normalization": "LayerNorm",
            "activation": "ReLU"
        },
        "optimizer": {
            "type": "AdamW",
            "lr": 0.0003121273641315169,
            "weight_decay": 1.2260352006404615e-06
        }
    },
    "n_parameters": 642626,
    "prediction_type": null,
    "best_epoch": 27,
    "metrics": {
        "train": {
            "rmse": 0.12776091736599554,
            "mae": 0.06788296614076664,
            "r2": 0.9836000813019674,
            "score": -0.12776091736599554
        },
        "val": {
            "rmse": 0.1309147361477988,
            "mae": 0.069116513871945,
            "r2": 0.983258501455208,
            "score": -0.1309147361477988
        },
        "test": {
            "rmse": 0.13413741994615352,
            "mae": 0.06890038247446373,
            "r2": 0.9819349004787274,
            "score": -0.13413741994615352
        }
    },
    "time": "0:00:55",
    "chunk_size": null,
    "eval_batch_size": 32768
}