{
    "function": "bin.lightgbm_.main",
    "gpus": [
        "GeForce RTX 2080 Ti",
        "GeForce RTX 2080 Ti"
    ],
    "config": {
        "seed": 7,
        "data": {
            "seed": 0,
            "num_policy": null,
            "cache": true,
            "path": ":data/regression-num-medium-0-isolet",
            "cat_policy": null,
            "y_policy": "standard"
        },
        "model": {
            "n_estimators": 4000,
            "n_jobs": 4,
            "feature_fraction": 0.5000400789030645,
            "lambda_l2": 0.0,
            "learning_rate": 0.01611517619534734,
            "num_leaves": 548,
            "min_sum_hessian_in_leaf": 3.6188514391557005,
            "bagging_fraction": 0.5384521320763858
        },
        "fit": {
            "early_stopping_rounds": 200,
            "verbose": true
        }
    },
    "prediction_type": null,
    "time": "0:01:32",
    "best_iteration": 1123,
    "metrics": {
        "train": {
            "rmse": 0.11631759422606157,
            "mae": 0.020586665216083787,
            "r2": 0.9997588072326764,
            "score": -0.11631759422606157
        },
        "val": {
            "rmse": 2.9908803870755243,
            "mae": 1.785366425495264,
            "r2": 0.8421577982301893,
            "score": -2.9908803870755243
        },
        "test": {
            "rmse": 2.70264943327014,
            "mae": 1.627600156094685,
            "r2": 0.8709590063374738,
            "score": -2.70264943327014
        }
    }
}
