{
    "function": "bin.lightgbm_.main",
    "gpus": [
        "GeForce RTX 2080 Ti",
        "GeForce RTX 2080 Ti"
    ],
    "config": {
        "seed": 13,
        "data": {
            "seed": 0,
            "num_policy": null,
            "cache": true,
            "path": ":data/regression-cat-medium-1-Mercedes_Benz_Greener_Manufacturing",
            "cat_policy": "one-hot",
            "y_policy": "standard"
        },
        "model": {
            "n_estimators": 4000,
            "n_jobs": 4,
            "feature_fraction": 0.6133141339457837,
            "lambda_l2": 7.935472210681581,
            "learning_rate": 0.9791042716864872,
            "num_leaves": 4,
            "min_sum_hessian_in_leaf": 0.09879565310275765,
            "bagging_fraction": 0.7066463646825223
        },
        "fit": {
            "early_stopping_rounds": 200,
            "verbose": true
        }
    },
    "prediction_type": null,
    "time": "0:00:00",
    "best_iteration": 2,
    "metrics": {
        "train": {
            "rmse": 8.504819236335074,
            "mae": 5.380869836177707,
            "r2": 0.5514845684407299,
            "score": -8.504819236335074
        },
        "val": {
            "rmse": 9.163250300193683,
            "mae": 5.7986619273326285,
            "r2": 0.5250242006635106,
            "score": -9.163250300193683
        },
        "test": {
            "rmse": 7.770983494948865,
            "mae": 5.308615171993754,
            "r2": 0.6019566426239294,
            "score": -7.770983494948865
        }
    }
}
