{
    "function": "bin.ensemble.main",
    "config": {
        "seeds": [
            5,
            6,
            7,
            8,
            9
        ]
    },
    "single_model_function": "bin.tabr_design.main",
    "data": ":data/higgs-small",
    "prediction_type": "probs",
    "metrics": {
        "train": {
            "0": {
                "precision": 0.7539863325740319,
                "recall": 0.7608680954634575,
                "f1-score": 0.7574115825958205,
                "support": 29582
            },
            "1": {
                "precision": 0.7849782668166205,
                "recall": 0.7785884410142,
                "f1-score": 0.7817702972694799,
                "support": 33169
            },
            "accuracy": 0.7702347372950232,
            "macro avg": {
                "precision": 0.7694822996953262,
                "recall": 0.7697282682388287,
                "f1-score": 0.7695909399326502,
                "support": 62751
            },
            "weighted avg": {
                "precision": 0.7703680869188618,
                "recall": 0.7702347372950232,
                "f1-score": 0.7702871416627773,
                "support": 62751
            },
            "cross-entropy": 0.47246305875017364,
            "roc-auc": 0.8550588464071556,
            "score": 0.7702347372950232
        },
        "val": {
            "0": {
                "precision": 0.7180646929824561,
                "recall": 0.7083558680367766,
                "f1-score": 0.7131772393139123,
                "support": 7396
            },
            "1": {
                "precision": 0.7429694947569113,
                "recall": 0.7519295706705258,
                "f1-score": 0.7474226804123711,
                "support": 8292
            },
            "accuracy": 0.7313870474247832,
            "macro avg": {
                "precision": 0.7305170938696837,
                "recall": 0.7301427193536512,
                "f1-score": 0.7302999598631417,
                "support": 15688
            },
            "weighted avg": {
                "precision": 0.7312282967760424,
                "recall": 0.7313870474247832,
                "f1-score": 0.7312779020872691,
                "support": 15688
            },
            "cross-entropy": 0.5275054532053477,
            "roc-auc": 0.8103539363789556,
            "score": 0.7313870474247832
        },
        "test": {
            "0": {
                "precision": 0.7079646017699115,
                "recall": 0.709572742022715,
                "f1-score": 0.7087677597104424,
                "support": 9245
            },
            "1": {
                "precision": 0.7404292343387471,
                "recall": 0.7389290882778582,
                "f1-score": 0.7396784006953498,
                "support": 10365
            },
            "accuracy": 0.7250892401835798,
            "macro avg": {
                "precision": 0.7241969180543293,
                "recall": 0.7242509151502866,
                "f1-score": 0.7242230802028962,
                "support": 19610
            },
            "weighted avg": {
                "precision": 0.7251240059808234,
                "recall": 0.7250892401835798,
                "f1-score": 0.7251057910112361,
                "support": 19610
            },
            "cross-entropy": 0.5356443823484398,
            "roc-auc": 0.8044539270650463,
            "score": 0.7250892401835798
        }
    }
}