{
    "function": "bin.xgboost_.main",
    "gpus": [
        "NVIDIA GeForce RTX 2080 Ti"
    ],
    "config": {
        "seed": 1,
        "data": {
            "seed": 0,
            "num_policy": null,
            "cache": true,
            "path": ":data/regression-num-medium-0-houses",
            "cat_policy": null,
            "y_policy": "standard"
        },
        "model": {
            "booster": "gbtree",
            "n_estimators": 4000,
            "n_jobs": 1,
            "tree_method": "gpu_hist",
            "use_label_encoder": false,
            "colsample_bytree": 0.8049341986108426,
            "gamma": 0,
            "lambda": 0.0,
            "learning_rate": 0.027198673749016935,
            "max_depth": 7,
            "min_child_weight": 0.000573910806447159,
            "subsample": 0.7873915583412585
        },
        "fit": {
            "early_stopping_rounds": 200,
            "verbose": true
        },
        "neighbors": null
    },
    "prediction_type": null,
    "time": "0:00:07",
    "best_iteration": 2872,
    "metrics": {
        "train": {
            "rmse": 0.02182957828027169,
            "mae": 0.017299684243466507,
            "r2": 0.9985154065859542,
            "score": -0.02182957828027169
        },
        "val": {
            "rmse": 0.23303207175872548,
            "mae": 0.15618575211784602,
            "r2": 0.8382311482723843,
            "score": -0.23303207175872548
        },
        "test": {
            "rmse": 0.21828818887001725,
            "mae": 0.15147978409390817,
            "r2": 0.8523572931214243,
            "score": -0.21828818887001725
        }
    }
}
