{
    "function": "bin.tabr.main",
    "gpus": [
        "NVIDIA A100-SXM4-80GB"
    ],
    "config": {
        "seed": 3,
        "batch_size": 256,
        "patience": 16,
        "n_epochs": Infinity,
        "context_size": 96,
        "data": {
            "seed": 0,
            "cache": true,
            "path": ":data/regression-cat-large-0-diamonds",
            "num_policy": "quantile",
            "cat_policy": "ordinal",
            "y_policy": "standard"
        },
        "model": {
            "num_embeddings": null,
            "d_main": 265,
            "mixer_dropout": 0.38920071545944357,
            "d_multiplier": 2.0,
            "encoder_n_blocks": 0,
            "predictor_n_blocks": 1,
            "mixer_normalization": "auto",
            "dropout0": 0.38852797479169876,
            "dropout1": 0.0,
            "normalization": "LayerNorm",
            "activation": "ReLU"
        },
        "optimizer": {
            "type": "AdamW",
            "lr": 0.0003121273641315169,
            "weight_decay": 1.2260352006404615e-06
        }
    },
    "n_parameters": 642626,
    "prediction_type": null,
    "best_epoch": 33,
    "metrics": {
        "train": {
            "rmse": 0.08240430823849053,
            "mae": 0.06022209079357799,
            "r2": 0.9933840288616349,
            "score": -0.08240430823849053
        },
        "val": {
            "rmse": 0.08169864237429277,
            "mae": 0.06005094296068547,
            "r2": 0.993549126023055,
            "score": -0.08169864237429277
        },
        "test": {
            "rmse": 0.08503116943198331,
            "mae": 0.062169291786056124,
            "r2": 0.9929951194003745,
            "score": -0.08503116943198331
        }
    },
    "time": "0:01:36",
    "chunk_size": null,
    "eval_batch_size": 32768
}