{
    "function": "bin.catboost_.main",
    "gpus": [
        "NVIDIA GeForce RTX 2080 Ti",
        "NVIDIA GeForce RTX 2080 Ti"
    ],
    "config": {
        "seed": 8,
        "data": {
            "seed": 0,
            "num_policy": null,
            "cat_policy": null,
            "cache": true,
            "path": ":data/regression-num-medium-1-Ailerons",
            "y_policy": "standard"
        },
        "model": {
            "iterations": 4000,
            "early_stopping_rounds": 3999,
            "thread_count": 4,
            "task_type": "CPU",
            "od_pval": 0.001
        },
        "fit": {
            "logging_level": "Verbose"
        }
    },
    "prediction_type": null,
    "time": "0:00:09",
    "best_iteration": 3766,
    "metrics": {
        "train": {
            "rmse": 9.108267235294935e-05,
            "mae": 6.78198633011723e-05,
            "r2": 0.9499555395626557,
            "score": -9.108267235294935e-05
        },
        "val": {
            "rmse": 0.00014385123449004865,
            "mae": 0.00010505455668239255,
            "r2": 0.8729661236121096,
            "score": -0.00014385123449004865
        },
        "test": {
            "rmse": 0.00016023135262764485,
            "mae": 0.00011004715903893598,
            "r2": 0.8484803523882344,
            "score": -0.00016023135262764485
        }
    }
}
