{
    "function": "bin.tabr.main",
    "gpus": [
        "A100-SXM-80GB"
    ],
    "config": {
        "seed": 7,
        "batch_size": 64,
        "patience": 16,
        "n_epochs": Infinity,
        "context_size": 96,
        "data": {
            "seed": 0,
            "cache": true,
            "path": ":data/regression-cat-medium-3-Mercedes_Benz_Greener_Manufacturing",
            "num_policy": null,
            "cat_policy": "ordinal",
            "y_policy": "standard"
        },
        "model": {
            "d_main": 139,
            "context_dropout": 0.5441734439226823,
            "d_multiplier": 2.0,
            "encoder_n_blocks": 0,
            "predictor_n_blocks": 1,
            "mixer_normalization": "auto",
            "dropout0": 0.28390927451645565,
            "dropout1": 0.0,
            "normalization": "LayerNorm",
            "activation": "ReLU",
            "num_embeddings": null
        },
        "optimizer": {
            "type": "AdamW",
            "lr": 0.00024253627587469994,
            "weight_decay": 0.0
        }
    },
    "n_parameters": 228517,
    "prediction_type": null,
    "best_epoch": 2,
    "metrics": {
        "train": {
            "rmse": 7.836331601630194,
            "mae": 5.195764972046732,
            "r2": 0.6076635652469697,
            "score": -7.836331601630194
        },
        "val": {
            "rmse": 12.374624655324938,
            "mae": 6.299877150876455,
            "r2": 0.33405425063399785,
            "score": -12.374624655324938
        },
        "test": {
            "rmse": 7.513588382745008,
            "mae": 5.177200421942871,
            "r2": 0.6103561704312249,
            "score": -7.513588382745008
        }
    },
    "time": "0:00:06",
    "chunk_size": null,
    "eval_batch_size": 32768
}