{
    "function": "bin.ffn.main",
    "gpus": [
        "A100-SXM-80GB"
    ],
    "config": {
        "seed": 13,
        "batch_size": 32,
        "patience": 16,
        "n_epochs": Infinity,
        "data": {
            "seed": 0,
            "cache": true,
            "path": ":data/classif-num-medium-0-phoneme",
            "num_policy": "quantile",
            "cat_policy": null,
            "y_policy": null
        },
        "optimizer": {
            "type": "AdamW",
            "lr": 0.000555833865683529,
            "weight_decay": 0.0
        },
        "model": {
            "backbone": {
                "type": "MLP",
                "n_blocks": 4,
                "d_layer": 608,
                "dropout": 0.40448965550854565,
                "activation": "ReLU"
            },
            "num_embeddings": {
                "type": "PLREmbeddings",
                "n_frequencies": 48,
                "frequency_scale": 0.6869513635896859,
                "d_embedding": 40,
                "lite": true
            }
        }
    },
    "n_parameters": 1237753,
    "prediction_type": "logits",
    "best_epoch": 36,
    "metrics": {
        "train": {
            "0": {
                "precision": 0.9936479128856625,
                "recall": 0.9990875912408759,
                "f1-score": 0.9963603275705186,
                "support": 1096
            },
            "1": {
                "precision": 0.9991055456171736,
                "recall": 0.9937722419928826,
                "f1-score": 0.9964317573595005,
                "support": 1124
            },
            "accuracy": 0.9963963963963964,
            "macro avg": {
                "precision": 0.9963767292514181,
                "recall": 0.9964299166168793,
                "f1-score": 0.9963960424650096,
                "support": 2220
            },
            "weighted avg": {
                "precision": 0.9964111467551304,
                "recall": 0.9963963963963964,
                "f1-score": 0.9963964929231384,
                "support": 2220
            },
            "cross-entropy": 0.011386092857858385,
            "roc-auc": 0.9999634711795724,
            "score": 0.9963963963963964
        },
        "val": {
            "0": {
                "precision": 0.9121621621621622,
                "recall": 0.9,
                "f1-score": 0.9060402684563759,
                "support": 150
            },
            "1": {
                "precision": 0.8905109489051095,
                "recall": 0.9037037037037037,
                "f1-score": 0.8970588235294118,
                "support": 135
            },
            "accuracy": 0.9017543859649123,
            "macro avg": {
                "precision": 0.9013365555336359,
                "recall": 0.9018518518518519,
                "f1-score": 0.9015495459928938,
                "support": 285
            },
            "weighted avg": {
                "precision": 0.9019063243035583,
                "recall": 0.9017543859649123,
                "f1-score": 0.9017858998067613,
                "support": 285
            },
            "cross-entropy": 0.5524078614639676,
            "roc-auc": 0.9552592592592593,
            "score": 0.9017543859649123
        },
        "test": {
            "0": {
                "precision": 0.8802395209580839,
                "recall": 0.8647058823529412,
                "f1-score": 0.8724035608308607,
                "support": 340
            },
            "1": {
                "precision": 0.8618618618618619,
                "recall": 0.8776758409785933,
                "f1-score": 0.8696969696969697,
                "support": 327
            },
            "accuracy": 0.8710644677661169,
            "macro avg": {
                "precision": 0.8710506914099729,
                "recall": 0.8711908616657673,
                "f1-score": 0.8710502652639152,
                "support": 667
            },
            "weighted avg": {
                "precision": 0.8712297840398461,
                "recall": 0.8710644677661169,
                "f1-score": 0.8710766413394329,
                "support": 667
            },
            "cross-entropy": 0.7312136059555111,
            "roc-auc": 0.9393820831084727,
            "score": 0.8710644677661169
        }
    },
    "time": "0:00:13",
    "chunk_size": null,
    "eval_batch_size": 32768
}
