{
    "function": "bin.xgboost_.main",
    "gpus": [
        "NVIDIA GeForce RTX 2080 Ti"
    ],
    "config": {
        "seed": 12,
        "data": {
            "seed": 0,
            "num_policy": null,
            "cache": true,
            "path": ":data/classif-num-medium-0-MagicTelescope",
            "cat_policy": null,
            "y_policy": null
        },
        "model": {
            "booster": "gbtree",
            "n_estimators": 4000,
            "n_jobs": 1,
            "tree_method": "gpu_hist",
            "use_label_encoder": false,
            "colsample_bytree": 0.9157269163083637,
            "gamma": 0.001478574602040989,
            "lambda": 0.3160484084858942,
            "learning_rate": 0.06115892982946199,
            "max_depth": 9,
            "min_child_weight": 1.5377224980914348,
            "subsample": 0.5267183324957658
        },
        "fit": {
            "early_stopping_rounds": 200,
            "verbose": true
        },
        "neighbors": null
    },
    "prediction_type": "probs",
    "time": "0:00:01",
    "best_iteration": 90,
    "metrics": {
        "train": {
            "0": {
                "precision": 0.9227822580645161,
                "recall": 0.970937632583793,
                "f1-score": 0.9462476741782095,
                "support": 4714
            },
            "1": {
                "precision": 0.9688848512377924,
                "recall": 0.9176166917616692,
                "f1-score": 0.9425541316836058,
                "support": 4649
            },
            "accuracy": 0.9444622450069422,
            "macro avg": {
                "precision": 0.9458335546511543,
                "recall": 0.944277162172731,
                "f1-score": 0.9444009029309077,
                "support": 9363
            },
            "weighted avg": {
                "precision": 0.9456735274933916,
                "recall": 0.9444622450069422,
                "f1-score": 0.9444137236220401,
                "support": 9363
            },
            "cross-entropy": 0.17839867137091248,
            "roc-auc": 0.9893214292461012,
            "score": 0.9444622450069422
        },
        "val": {
            "0": {
                "precision": 0.8414239482200647,
                "recall": 0.8950086058519794,
                "f1-score": 0.8673894912427024,
                "support": 581
            },
            "1": {
                "precision": 0.8957264957264958,
                "recall": 0.842443729903537,
                "f1-score": 0.8682684341342172,
                "support": 622
            },
            "accuracy": 0.8678304239401496,
            "macro avg": {
                "precision": 0.8685752219732803,
                "recall": 0.8687261678777582,
                "f1-score": 0.8678289626884598,
                "support": 1203
            },
            "weighted avg": {
                "precision": 0.8695005771053514,
                "recall": 0.8678304239401496,
                "f1-score": 0.867843940518282,
                "support": 1203
            },
            "cross-entropy": 0.31722168360113345,
            "roc-auc": 0.9365020947363177,
            "score": 0.8678304239401496
        },
        "test": {
            "0": {
                "precision": 0.8216216216216217,
                "recall": 0.8729361091170137,
                "f1-score": 0.8465019143752176,
                "support": 1393
            },
            "1": {
                "precision": 0.8669172932330828,
                "recall": 0.8136908962597036,
                "f1-score": 0.8394612304332,
                "support": 1417
            },
            "accuracy": 0.8430604982206406,
            "macro avg": {
                "precision": 0.8442694574273522,
                "recall": 0.8433135026883587,
                "f1-score": 0.8429815724042088,
                "support": 2810
            },
            "weighted avg": {
                "precision": 0.844462890900426,
                "recall": 0.8430604982206406,
                "f1-score": 0.8429515054265203,
                "support": 2810
            },
            "cross-entropy": 0.3532163320058771,
            "roc-auc": 0.9207551012447053,
            "score": 0.8430604982206406
        }
    }
}
