{
    "function": "bin.catboost_.main",
    "gpus": [],
    "config": {
        "seed": 8,
        "data": {
            "seed": 0,
            "num_policy": null,
            "cat_policy": null,
            "cache": true,
            "path": ":data/house",
            "y_policy": "standard"
        },
        "model": {
            "iterations": 4000,
            "early_stopping_rounds": 200,
            "od_pval": 0.001,
            "bagging_temperature": 0.09815195149700973,
            "depth": 7,
            "l2_leaf_reg": 5.709128264665468,
            "leaf_estimation_iterations": 2,
            "learning_rate": 0.024605040548319853,
            "task_type": "CPU",
            "thread_count": 4
        },
        "fit": {
            "logging_level": "Verbose"
        }
    },
    "prediction_type": null,
    "time": "0:00:12",
    "best_iteration": 3982,
    "metrics": {
        "train": {
            "rmse": 10131.518436956954,
            "mae": 6853.70594031093,
            "r2": 0.9621997718781335,
            "score": -10131.518436956954
        },
        "val": {
            "rmse": 29820.932274744893,
            "mae": 15530.897556506421,
            "r2": 0.7015792766229827,
            "score": -29820.932274744893
        },
        "test": {
            "rmse": 31141.690484127295,
            "mae": 15489.89912350609,
            "r2": 0.6640673405400506,
            "score": -31141.690484127295
        }
    }
}
