{
    "function": "bin.ensemble.main",
    "config": {
        "seeds": [
            10,
            11,
            12,
            13,
            14
        ]
    },
    "single_model_function": "bin.lightgbm_.main",
    "data": ":data/regression-num-medium-0-medical_charges",
    "prediction_type": null,
    "metrics": {
        "train": {
            "rmse": 0.07861821902646506,
            "mae": 0.05066844267021501,
            "r2": 0.9802659605956546,
            "score": -0.07861821902646506
        },
        "val": {
            "rmse": 0.08260069889554932,
            "mae": 0.05215787185687694,
            "r2": 0.9787513527036059,
            "score": -0.08260069889554932
        },
        "test": {
            "rmse": 0.08199273959378413,
            "mae": 0.05188719097962148,
            "r2": 0.9791131967972848,
            "score": -0.08199273959378413
        }
    }
}
