{
    "function": "bin.ensemble.main",
    "config": {
        "seeds": [
            0,
            1,
            2,
            3,
            4
        ]
    },
    "single_model_function": "bin.tabr.main",
    "data": ":data/regression-num-medium-2-isolet",
    "prediction_type": null,
    "metrics": {
        "train": {
            "rmse": 0.26940188160384565,
            "mae": 0.1977396820726529,
            "r2": 0.9987147345182709,
            "score": -0.26940188160384565
        },
        "val": {
            "rmse": 2.2753108277045744,
            "mae": 0.7563133462592866,
            "r2": 0.9055947773234245,
            "score": -2.2753108277045744
        },
        "test": {
            "rmse": 1.7581558423402313,
            "mae": 0.6658581399531407,
            "r2": 0.944924924665043,
            "score": -1.7581558423402313
        }
    }
}