{
    "function": "bin.ffn.main",
    "gpus": [
        "A100-SXM-80GB"
    ],
    "config": {
        "seed": 3,
        "batch_size": 128,
        "patience": 16,
        "n_epochs": Infinity,
        "data": {
            "seed": 0,
            "cache": true,
            "path": ":data/regression-num-medium-1-cpu_act",
            "num_policy": "quantile",
            "cat_policy": null,
            "y_policy": "standard"
        },
        "optimizer": {
            "type": "AdamW",
            "lr": 0.0006105535679713173,
            "weight_decay": 0.0
        },
        "model": {
            "num_embeddings": null,
            "backbone": {
                "type": "MLP",
                "n_blocks": 6,
                "d_layer": 321,
                "dropout": 0.13744994138156932,
                "activation": "ReLU"
            }
        }
    },
    "n_parameters": 524194,
    "prediction_type": null,
    "best_epoch": 50,
    "metrics": {
        "train": {
            "rmse": 1.7598177725358173,
            "mae": 1.3280554872366537,
            "r2": 0.990330255494606,
            "score": -1.7598177725358173
        },
        "val": {
            "rmse": 2.3637587810250085,
            "mae": 1.678377079745374,
            "r2": 0.9875379817970567,
            "score": -2.3637587810250085
        },
        "test": {
            "rmse": 2.88053133635351,
            "mae": 1.8284197406681386,
            "r2": 0.97641303732915,
            "score": -2.88053133635351
        }
    },
    "time": "0:00:10",
    "chunk_size": null,
    "eval_batch_size": 32768
}
