{
    "function": "bin.ensemble.main",
    "config": {
        "seeds": [
            5,
            6,
            7,
            8,
            9
        ]
    },
    "single_model_function": "bin.tabr_design.main",
    "data": ":data/house",
    "prediction_type": null,
    "metrics": {
        "train": {
            "rmse": 20936.78606172658,
            "mae": 11746.030107939907,
            "r2": 0.8385770030598405,
            "score": -20936.78606172658
        },
        "val": {
            "rmse": 27801.330572417144,
            "mae": 14062.15398135921,
            "r2": 0.7406312213189732,
            "score": -27801.330572417144
        },
        "test": {
            "rmse": 31359.880793894896,
            "mae": 14934.541929029394,
            "r2": 0.6593435120754616,
            "score": -31359.880793894896
        }
    }
}