{
    "function": "bin.ffn.main",
    "environment": {
        "CUDA_VISIBLE_DEVICES": "1",
        "gpus": {
            "driver": "460.80",
            "devices": [
                {
                    "name": "GeForce RTX 2080 Ti",
                    "memory_total": 11554717696,
                    "memory_free": 3193372672,
                    "memory_used": 8361345024,
                    "utilization": 98
                },
                {
                    "name": "GeForce RTX 2080 Ti",
                    "memory_total": 11552096256,
                    "memory_free": 9811460096,
                    "memory_used": 1740636160,
                    "utilization": 39
                }
            ]
        },
        "torch.version.cuda": "11.1",
        "torch.backends.cudnn.version()": 8005,
        "torch.cuda.nccl.version()": [
            2,
            10,
            3
        ]
    },
    "config": {
        "seed": 9,
        "batch_size": 128,
        "patience": 16,
        "n_epochs": Infinity,
        "data": {
            "seed": 0,
            "cache": true,
            "path": ":data/regression-num-medium-2-sulfur",
            "num_policy": "quantile",
            "cat_policy": null,
            "y_policy": "standard"
        },
        "optimizer": {
            "type": "AdamW",
            "lr": 0.0001868497372476785,
            "weight_decay": 9.226316846828605e-05
        },
        "model": {
            "backbone": {
                "type": "MLP",
                "n_blocks": 3,
                "d_layer": 790,
                "dropout": 0.0,
                "activation": "ReLU"
            },
            "num_embeddings": {
                "type": "PLREmbeddings",
                "n_frequencies": 71,
                "frequency_scale": 0.07348235065555683,
                "d_embedding": 45,
                "lite": true
            }
        }
    },
    "n_parameters": 1471522,
    "prediction_type": null,
    "best_epoch": 87,
    "metrics": {
        "train": {
            "rmse": 0.011656943631172105,
            "mae": 0.00828826512843106,
            "r2": 0.9492486964839365,
            "score": -0.011656943631172105
        },
        "val": {
            "rmse": 0.01618894284604519,
            "mae": 0.010215547355989507,
            "r2": 0.8969271882713511,
            "score": -0.01618894284604519
        },
        "test": {
            "rmse": 0.01563915856547526,
            "mae": 0.010064194553576211,
            "r2": 0.9270602460121552,
            "score": -0.01563915856547526
        }
    },
    "time": "0:00:13",
    "chunk_size": null,
    "eval_batch_size": 32768
}
