{
    "function": "bin.xgboost_.main",
    "gpus": [
        "NVIDIA GeForce RTX 2080 Ti"
    ],
    "config": {
        "seed": 10,
        "data": {
            "seed": 0,
            "num_policy": null,
            "cache": true,
            "path": ":data/regression-num-medium-0-house_16H",
            "cat_policy": null,
            "y_policy": "standard"
        },
        "model": {
            "booster": "gbtree",
            "n_estimators": 4000,
            "n_jobs": 1,
            "tree_method": "gpu_hist",
            "use_label_encoder": false,
            "colsample_bytree": 0.8090624719569393,
            "gamma": 0,
            "lambda": 0.0,
            "learning_rate": 0.02997212989583002,
            "max_depth": 5,
            "min_child_weight": 0.017454547963878287,
            "subsample": 0.5853383215848017
        },
        "fit": {
            "early_stopping_rounds": 200,
            "verbose": true
        },
        "neighbors": null
    },
    "prediction_type": null,
    "time": "0:00:02",
    "best_iteration": 984,
    "metrics": {
        "train": {
            "rmse": 0.23389243634181844,
            "mae": 0.18291683686481264,
            "r2": 0.9296046434284244,
            "score": -0.23389243634181844
        },
        "val": {
            "rmse": 0.5911920375784961,
            "mae": 0.2908891553665782,
            "r2": 0.580085650029559,
            "score": -0.5911920375784961
        },
        "test": {
            "rmse": 0.5806674236181197,
            "mae": 0.2935806237437433,
            "r2": 0.5364435947804084,
            "score": -0.5806674236181197
        }
    }
}
