{
    "function": "bin.ensemble.main",
    "config": {
        "seeds": [
            10,
            11,
            12,
            13,
            14
        ]
    },
    "single_model_function": "bin.catboost_.main",
    "data": ":data/churn",
    "prediction_type": "probs",
    "metrics": {
        "train": {
            "0": {
                "precision": 0.8772396664892673,
                "recall": 0.9703689167974883,
                "f1-score": 0.9214571881114322,
                "support": 5096
            },
            "1": {
                "precision": 0.8020969855832241,
                "recall": 0.46932515337423314,
                "f1-score": 0.5921625544267054,
                "support": 1304
            },
            "accuracy": 0.86828125,
            "macro avg": {
                "precision": 0.8396683260362456,
                "recall": 0.7198470350858607,
                "f1-score": 0.7568098712690687,
                "support": 6400
            },
            "weighted avg": {
                "precision": 0.861929345254661,
                "recall": 0.86828125,
                "f1-score": 0.8543634064981691,
                "support": 6400
            },
            "cross-entropy": 0.3255569732714082,
            "roc-auc": 0.8846071079446409,
            "score": 0.86828125
        },
        "val": {
            "0": {
                "precision": 0.876317638791286,
                "recall": 0.978806907378336,
                "f1-score": 0.9247311827956989,
                "support": 1274
            },
            "1": {
                "precision": 0.847457627118644,
                "recall": 0.4601226993865031,
                "f1-score": 0.5964214711729623,
                "support": 326
            },
            "accuracy": 0.873125,
            "macro avg": {
                "precision": 0.861887632954965,
                "recall": 0.7194648033824196,
                "f1-score": 0.7605763269843306,
                "support": 1600
            },
            "weighted avg": {
                "precision": 0.8704374114129851,
                "recall": 0.873125,
                "f1-score": 0.8578380790525663,
                "support": 1600
            },
            "cross-entropy": 0.3383328487480927,
            "roc-auc": 0.8668196396066684,
            "score": 0.873125
        },
        "test": {
            "0": {
                "precision": 0.8662562954672636,
                "recall": 0.9717514124293786,
                "f1-score": 0.9159763313609467,
                "support": 1593
            },
            "1": {
                "precision": 0.7887323943661971,
                "recall": 0.41277641277641275,
                "f1-score": 0.5419354838709677,
                "support": 407
            },
            "accuracy": 0.858,
            "macro avg": {
                "precision": 0.8274943449167304,
                "recall": 0.6922639126028957,
                "f1-score": 0.7289559076159572,
                "support": 2000
            },
            "weighted avg": {
                "precision": 0.8504801815931966,
                "recall": 0.858,
                "f1-score": 0.839859018896736,
                "support": 2000
            },
            "cross-entropy": 0.3464098728331993,
            "roc-auc": 0.8596886562988258,
            "score": 0.858
        }
    }
}
