{
    "function": "bin.catboost_.main",
    "gpus": [
        "NVIDIA GeForce RTX 2080 Ti",
        "NVIDIA GeForce RTX 2080 Ti"
    ],
    "config": {
        "seed": 2,
        "data": {
            "seed": 0,
            "num_policy": null,
            "cat_policy": null,
            "cache": true,
            "path": ":data/regression-num-medium-0-cpu_act",
            "y_policy": "standard"
        },
        "model": {
            "iterations": 4000,
            "early_stopping_rounds": 3999,
            "thread_count": 4,
            "task_type": "CPU",
            "od_pval": 0.001
        },
        "fit": {
            "logging_level": "Verbose"
        }
    },
    "prediction_type": null,
    "time": "0:00:11",
    "best_iteration": 3091,
    "metrics": {
        "train": {
            "rmse": 1.0536267977531382,
            "mae": 0.7911116816469644,
            "r2": 0.9966664593111382,
            "score": -1.0536267977531382
        },
        "val": {
            "rmse": 2.271641161015873,
            "mae": 1.546663289280114,
            "r2": 0.9847574377779444,
            "score": -2.271641161015873
        },
        "test": {
            "rmse": 2.0550042277430993,
            "mae": 1.471019222862122,
            "r2": 0.9881746099901016,
            "score": -2.0550042277430993
        }
    }
}
