{
    "function": "bin.lightgbm_.main",
    "gpus": [
        "GeForce RTX 2080 Ti",
        "GeForce RTX 2080 Ti"
    ],
    "config": {
        "seed": 12,
        "data": {
            "seed": 0,
            "num_policy": null,
            "cache": true,
            "path": ":data/classif-cat-medium-0-KDDCup09_upselling",
            "cat_policy": "one-hot",
            "y_policy": null
        },
        "model": {
            "n_estimators": 4000,
            "n_jobs": 4,
            "feature_fraction": 0.6109093000393092,
            "lambda_l2": 0.0,
            "learning_rate": 0.0910271510874547,
            "num_leaves": 127,
            "min_sum_hessian_in_leaf": 24.056426808971597,
            "bagging_fraction": 0.8658939753398882
        },
        "fit": {
            "early_stopping_rounds": 200,
            "verbose": true
        }
    },
    "prediction_type": "probs",
    "time": "0:00:00",
    "best_iteration": 6,
    "metrics": {
        "train": {
            "0": {
                "precision": 0.7964338781575037,
                "recall": 0.8903654485049833,
                "f1-score": 0.8407843137254902,
                "support": 1806
            },
            "1": {
                "precision": 0.8738853503184714,
                "recall": 0.7694896242288278,
                "f1-score": 0.8183716075156576,
                "support": 1783
            },
            "accuracy": 0.8303148509334076,
            "macro avg": {
                "precision": 0.8351596142379876,
                "recall": 0.8299275363669056,
                "f1-score": 0.829577960620574,
                "support": 3589
            },
            "weighted avg": {
                "precision": 0.8349114415074633,
                "recall": 0.8303148509334076,
                "f1-score": 0.8296497762019094,
                "support": 3589
            },
            "cross-entropy": 0.5309556542308737,
            "roc-auc": 0.9276070169292985,
            "score": 0.8303148509334076
        },
        "val": {
            "0": {
                "precision": 0.7705627705627706,
                "recall": 0.8557692307692307,
                "f1-score": 0.8109339407744874,
                "support": 208
            },
            "1": {
                "precision": 0.868421052631579,
                "recall": 0.7888446215139442,
                "f1-score": 0.826722338204593,
                "support": 251
            },
            "accuracy": 0.8191721132897604,
            "macro avg": {
                "precision": 0.8194919115971748,
                "recall": 0.8223069261415874,
                "f1-score": 0.8188281394895403,
                "support": 459
            },
            "weighted avg": {
                "precision": 0.8240756873367813,
                "recall": 0.8191721132897604,
                "f1-score": 0.8195676831600135,
                "support": 459
            },
            "cross-entropy": 0.5304404739539977,
            "roc-auc": 0.9171008274593933,
            "score": 0.8191721132897604
        },
        "test": {
            "0": {
                "precision": 0.7672131147540984,
                "recall": 0.8540145985401459,
                "f1-score": 0.8082901554404146,
                "support": 548
            },
            "1": {
                "precision": 0.8283261802575107,
                "recall": 0.7310606060606061,
                "f1-score": 0.7766599597585514,
                "support": 528
            },
            "accuracy": 0.7936802973977695,
            "macro avg": {
                "precision": 0.7977696475058045,
                "recall": 0.7925376023003761,
                "f1-score": 0.792475057599483,
                "support": 1076
            },
            "weighted avg": {
                "precision": 0.7972016822130218,
                "recall": 0.7936802973977695,
                "f1-score": 0.7927690185258943,
                "support": 1076
            },
            "cross-entropy": 0.5476887990768802,
            "roc-auc": 0.8902448296836982,
            "score": 0.7936802973977695
        }
    }
}
