{
    "function": "bin.ensemble.main",
    "config": {
        "seeds": [
            0,
            1,
            2,
            3,
            4
        ]
    },
    "single_model_function": "bin.ffn.main",
    "data": ":data/regression-num-medium-1-Ailerons",
    "prediction_type": null,
    "metrics": {
        "train": {
            "rmse": 0.00015224598021281458,
            "mae": 0.00011251567587960629,
            "r2": 0.8601778024306435,
            "score": -0.00015224598021281458
        },
        "val": {
            "rmse": 0.00014952422166877521,
            "mae": 0.00011132300227464746,
            "r2": 0.8627490297132896,
            "score": -0.00014952422166877521
        },
        "test": {
            "rmse": 0.0001640710278566882,
            "mae": 0.00011724536914866322,
            "r2": 0.8411315280740354,
            "score": -0.0001640710278566882
        }
    }
}
