{
    "function": "bin.ffn.main",
    "gpus": [
        "A100-SXM-80GB"
    ],
    "config": {
        "seed": 11,
        "batch_size": 64,
        "patience": 16,
        "n_epochs": Infinity,
        "data": {
            "seed": 0,
            "cache": true,
            "path": ":data/classif-num-medium-2-kdd_ipums_la_97-small",
            "num_policy": "quantile",
            "cat_policy": null,
            "y_policy": null
        },
        "optimizer": {
            "type": "AdamW",
            "lr": 0.00020482694982216194,
            "weight_decay": 5.470926495225252e-05
        },
        "model": {
            "backbone": {
                "type": "MLP",
                "n_blocks": 2,
                "d_layer": 74,
                "dropout": 0.0,
                "activation": "ReLU"
            },
            "num_embeddings": {
                "type": "PLREmbeddings",
                "n_frequencies": 42,
                "frequency_scale": 5.1233933138539305,
                "d_embedding": 53,
                "lite": false
            }
        }
    },
    "n_parameters": 175079,
    "prediction_type": "logits",
    "best_epoch": 5,
    "metrics": {
        "train": {
            "0": {
                "precision": 0.9374624173180999,
                "recall": 0.8656302054414214,
                "f1-score": 0.9001154734411086,
                "support": 1801
            },
            "1": {
                "precision": 0.8770325203252033,
                "recall": 0.9431693989071038,
                "f1-score": 0.908899420747762,
                "support": 1830
            },
            "accuracy": 0.9047094464334894,
            "macro avg": {
                "precision": 0.9072474688216516,
                "recall": 0.9043998021742626,
                "f1-score": 0.9045074470944353,
                "support": 3631
            },
            "weighted avg": {
                "precision": 0.9070061486601542,
                "recall": 0.9047094464334894,
                "f1-score": 0.9045425248239717,
                "support": 3631
            },
            "cross-entropy": 0.23160296931969268,
            "roc-auc": 0.9645658301550747,
            "score": 0.9047094464334894
        },
        "val": {
            "0": {
                "precision": 0.9383886255924171,
                "recall": 0.868421052631579,
                "f1-score": 0.9020501138952165,
                "support": 228
            },
            "1": {
                "precision": 0.8828125,
                "recall": 0.9456066945606695,
                "f1-score": 0.9131313131313131,
                "support": 239
            },
            "accuracy": 0.9079229122055674,
            "macro avg": {
                "precision": 0.9106005627962086,
                "recall": 0.9070138735961242,
                "f1-score": 0.9075907135132648,
                "support": 467
            },
            "weighted avg": {
                "precision": 0.9099460259851629,
                "recall": 0.9079229122055674,
                "f1-score": 0.9077212201423838,
                "support": 467
            },
            "cross-entropy": 0.2430818468906166,
            "roc-auc": 0.9571496733465462,
            "score": 0.9079229122055674
        },
        "test": {
            "0": {
                "precision": 0.9311023622047244,
                "recall": 0.8371681415929203,
                "f1-score": 0.8816402609506058,
                "support": 565
            },
            "1": {
                "precision": 0.8419243986254296,
                "recall": 0.9333333333333333,
                "f1-score": 0.8852755194218609,
                "support": 525
            },
            "accuracy": 0.8834862385321101,
            "macro avg": {
                "precision": 0.886513380415077,
                "recall": 0.8852507374631269,
                "f1-score": 0.8834578901862333,
                "support": 1090
            },
            "weighted avg": {
                "precision": 0.8881496733247889,
                "recall": 0.8834862385321101,
                "f1-score": 0.8833911881959351,
                "support": 1090
            },
            "cross-entropy": 0.27433380069769375,
            "roc-auc": 0.942685208596713,
            "score": 0.8834862385321101
        }
    },
    "time": "0:00:03",
    "chunk_size": null,
    "eval_batch_size": 32768
}
