{
    "function": "bin.catboost_.main",
    "gpus": [
        "NVIDIA GeForce RTX 2080 Ti",
        "NVIDIA GeForce RTX 2080 Ti"
    ],
    "config": {
        "seed": 13,
        "data": {
            "seed": 0,
            "num_policy": null,
            "cat_policy": null,
            "cache": true,
            "path": ":data/regression-num-medium-2-isolet",
            "y_policy": "standard"
        },
        "model": {
            "iterations": 4000,
            "early_stopping_rounds": 3999,
            "thread_count": 4,
            "task_type": "CPU",
            "od_pval": 0.001
        },
        "fit": {
            "logging_level": "Verbose"
        }
    },
    "prediction_type": null,
    "time": "0:03:43",
    "best_iteration": 3958,
    "metrics": {
        "train": {
            "rmse": 0.327139030555291,
            "mae": 0.25261845353875517,
            "r2": 0.9981047945516621,
            "score": -0.327139030555291
        },
        "val": {
            "rmse": 3.165416668981263,
            "mae": 2.119651548226566,
            "r2": 0.8172841053454443,
            "score": -3.165416668981263
        },
        "test": {
            "rmse": 2.9110983996777104,
            "mae": 1.958885732793445,
            "r2": 0.8490079403789299,
            "score": -2.9110983996777104
        }
    }
}
