{
    "function": "bin.lightgbm_.main",
    "gpus": [
        "GeForce RTX 2080 Ti",
        "GeForce RTX 2080 Ti"
    ],
    "config": {
        "seed": 8,
        "data": {
            "seed": 0,
            "num_policy": null,
            "cache": true,
            "path": ":data/classif-num-medium-2-phoneme",
            "cat_policy": null,
            "y_policy": null
        },
        "model": {
            "n_estimators": 4000,
            "n_jobs": 4,
            "feature_fraction": 0.7557804992083084,
            "lambda_l2": 0.0,
            "learning_rate": 0.13901041725676688,
            "num_leaves": 292,
            "min_sum_hessian_in_leaf": 0.131823711317675,
            "bagging_fraction": 0.5434105421811946
        },
        "fit": {
            "early_stopping_rounds": 200,
            "verbose": true
        }
    },
    "prediction_type": "probs",
    "time": "0:00:00",
    "best_iteration": 19,
    "metrics": {
        "train": {
            "0": {
                "precision": 0.9626253418413856,
                "recall": 0.9255039439088519,
                "f1-score": 0.9436997319034853,
                "support": 1141
            },
            "1": {
                "precision": 0.9243098842386465,
                "recall": 0.9620018535681186,
                "f1-score": 0.9427792915531336,
                "support": 1079
            },
            "accuracy": 0.9432432432432433,
            "macro avg": {
                "precision": 0.943467613040016,
                "recall": 0.9437528987384853,
                "f1-score": 0.9432395117283094,
                "support": 2220
            },
            "weighted avg": {
                "precision": 0.9440026487092436,
                "recall": 0.9432432432432433,
                "f1-score": 0.9432523647241927,
                "support": 2220
            },
            "cross-entropy": 0.20480537143357921,
            "roc-auc": 0.9910749314252899,
            "score": 0.9432432432432433
        },
        "val": {
            "0": {
                "precision": 0.8796992481203008,
                "recall": 0.8540145985401459,
                "f1-score": 0.8666666666666667,
                "support": 137
            },
            "1": {
                "precision": 0.868421052631579,
                "recall": 0.8918918918918919,
                "f1-score": 0.88,
                "support": 148
            },
            "accuracy": 0.8736842105263158,
            "macro avg": {
                "precision": 0.8740601503759399,
                "recall": 0.8729532452160189,
                "f1-score": 0.8733333333333333,
                "support": 285
            },
            "weighted avg": {
                "precision": 0.8738425009893155,
                "recall": 0.8736842105263158,
                "f1-score": 0.8735906432748539,
                "support": 285
            },
            "cross-entropy": 0.3330154782059346,
            "roc-auc": 0.9325310712172026,
            "score": 0.8736842105263158
        },
        "test": {
            "0": {
                "precision": 0.8896551724137931,
                "recall": 0.8376623376623377,
                "f1-score": 0.862876254180602,
                "support": 308
            },
            "1": {
                "precision": 0.8673740053050398,
                "recall": 0.9108635097493036,
                "f1-score": 0.8885869565217391,
                "support": 359
            },
            "accuracy": 0.8770614692653673,
            "macro avg": {
                "precision": 0.8785145888594165,
                "recall": 0.8742629237058206,
                "f1-score": 0.8757316053511706,
                "support": 667
            },
            "weighted avg": {
                "precision": 0.8776627601318705,
                "recall": 0.8770614692653673,
                "f1-score": 0.8767145482442726,
                "support": 667
            },
            "cross-entropy": 0.3233338558189471,
            "roc-auc": 0.9423723908403574,
            "score": 0.8770614692653673
        }
    }
}
