{
    "function": "bin.catboost_.main",
    "gpus": [
        "NVIDIA GeForce RTX 2080 Ti",
        "NVIDIA GeForce RTX 2080 Ti"
    ],
    "config": {
        "seed": 0,
        "data": {
            "seed": 0,
            "num_policy": null,
            "cat_policy": null,
            "cache": true,
            "path": ":data/classif-num-medium-0-credit",
            "y_policy": null
        },
        "model": {
            "iterations": 4000,
            "early_stopping_rounds": 3999,
            "thread_count": 4,
            "task_type": "CPU",
            "od_pval": 0.001
        },
        "fit": {
            "logging_level": "Verbose"
        }
    },
    "prediction_type": "probs",
    "time": "0:00:13",
    "best_iteration": 246,
    "metrics": {
        "train": {
            "0": {
                "precision": 0.7867661120673168,
                "recall": 0.8175675675675675,
                "f1-score": 0.8018711626547119,
                "support": 5032
            },
            "1": {
                "precision": 0.8075875078599875,
                "recall": 0.7755636070853462,
                "f1-score": 0.7912516685491324,
                "support": 4968
            },
            "accuracy": 0.7967,
            "macro avg": {
                "precision": 0.7971768099636521,
                "recall": 0.7965655873264569,
                "f1-score": 0.7965614156019222,
                "support": 10000
            },
            "weighted avg": {
                "precision": 0.7971101814971157,
                "recall": 0.7967,
                "f1-score": 0.79659539798306,
                "support": 10000
            },
            "cross-entropy": 0.4421663011443074,
            "roc-auc": 0.8757751917518541,
            "score": 0.7967
        },
        "val": {
            "0": {
                "precision": 0.775,
                "recall": 0.8125,
                "f1-score": 0.7933070866141734,
                "support": 992
            },
            "1": {
                "precision": 0.8090349075975359,
                "recall": 0.7710371819960861,
                "f1-score": 0.7895791583166333,
                "support": 1022
            },
            "accuracy": 0.791459781529295,
            "macro avg": {
                "precision": 0.792017453798768,
                "recall": 0.791768590998043,
                "f1-score": 0.7914431224654033,
                "support": 2014
            },
            "weighted avg": {
                "precision": 0.7922709411939829,
                "recall": 0.791459781529295,
                "f1-score": 0.7914153573589171,
                "support": 2014
            },
            "cross-entropy": 0.4646059505285635,
            "roc-auc": 0.8619178476737579,
            "score": 0.791459781529295
        },
        "test": {
            "0": {
                "precision": 0.7565922920892495,
                "recall": 0.7993999142734677,
                "f1-score": 0.7774072530220926,
                "support": 2333
            },
            "1": {
                "precision": 0.7906040268456376,
                "recall": 0.7465145754119138,
                "f1-score": 0.7679269882659713,
                "support": 2367
            },
            "accuracy": 0.7727659574468085,
            "macro avg": {
                "precision": 0.7735981594674435,
                "recall": 0.7729572448426907,
                "f1-score": 0.7726671206440319,
                "support": 4700
            },
            "weighted avg": {
                "precision": 0.7737211806357113,
                "recall": 0.7727659574468085,
                "f1-score": 0.7726328303247013,
                "support": 4700
            },
            "cross-entropy": 0.47915206749599554,
            "roc-auc": 0.8527053747131358,
            "score": 0.7727659574468085
        }
    }
}
