{
    "function": "bin.tabr_design.main",
    "gpus": [
        "A100-SXM-80GB"
    ],
    "config": {
        "seed": 13,
        "batch_size": 512,
        "patience": 16,
        "n_epochs": Infinity,
        "context_size": 96,
        "data": {
            "seed": 0,
            "cache": true,
            "path": ":data/diamond",
            "num_policy": "quantile",
            "cat_policy": "ordinal",
            "y_policy": "standard"
        },
        "model": {
            "num_embeddings": null,
            "d_main": 203,
            "context_dropout": 0.11061022099884055,
            "d_multiplier": 2.0,
            "encoder_n_blocks": 0,
            "predictor_n_blocks": 1,
            "mixer_normalization": "auto",
            "dropout0": 0.5269826775667907,
            "dropout1": 0.0,
            "normalization": "LayerNorm",
            "activation": "ReLU",
            "dot_product": false,
            "use_Q": true,
            "use_V": true,
            "use_labels": false,
            "use_T": false,
            "self_attention": true,
            "scale_similarities": true
        },
        "optimizer": {
            "type": "AdamW",
            "lr": 0.0008249033195927516,
            "weight_decay": 0.0
        }
    },
    "n_parameters": 296178,
    "prediction_type": null,
    "best_epoch": 64,
    "metrics": {
        "train": {
            "rmse": 0.12626627616864092,
            "mae": 0.0692150653076406,
            "r2": 0.983981553429002,
            "score": -0.12626627616864092
        },
        "val": {
            "rmse": 0.1403183434626373,
            "mae": 0.07486438513592472,
            "r2": 0.9807670386956682,
            "score": -0.1403183434626373
        },
        "test": {
            "rmse": 0.14312350008971086,
            "mae": 0.07504886541885637,
            "r2": 0.9794334068061453,
            "score": -0.14312350008971086
        }
    },
    "time": "0:01:01",
    "chunk_size": null,
    "eval_batch_size": 32768
}