{
    "function": "bin.tabr_scaling.main",
    "gpus": [
        "A100-SXM-80GB"
    ],
    "config": {
        "seed": 4,
        "batch_size": 256,
        "patience": 16,
        "n_epochs": Infinity,
        "context_size": 96,
        "freeze_contexts_after_n_epochs": 5,
        "data": {
            "seed": 0,
            "cache": true,
            "path": ":data/california",
            "num_policy": "quantile",
            "cat_policy": null,
            "y_policy": "standard"
        },
        "model": {
            "num_embeddings": null,
            "d_main": 265,
            "mixer_dropout": 0.38920071545944357,
            "d_multiplier": 2.0,
            "encoder_n_blocks": 0,
            "predictor_n_blocks": 1,
            "mixer_normalization": "auto",
            "dropout0": 0.38852797479169876,
            "dropout1": 0.0,
            "normalization": "LayerNorm",
            "activation": "ReLU"
        },
        "optimizer": {
            "type": "AdamW",
            "lr": 0.0003121273641315169,
            "weight_decay": 1.2260352006404615e-06
        }
    },
    "n_parameters": 637856,
    "prediction_type": null,
    "best_epoch": 42,
    "metrics": {
        "train": {
            "rmse": 0.373989308602413,
            "mae": 0.24203263820184873,
            "r2": 0.8961609984578522,
            "score": -0.373989308602413
        },
        "val": {
            "rmse": 0.41491015224860545,
            "mae": 0.25887000830331175,
            "r2": 0.8679695989985647,
            "score": -0.41491015224860545
        },
        "test": {
            "rmse": 0.40553771057752025,
            "mae": 0.2568004873862897,
            "r2": 0.8738753689454699,
            "score": -0.40553771057752025
        }
    },
    "time": "0:00:25",
    "chunk_size": null,
    "eval_batch_size": 32768
}