{
    "function": "bin.ffn.main",
    "gpus": [
        "A100-SXM-80GB"
    ],
    "config": {
        "seed": 5,
        "batch_size": 32,
        "patience": 16,
        "n_epochs": Infinity,
        "data": {
            "seed": 0,
            "cache": true,
            "path": ":data/classif-num-medium-0-phoneme",
            "num_policy": "quantile",
            "cat_policy": null,
            "y_policy": null
        },
        "optimizer": {
            "type": "AdamW",
            "lr": 0.0009092043064042483,
            "weight_decay": 0.0
        },
        "model": {
            "backbone": {
                "type": "MLP",
                "n_blocks": 4,
                "d_layer": 875,
                "dropout": 0.0,
                "activation": "ReLU"
            },
            "num_embeddings": {
                "type": "PLREmbeddings",
                "n_frequencies": 65,
                "frequency_scale": 0.9098051675032619,
                "d_embedding": 31,
                "lite": false
            }
        }
    },
    "n_parameters": 2457506,
    "prediction_type": "logits",
    "best_epoch": 16,
    "metrics": {
        "train": {
            "0": {
                "precision": 0.9802158273381295,
                "recall": 0.9945255474452555,
                "f1-score": 0.9873188405797101,
                "support": 1096
            },
            "1": {
                "precision": 0.9945848375451264,
                "recall": 0.9804270462633452,
                "f1-score": 0.9874551971326165,
                "support": 1124
            },
            "accuracy": 0.9873873873873874,
            "macro avg": {
                "precision": 0.987400332441628,
                "recall": 0.9874762968543003,
                "f1-score": 0.9873870188561633,
                "support": 2220
            },
            "weighted avg": {
                "precision": 0.9874909478213119,
                "recall": 0.9873873873873874,
                "f1-score": 0.9873878787623528,
                "support": 2220
            },
            "cross-entropy": 0.02770250453347672,
            "roc-auc": 0.9995973712237317,
            "score": 0.9873873873873874
        },
        "val": {
            "0": {
                "precision": 0.8662420382165605,
                "recall": 0.9066666666666666,
                "f1-score": 0.8859934853420196,
                "support": 150
            },
            "1": {
                "precision": 0.890625,
                "recall": 0.8444444444444444,
                "f1-score": 0.8669201520912547,
                "support": 135
            },
            "accuracy": 0.8771929824561403,
            "macro avg": {
                "precision": 0.8784335191082803,
                "recall": 0.8755555555555555,
                "f1-score": 0.8764568187166372,
                "support": 285
            },
            "weighted avg": {
                "precision": 0.8777918622192423,
                "recall": 0.8771929824561403,
                "f1-score": 0.8769587485390257,
                "support": 285
            },
            "cross-entropy": 0.5764092223772758,
            "roc-auc": 0.9414814814814815,
            "score": 0.8771929824561403
        },
        "test": {
            "0": {
                "precision": 0.874251497005988,
                "recall": 0.8588235294117647,
                "f1-score": 0.8664688427299703,
                "support": 340
            },
            "1": {
                "precision": 0.8558558558558559,
                "recall": 0.8715596330275229,
                "f1-score": 0.8636363636363636,
                "support": 327
            },
            "accuracy": 0.8650674662668666,
            "macro avg": {
                "precision": 0.865053676430922,
                "recall": 0.8651915812196438,
                "f1-score": 0.8650526031831669,
                "support": 667
            },
            "weighted avg": {
                "precision": 0.8652329442982021,
                "recall": 0.8650674662668666,
                "f1-score": 0.8650802060528947,
                "support": 667
            },
            "cross-entropy": 0.6494998690997105,
            "roc-auc": 0.9334232775679079,
            "score": 0.8650674662668666
        }
    },
    "time": "0:00:08",
    "chunk_size": null,
    "eval_batch_size": 32768
}
