{
    "function": "bin.catboost_.main",
    "gpus": [
        "NVIDIA GeForce RTX 2080 Ti",
        "NVIDIA GeForce RTX 2080 Ti"
    ],
    "config": {
        "seed": 9,
        "data": {
            "seed": 0,
            "num_policy": null,
            "cat_policy": null,
            "cache": true,
            "path": ":data/classif-cat-medium-0-KDDCup09_upselling",
            "y_policy": null
        },
        "model": {
            "iterations": 4000,
            "early_stopping_rounds": 200,
            "od_pval": 0.001,
            "bagging_temperature": 0.41213898041257463,
            "depth": 13,
            "l2_leaf_reg": 9.378387501863607,
            "leaf_estimation_iterations": 9,
            "learning_rate": 0.37310477855020285,
            "task_type": "CPU",
            "thread_count": 4
        },
        "fit": {
            "logging_level": "Verbose"
        }
    },
    "prediction_type": "probs",
    "time": "0:04:01",
    "best_iteration": 9,
    "metrics": {
        "train": {
            "0": {
                "precision": 0.8748738647830474,
                "recall": 0.9601328903654485,
                "f1-score": 0.9155227032734953,
                "support": 1806
            },
            "1": {
                "precision": 0.955196017423771,
                "recall": 0.8609085810431857,
                "f1-score": 0.9056047197640119,
                "support": 1783
            },
            "accuracy": 0.9108386737252716,
            "macro avg": {
                "precision": 0.9150349411034092,
                "recall": 0.910520735704317,
                "f1-score": 0.9105637115187536,
                "support": 3589
            },
            "weighted avg": {
                "precision": 0.9147775700375501,
                "recall": 0.9108386737252716,
                "f1-score": 0.9105954910702608,
                "support": 3589
            },
            "cross-entropy": 0.27260763937573823,
            "roc-auc": 0.9782241099494488,
            "score": 0.9108386737252716
        },
        "val": {
            "0": {
                "precision": 0.7860262008733624,
                "recall": 0.8653846153846154,
                "f1-score": 0.8237986270022882,
                "support": 208
            },
            "1": {
                "precision": 0.8782608695652174,
                "recall": 0.8047808764940239,
                "f1-score": 0.8399168399168399,
                "support": 251
            },
            "accuracy": 0.8322440087145969,
            "macro avg": {
                "precision": 0.8321435352192899,
                "recall": 0.8350827459393196,
                "f1-score": 0.831857733459564,
                "support": 459
            },
            "weighted avg": {
                "precision": 0.8364638955174923,
                "recall": 0.8322440087145969,
                "f1-score": 0.8326127260034918,
                "support": 459
            },
            "cross-entropy": 0.33558547686836354,
            "roc-auc": 0.9246092552865462,
            "score": 0.8322440087145969
        },
        "test": {
            "0": {
                "precision": 0.7538940809968847,
                "recall": 0.8832116788321168,
                "f1-score": 0.8134453781512605,
                "support": 548
            },
            "1": {
                "precision": 0.8525345622119815,
                "recall": 0.7007575757575758,
                "f1-score": 0.7692307692307693,
                "support": 528
            },
            "accuracy": 0.7936802973977695,
            "macro avg": {
                "precision": 0.8032143216044332,
                "recall": 0.7919846272948463,
                "f1-score": 0.7913380736910149,
                "support": 1076
            },
            "weighted avg": {
                "precision": 0.8022975885076385,
                "recall": 0.7936802973977695,
                "f1-score": 0.7917489901307964,
                "support": 1076
            },
            "cross-entropy": 0.40131124237512134,
            "roc-auc": 0.8891423357664233,
            "score": 0.7936802973977695
        }
    }
}
