{
    "function": "bin.tabr.main",
    "gpus": [
        "A100-SXM4-40GB"
    ],
    "config": {
        "seed": 1,
        "batch_size": 256,
        "patience": 16,
        "n_epochs": Infinity,
        "context_size": 96,
        "data": {
            "seed": 0,
            "cache": true,
            "path": ":data/regression-cat-medium-0-house_sales",
            "num_policy": "quantile",
            "cat_policy": null,
            "y_policy": "standard"
        },
        "model": {
            "num_embeddings": null,
            "d_main": 305,
            "context_dropout": 0.43613655766191073,
            "d_multiplier": 2.0,
            "encoder_n_blocks": 0,
            "predictor_n_blocks": 1,
            "mixer_normalization": "auto",
            "dropout0": 0.578620473741577,
            "dropout1": 0.0,
            "normalization": "LayerNorm",
            "activation": "ReLU"
        },
        "optimizer": {
            "type": "AdamW",
            "lr": 0.0008113276273984146,
            "weight_decay": 8.421574354471455e-05
        }
    },
    "n_parameters": 846681,
    "prediction_type": null,
    "best_epoch": 42,
    "metrics": {
        "train": {
            "rmse": 0.1563794312059261,
            "mae": 0.1134974538214113,
            "r2": 0.9121380990470034,
            "score": -0.1563794312059261
        },
        "val": {
            "rmse": 0.17003667919954785,
            "mae": 0.12053615939135387,
            "r2": 0.8969009943239582,
            "score": -0.17003667919954785
        },
        "test": {
            "rmse": 0.16902856500051436,
            "mae": 0.12027657621344989,
            "r2": 0.8960605077414852,
            "score": -0.16902856500051436
        }
    },
    "time": "0:00:29",
    "chunk_size": null,
    "eval_batch_size": 32768
}