{
    "function": "bin.lightgbm_.main",
    "gpus": [],
    "config": {
        "seed": 12,
        "data": {
            "seed": 0,
            "num_policy": null,
            "cache": true,
            "path": ":data/higgs-small",
            "cat_policy": null,
            "y_policy": null
        },
        "model": {
            "n_estimators": 4000,
            "n_jobs": 4,
            "feature_fraction": 0.7617617929747057,
            "lambda_l2": 0.2762162431850233,
            "learning_rate": 0.012254446458263379,
            "num_leaves": 333,
            "min_sum_hessian_in_leaf": 0.00012586244235412866,
            "bagging_fraction": 0.8955418186524106
        },
        "fit": {
            "early_stopping_rounds": 200,
            "verbose": true
        }
    },
    "prediction_type": "probs",
    "time": "0:00:11",
    "best_iteration": 827,
    "metrics": {
        "train": {
            "0": {
                "precision": 0.9707515607215534,
                "recall": 0.9514231627340951,
                "f1-score": 0.9609901835253948,
                "support": 29582
            },
            "1": {
                "precision": 0.9574323123407785,
                "recall": 0.9744339594199403,
                "f1-score": 0.9658583232477178,
                "support": 33169
            },
            "accuracy": 0.9635862376695192,
            "macro avg": {
                "precision": 0.964091936531166,
                "recall": 0.9629285610770177,
                "f1-score": 0.9634242533865562,
                "support": 62751
            },
            "weighted avg": {
                "precision": 0.9637112561918738,
                "recall": 0.9635862376695192,
                "f1-score": 0.963563390748383,
                "support": 62751
            },
            "cross-entropy": 0.2617186785553659,
            "roc-auc": 0.9940600089955888,
            "score": 0.9635862376695192
        },
        "val": {
            "0": {
                "precision": 0.7229299363057324,
                "recall": 0.7059221200649,
                "f1-score": 0.7143248050348885,
                "support": 7396
            },
            "1": {
                "precision": 0.7430900070871722,
                "recall": 0.7586830680173662,
                "f1-score": 0.7508055853920517,
                "support": 8292
            },
            "accuracy": 0.7338092809790923,
            "macro avg": {
                "precision": 0.7330099716964523,
                "recall": 0.7323025940411331,
                "f1-score": 0.7325651952134701,
                "support": 15688
            },
            "weighted avg": {
                "precision": 0.7335856799900579,
                "recall": 0.7338092809790923,
                "f1-score": 0.7336069717050566,
                "support": 15688
            },
            "cross-entropy": 0.526702543130695,
            "roc-auc": 0.8106786350400746,
            "score": 0.7338092809790923
        },
        "test": {
            "0": {
                "precision": 0.7113458787278529,
                "recall": 0.6991887506760411,
                "f1-score": 0.7052149247217979,
                "support": 9245
            },
            "1": {
                "precision": 0.7357217523519909,
                "recall": 0.7469368065605403,
                "f1-score": 0.7412868632707774,
                "support": 10365
            },
            "accuracy": 0.7244263131055584,
            "macro avg": {
                "precision": 0.7235338155399219,
                "recall": 0.7230627786182907,
                "f1-score": 0.7232508939962876,
                "support": 19610
            },
            "weighted avg": {
                "precision": 0.7242299139198055,
                "recall": 0.7244263131055584,
                "f1-score": 0.7242809952501086,
                "support": 19610
            },
            "cross-entropy": 0.5320530790809639,
            "roc-auc": 0.805709682056532,
            "score": 0.7244263131055584
        }
    }
}
