{
    "function": "bin.xgboost_.main",
    "gpus": [
        "GeForce RTX 2080 Ti"
    ],
    "config": {
        "seed": 2,
        "data": {
            "seed": 0,
            "num_policy": null,
            "cache": true,
            "path": ":data/churn",
            "cat_policy": "one-hot",
            "y_policy": null
        },
        "neighbors": {
            "k": 96,
            "path": ":data/_exp/neighbors/churn/raw"
        },
        "model": {
            "booster": "gbtree",
            "n_estimators": 4000,
            "n_jobs": 1,
            "tree_method": "gpu_hist",
            "use_label_encoder": false,
            "colsample_bytree": 0.6991105311080459,
            "gamma": 0,
            "lambda": 0.0,
            "learning_rate": 0.029605774428600143,
            "max_depth": 5,
            "min_child_weight": 0.0033584500281308334,
            "subsample": 0.5290145801619378
        },
        "fit": {
            "early_stopping_rounds": 200,
            "verbose": true
        }
    },
    "prediction_type": "probs",
    "time": "0:00:00",
    "best_iteration": 54,
    "metrics": {
        "train": {
            "0": {
                "precision": 0.8799858181173551,
                "recall": 0.9740973312401884,
                "f1-score": 0.9246530688274193,
                "support": 5096
            },
            "1": {
                "precision": 0.8260869565217391,
                "recall": 0.4808282208588957,
                "f1-score": 0.6078526417838099,
                "support": 1304
            },
            "accuracy": 0.87359375,
            "macro avg": {
                "precision": 0.8530363873195471,
                "recall": 0.727462776049542,
                "f1-score": 0.7662528553056146,
                "support": 6400
            },
            "weighted avg": {
                "precision": 0.8690039250672484,
                "recall": 0.87359375,
                "f1-score": 0.8601049818172839,
                "support": 6400
            },
            "cross-entropy": 0.3537738279862659,
            "roc-auc": 0.891978461393996,
            "score": 0.87359375
        },
        "val": {
            "0": {
                "precision": 0.8725352112676056,
                "recall": 0.9725274725274725,
                "f1-score": 0.9198218262806236,
                "support": 1274
            },
            "1": {
                "precision": 0.8055555555555556,
                "recall": 0.4447852760736196,
                "f1-score": 0.5731225296442687,
                "support": 326
            },
            "accuracy": 0.865,
            "macro avg": {
                "precision": 0.8390453834115805,
                "recall": 0.7086563743005461,
                "f1-score": 0.7464721779624461,
                "support": 1600
            },
            "weighted avg": {
                "precision": 0.8588881064162754,
                "recall": 0.865,
                "f1-score": 0.8491818445909662,
                "support": 1600
            },
            "cross-entropy": 0.3769322500048185,
            "roc-auc": 0.852312893066618,
            "score": 0.865
        },
        "test": {
            "0": {
                "precision": 0.8661814109742442,
                "recall": 0.9711236660389203,
                "f1-score": 0.9156555193844333,
                "support": 1593
            },
            "1": {
                "precision": 0.7850467289719626,
                "recall": 0.41277641277641275,
                "f1-score": 0.5410628019323671,
                "support": 407
            },
            "accuracy": 0.8575,
            "macro avg": {
                "precision": 0.8256140699731034,
                "recall": 0.6919500394076665,
                "f1-score": 0.7283591606584002,
                "support": 2000
            },
            "weighted avg": {
                "precision": 0.8496705031867798,
                "recall": 0.8575,
                "f1-score": 0.8394259013829378,
                "support": 2000
            },
            "cross-entropy": 0.38051178246667455,
            "roc-auc": 0.8497187480238328,
            "score": 0.8575
        }
    }
}
