{
    "function": "bin.ft_transformer.main",
    "gpus": [
        "A100-SXM-80GB"
    ],
    "config": {
        "seed": 7,
        "batch_size": 256,
        "patience": 16,
        "n_epochs": Infinity,
        "data": {
            "seed": 0,
            "cache": true,
            "path": ":data/classif-num-large-0-Higgs",
            "num_policy": "quantile",
            "cat_policy": null,
            "y_policy": null
        },
        "optimizer": {
            "type": "AdamW",
            "lr": 0.0004242485766022894,
            "weight_decay": 5.566547438070753e-05
        },
        "model": {
            "d_token": 64,
            "n_blocks": 2,
            "attention_dropout": 0.26846137773261386,
            "ffn_d_hidden_factor": 2.4385368576780886,
            "ffn_dropout": 0.3243925558252932,
            "residual_dropout": 0.1698205739814442
        }
    },
    "n_parameters": 97649,
    "prediction_type": "logits",
    "best_epoch": 53,
    "metrics": {
        "train": {
            "0": {
                "precision": 0.7464380584399903,
                "recall": 0.7413358915937163,
                "f1-score": 0.7438782263401721,
                "support": 25017
            },
            "1": {
                "precision": 0.742744692693011,
                "recall": 0.7478285233959092,
                "f1-score": 0.7452779384486506,
                "support": 24983
            },
            "accuracy": 0.74458,
            "macro avg": {
                "precision": 0.7445913755665007,
                "recall": 0.7445822074948127,
                "f1-score": 0.7445780823944114,
                "support": 50000
            },
            "weighted avg": {
                "precision": 0.7445926313108546,
                "recall": 0.74458,
                "f1-score": 0.7445776064922945,
                "support": 50000
            },
            "cross-entropy": 0.5065022160795452,
            "roc-auc": 0.8278749828093921,
            "score": 0.74458
        },
        "val": {
            "0": {
                "precision": 0.7339319661853335,
                "recall": 0.7295058899207977,
                "f1-score": 0.7317122348576498,
                "support": 24873
            },
            "1": {
                "precision": 0.7338291727657554,
                "recall": 0.7382098937398018,
                "f1-score": 0.7360130148400921,
                "support": 25127
            },
            "accuracy": 0.73388,
            "macro avg": {
                "precision": 0.7338805694755445,
                "recall": 0.7338578918302998,
                "f1-score": 0.7338626248488709,
                "support": 50000
            },
            "weighted avg": {
                "precision": 0.7338803083802588,
                "recall": 0.73388,
                "f1-score": 0.7338735488300264,
                "support": 50000
            },
            "cross-entropy": 0.5293892270471696,
            "roc-auc": 0.8130052783394149,
            "score": 0.73388
        },
        "test": {
            "0": {
                "precision": 0.73535747673048,
                "recall": 0.7214866804913064,
                "f1-score": 0.7283560458141266,
                "support": 25076
            },
            "1": {
                "precision": 0.7250068905776272,
                "recall": 0.7387658481784626,
                "f1-score": 0.7318217046561079,
                "support": 24924
            },
            "accuracy": 0.7301,
            "macro avg": {
                "precision": 0.7301821836540536,
                "recall": 0.7301262643348845,
                "f1-score": 0.7300888752351172,
                "support": 50000
            },
            "weighted avg": {
                "precision": 0.730197916545006,
                "recall": 0.7301,
                "f1-score": 0.7300836074336774,
                "support": 50000
            },
            "cross-entropy": 0.5338012512635386,
            "roc-auc": 0.8085178639986921,
            "score": 0.7301
        }
    },
    "time": "0:02:37",
    "chunk_size": null,
    "eval_batch_size": 32768
}
