{
    "function": "bin.ensemble.main",
    "config": {
        "seeds": [
            0,
            1,
            2,
            3,
            4
        ]
    },
    "single_model_function": "bin.lightgbm_.main",
    "data": ":data/regression-num-medium-1-elevators",
    "prediction_type": null,
    "metrics": {
        "train": {
            "rmse": 0.001472805494405072,
            "mae": 0.001109145544900604,
            "r2": 0.952048854186336,
            "score": -0.001472805494405072
        },
        "val": {
            "rmse": 0.0020062972181332985,
            "mae": 0.0015071084529298118,
            "r2": 0.9104008226528155,
            "score": -0.0020062972181332985
        },
        "test": {
            "rmse": 0.0019972790492447105,
            "mae": 0.0014943780566152687,
            "r2": 0.9112146996544096,
            "score": -0.0019972790492447105
        }
    }
}
