{
    "function": "bin.catboost_.main",
    "gpus": [
        "GeForce RTX 2080 Ti",
        "GeForce RTX 2080 Ti"
    ],
    "config": {
        "seed": 4,
        "data": {
            "seed": 0,
            "num_policy": null,
            "cat_policy": null,
            "cache": true,
            "path": ":data/regression-num-medium-1-wine_quality",
            "y_policy": "standard"
        },
        "model": {
            "iterations": 4000,
            "early_stopping_rounds": 200,
            "od_pval": 0.001,
            "bagging_temperature": 0.6690118203409197,
            "depth": 11,
            "l2_leaf_reg": 0.6114427628873048,
            "leaf_estimation_iterations": 3,
            "learning_rate": 0.02747004243969721,
            "task_type": "CPU",
            "thread_count": 4
        },
        "fit": {
            "logging_level": "Verbose"
        }
    },
    "prediction_type": null,
    "time": "0:00:39",
    "best_iteration": 2139,
    "metrics": {
        "train": {
            "rmse": 0.024462553899883895,
            "mae": 0.015819567955232965,
            "r2": 0.9992265180238221,
            "score": -0.024462553899883895
        },
        "val": {
            "rmse": 0.5814237948553982,
            "mae": 0.40331459143031234,
            "r2": 0.5329716148740925,
            "score": -0.5814237948553982
        },
        "test": {
            "rmse": 0.5915418509650164,
            "mae": 0.40031142343314735,
            "r2": 0.5269747649417553,
            "score": -0.5915418509650164
        }
    }
}
