{
    "function": "bin.ffn.main",
    "gpus": [
        "A100-SXM-80GB"
    ],
    "config": {
        "seed": 13,
        "batch_size": 32,
        "patience": 16,
        "n_epochs": Infinity,
        "data": {
            "seed": 0,
            "cache": true,
            "path": ":data/classif-num-medium-1-wine",
            "num_policy": "quantile",
            "cat_policy": null,
            "y_policy": null
        },
        "optimizer": {
            "type": "AdamW",
            "lr": 0.0006894500823967311,
            "weight_decay": 2.652050408099249e-06
        },
        "model": {
            "num_embeddings": null,
            "backbone": {
                "type": "MLP",
                "n_blocks": 4,
                "d_layer": 152,
                "dropout": 0.0,
                "activation": "ReLU"
            }
        }
    },
    "n_parameters": 71745,
    "prediction_type": "logits",
    "best_epoch": 42,
    "metrics": {
        "train": {
            "0": {
                "precision": 0.9856194690265486,
                "recall": 0.9933110367892977,
                "f1-score": 0.9894503053858967,
                "support": 897
            },
            "1": {
                "precision": 0.9932049830124575,
                "recall": 0.9853932584269663,
                "f1-score": 0.9892836999435984,
                "support": 890
            },
            "accuracy": 0.9893676552881925,
            "macro avg": {
                "precision": 0.9894122260195031,
                "recall": 0.989352147608132,
                "f1-score": 0.9893670026647476,
                "support": 1787
            },
            "weighted avg": {
                "precision": 0.9893973691090662,
                "recall": 0.9893676552881925,
                "f1-score": 0.9893673289764701,
                "support": 1787
            },
            "cross-entropy": 0.0472465394798665,
            "roc-auc": 0.9995077223704483,
            "score": 0.9893676552881925
        },
        "val": {
            "0": {
                "precision": 0.7622377622377622,
                "recall": 0.9008264462809917,
                "f1-score": 0.8257575757575757,
                "support": 121
            },
            "1": {
                "precision": 0.8620689655172413,
                "recall": 0.6880733944954128,
                "f1-score": 0.7653061224489797,
                "support": 109
            },
            "accuracy": 0.8,
            "macro avg": {
                "precision": 0.8121533638775018,
                "recall": 0.7944499203882023,
                "f1-score": 0.7955318491032777,
                "support": 230
            },
            "weighted avg": {
                "precision": 0.8095490716180371,
                "recall": 0.8,
                "f1-score": 0.7971088435374148,
                "support": 230
            },
            "cross-entropy": 1.2107257181759412,
            "roc-auc": 0.8516187732201077,
            "score": 0.8
        },
        "test": {
            "0": {
                "precision": 0.712280701754386,
                "recall": 0.7837837837837838,
                "f1-score": 0.7463235294117647,
                "support": 259
            },
            "1": {
                "precision": 0.7777777777777778,
                "recall": 0.7050359712230215,
                "f1-score": 0.7396226415094339,
                "support": 278
            },
            "accuracy": 0.7430167597765364,
            "macro avg": {
                "precision": 0.7450292397660818,
                "recall": 0.7444098775034027,
                "f1-score": 0.7429730854605994,
                "support": 537
            },
            "weighted avg": {
                "precision": 0.7461879403661232,
                "recall": 0.7430167597765364,
                "f1-score": 0.7428545408887703,
                "support": 537
            },
            "cross-entropy": 1.297320077813668,
            "roc-auc": 0.8096302880475542,
            "score": 0.7430167597765364
        }
    },
    "time": "0:00:08",
    "chunk_size": null,
    "eval_batch_size": 32768
}
