{
    "function": "bin.tabr_scaling.main",
    "gpus": [
        "NVIDIA A100-SXM4-80GB"
    ],
    "config": {
        "seed": 5,
        "batch_size": 1024,
        "patience": 16,
        "n_epochs": Infinity,
        "context_size": 96,
        "freeze_contexts_after_n_epochs": 4,
        "data": {
            "seed": 0,
            "cache": true,
            "path": ":data/covtype",
            "num_policy": "quantile",
            "cat_policy": null,
            "y_policy": null
        },
        "model": {
            "num_embeddings": null,
            "d_main": 265,
            "mixer_dropout": 0.38920071545944357,
            "d_multiplier": 2.0,
            "encoder_n_blocks": 0,
            "predictor_n_blocks": 1,
            "mixer_normalization": "auto",
            "dropout0": 0.38852797479169876,
            "dropout1": 0.0,
            "normalization": "LayerNorm",
            "activation": "ReLU"
        },
        "optimizer": {
            "type": "AdamW",
            "lr": 0.0003121273641315169,
            "weight_decay": 1.2260352006404615e-06
        }
    },
    "n_parameters": 652967,
    "prediction_type": "logits",
    "best_epoch": 73,
    "metrics": {
        "train": {
            "0": {
                "precision": 0.9800539323839451,
                "recall": 0.9730782280310964,
                "f1-score": 0.976553623177678,
                "support": 135578
            },
            "1": {
                "precision": 0.9790644925665768,
                "recall": 0.9832278062124956,
                "f1-score": 0.9811417328251627,
                "support": 181312
            },
            "2": {
                "precision": 0.9825199334092701,
                "recall": 0.9801153745301984,
                "f1-score": 0.981316180974884,
                "support": 22882
            },
            "3": {
                "precision": 0.9310728182323513,
                "recall": 0.9522455940875497,
                "f1-score": 0.9415401911186061,
                "support": 1759
            },
            "4": {
                "precision": 0.9324991768192296,
                "recall": 0.9323456790123457,
                "f1-score": 0.9324224215984855,
                "support": 6075
            },
            "5": {
                "precision": 0.9687584406230305,
                "recall": 0.9680611785874944,
                "f1-score": 0.968409684096841,
                "support": 11115
            },
            "6": {
                "precision": 0.9680029973772949,
                "recall": 0.9841535882980345,
                "f1-score": 0.9760114842658003,
                "support": 13126
            },
            "accuracy": 0.9779371623275164,
            "macro avg": {
                "precision": 0.9631388273445284,
                "recall": 0.9676039212513164,
                "f1-score": 0.9653421882939225,
                "support": 371847
            },
            "weighted avg": {
                "precision": 0.9779515807167989,
                "recall": 0.9779371623275164,
                "f1-score": 0.9779346602953475,
                "support": 371847
            },
            "cross-entropy": 0.05411395559920675,
            "score": 0.9779371623275164
        },
        "val": {
            "0": {
                "precision": 0.9763536567274885,
                "recall": 0.9709093054817962,
                "f1-score": 0.9736238701755944,
                "support": 33894
            },
            "1": {
                "precision": 0.9764113612381288,
                "recall": 0.9798579244617014,
                "f1-score": 0.9781316067653276,
                "support": 45328
            },
            "2": {
                "precision": 0.9729493891797557,
                "recall": 0.9744799860164307,
                "f1-score": 0.973714086106017,
                "support": 5721
            },
            "3": {
                "precision": 0.9043280182232346,
                "recall": 0.9043280182232346,
                "f1-score": 0.9043280182232345,
                "support": 439
            },
            "4": {
                "precision": 0.919761273209549,
                "recall": 0.913100724160632,
                "f1-score": 0.9164188965972911,
                "support": 1519
            },
            "5": {
                "precision": 0.9598553345388788,
                "recall": 0.9550197912918316,
                "f1-score": 0.9574314574314574,
                "support": 2779
            },
            "6": {
                "precision": 0.9642320408776676,
                "recall": 0.9774527726995734,
                "f1-score": 0.9707973974882734,
                "support": 3282
            },
            "accuracy": 0.973989372001463,
            "macro avg": {
                "precision": 0.9534130105706718,
                "recall": 0.9535926460478856,
                "f1-score": 0.9534921903981708,
                "support": 92962
            },
            "weighted avg": {
                "precision": 0.9739862888671731,
                "recall": 0.973989372001463,
                "f1-score": 0.9739815687753351,
                "support": 92962
            },
            "cross-entropy": 0.06405907211326171,
            "score": 0.973989372001463
        },
        "test": {
            "0": {
                "precision": 0.976592606689186,
                "recall": 0.9689860271903323,
                "f1-score": 0.972774447314172,
                "support": 42368
            },
            "1": {
                "precision": 0.9744765317594154,
                "recall": 0.9790684950848026,
                "f1-score": 0.9767671165341715,
                "support": 56661
            },
            "2": {
                "precision": 0.9708059784886157,
                "recall": 0.9718920430708992,
                "f1-score": 0.9713487071977638,
                "support": 7151
            },
            "3": {
                "precision": 0.892226148409894,
                "recall": 0.9198542805100182,
                "f1-score": 0.905829596412556,
                "support": 549
            },
            "4": {
                "precision": 0.9093319194061505,
                "recall": 0.9031068983675619,
                "f1-score": 0.9062087186261558,
                "support": 1899
            },
            "5": {
                "precision": 0.9568865740740741,
                "recall": 0.952202706593723,
                "f1-score": 0.954538894501371,
                "support": 3473
            },
            "6": {
                "precision": 0.9657074340527578,
                "recall": 0.9817162359824476,
                "f1-score": 0.9736460348162476,
                "support": 4102
            },
            "accuracy": 0.9727201535244356,
            "macro avg": {
                "precision": 0.9494324561257278,
                "recall": 0.9538323838285407,
                "f1-score": 0.951587645057491,
                "support": 116203
            },
            "weighted avg": {
                "precision": 0.9727337187084046,
                "recall": 0.9727201535244356,
                "f1-score": 0.9727152001191175,
                "support": 116203
            },
            "cross-entropy": 0.065563250991303,
            "score": 0.9727201535244356
        }
    },
    "time": "0:21:49",
    "chunk_size": null,
    "eval_batch_size": 32768
}