{
    "function": "bin.tabr.main",
    "gpus": [
        "NVIDIA A100-SXM4-80GB"
    ],
    "config": {
        "seed": 10,
        "batch_size": 256,
        "patience": 16,
        "n_epochs": Infinity,
        "context_size": 96,
        "data": {
            "seed": 0,
            "cache": true,
            "path": ":data/regression-num-medium-1-Ailerons",
            "num_policy": "quantile",
            "cat_policy": null,
            "y_policy": "standard"
        },
        "model": {
            "num_embeddings": null,
            "d_main": 265,
            "mixer_dropout": 0.38920071545944357,
            "d_multiplier": 2.0,
            "encoder_n_blocks": 0,
            "predictor_n_blocks": 1,
            "mixer_normalization": "auto",
            "dropout0": 0.38852797479169876,
            "dropout1": 0.0,
            "normalization": "LayerNorm",
            "activation": "ReLU"
        },
        "optimizer": {
            "type": "AdamW",
            "lr": 0.0003121273641315169,
            "weight_decay": 1.2260352006404615e-06
        }
    },
    "n_parameters": 644481,
    "prediction_type": null,
    "best_epoch": 40,
    "metrics": {
        "train": {
            "rmse": 0.00014802619378783874,
            "mae": 0.00010984787090472306,
            "r2": 0.8678212516135826,
            "score": -0.00014802619378783874
        },
        "val": {
            "rmse": 0.00015053023370543717,
            "mae": 0.00011196438695290807,
            "r2": 0.8608959221869424,
            "score": -0.00015053023370543717
        },
        "test": {
            "rmse": 0.0001649333184031508,
            "mae": 0.00011707760297208387,
            "r2": 0.8394572342620341,
            "score": -0.0001649333184031508
        }
    },
    "time": "0:00:42",
    "chunk_size": null,
    "eval_batch_size": 32768
}