{
    "function": "bin.ffn.main",
    "environment": {
        "CUDA_VISIBLE_DEVICES": "1",
        "gpus": {
            "driver": "460.80",
            "devices": [
                {
                    "name": "GeForce RTX 2080 Ti",
                    "memory_total": 11554717696,
                    "memory_free": 11551571968,
                    "memory_used": 3145728,
                    "utilization": 0
                },
                {
                    "name": "GeForce RTX 2080 Ti",
                    "memory_total": 11552096256,
                    "memory_free": 1883176960,
                    "memory_used": 9668919296,
                    "utilization": 100
                }
            ]
        },
        "torch.version.cuda": "11.1",
        "torch.backends.cudnn.version()": 8005,
        "torch.cuda.nccl.version()": [
            2,
            10,
            3
        ]
    },
    "config": {
        "seed": 13,
        "batch_size": 256,
        "patience": 16,
        "n_epochs": Infinity,
        "data": {
            "seed": 0,
            "cache": true,
            "path": ":data/regression-cat-large-0-diamonds",
            "num_policy": "quantile",
            "cat_policy": "ordinal",
            "y_policy": "standard"
        },
        "optimizer": {
            "type": "AdamW",
            "lr": 0.00031465114414208634,
            "weight_decay": 8.583324061463438e-05
        },
        "model": {
            "backbone": {
                "type": "MLP",
                "n_blocks": 5,
                "d_layer": 758,
                "dropout": 0.37468381875852697,
                "activation": "ReLU"
            },
            "num_embeddings": {
                "type": "PLREmbeddings",
                "n_frequencies": 58,
                "frequency_scale": 0.14911647264357675,
                "d_embedding": 63,
                "lite": true
            }
        }
    },
    "n_parameters": 2612208,
    "prediction_type": null,
    "best_epoch": 61,
    "metrics": {
        "train": {
            "rmse": 0.07802697745317806,
            "mae": 0.05712087605938665,
            "r2": 0.9940682431261296,
            "score": -0.07802697745317806
        },
        "val": {
            "rmse": 0.0848775096327947,
            "mae": 0.062001608575872336,
            "r2": 0.9930373569484381,
            "score": -0.0848775096327947
        },
        "test": {
            "rmse": 0.08859504522906267,
            "mae": 0.06363361570612902,
            "r2": 0.9923956286423841,
            "score": -0.08859504522906267
        }
    },
    "time": "0:00:57",
    "chunk_size": null,
    "eval_batch_size": 32768
}
