{
    "function": "bin.xgboost_.main",
    "gpus": [
        "NVIDIA GeForce RTX 2080 Ti"
    ],
    "config": {
        "seed": 13,
        "data": {
            "seed": 0,
            "num_policy": null,
            "cache": true,
            "path": ":data/classif-num-medium-4-wine",
            "cat_policy": null,
            "y_policy": null
        },
        "model": {
            "booster": "gbtree",
            "n_estimators": 4000,
            "n_jobs": 1,
            "tree_method": "gpu_hist",
            "use_label_encoder": false,
            "colsample_bytree": 0.8025442202996098,
            "gamma": 0.026462717990550947,
            "lambda": 0.0,
            "learning_rate": 0.0032491427648160833,
            "max_depth": 14,
            "min_child_weight": 0.000810106950637112,
            "subsample": 0.7368511731228959
        },
        "fit": {
            "early_stopping_rounds": 200,
            "verbose": true
        },
        "neighbors": null
    },
    "prediction_type": "probs",
    "time": "0:00:01",
    "best_iteration": 29,
    "metrics": {
        "train": {
            "0": {
                "precision": 1.0,
                "recall": 0.996662958843159,
                "f1-score": 0.9983286908077994,
                "support": 899
            },
            "1": {
                "precision": 0.9966329966329966,
                "recall": 1.0,
                "f1-score": 0.9983136593591906,
                "support": 888
            },
            "accuracy": 0.9983212087297146,
            "macro avg": {
                "precision": 0.9983164983164983,
                "recall": 0.9983314794215795,
                "f1-score": 0.998321175083495,
                "support": 1787
            },
            "weighted avg": {
                "precision": 0.9983268612255742,
                "recall": 0.9983212087297146,
                "f1-score": 0.9983212213470469,
                "support": 1787
            },
            "cross-entropy": 0.6193114366189578,
            "roc-auc": 1.0,
            "score": 0.9983212087297146
        },
        "val": {
            "0": {
                "precision": 0.8828828828828829,
                "recall": 0.8099173553719008,
                "f1-score": 0.8448275862068966,
                "support": 121
            },
            "1": {
                "precision": 0.8067226890756303,
                "recall": 0.8807339449541285,
                "f1-score": 0.8421052631578947,
                "support": 109
            },
            "accuracy": 0.8434782608695652,
            "macro avg": {
                "precision": 0.8448027859792566,
                "recall": 0.8453256501630146,
                "f1-score": 0.8434664246823956,
                "support": 230
            },
            "weighted avg": {
                "precision": 0.8467895736437937,
                "recall": 0.8434782608695652,
                "f1-score": 0.843537441805413,
                "support": 230
            },
            "cross-entropy": 0.6519697939534537,
            "roc-auc": 0.9079535976950489,
            "score": 0.8434782608695652
        },
        "test": {
            "0": {
                "precision": 0.784,
                "recall": 0.7626459143968871,
                "f1-score": 0.7731755424063116,
                "support": 257
            },
            "1": {
                "precision": 0.7874564459930313,
                "recall": 0.8071428571428572,
                "f1-score": 0.7971781305114638,
                "support": 280
            },
            "accuracy": 0.7858472998137802,
            "macro avg": {
                "precision": 0.7857282229965157,
                "recall": 0.7848943857698721,
                "f1-score": 0.7851768364588877,
                "support": 537
            },
            "weighted avg": {
                "precision": 0.7858022437207611,
                "recall": 0.7858472998137802,
                "f1-score": 0.7856908583643053,
                "support": 537
            },
            "cross-entropy": 0.6571260512522541,
            "roc-auc": 0.8714424680377988,
            "score": 0.7858472998137802
        }
    }
}
