{
    "function": "bin.catboost_.main",
    "gpus": [
        "NVIDIA GeForce RTX 2080 Ti",
        "NVIDIA GeForce RTX 2080 Ti"
    ],
    "config": {
        "seed": 0,
        "data": {
            "seed": 0,
            "num_policy": null,
            "cat_policy": null,
            "cache": true,
            "path": ":data/regression-num-medium-0-superconduct",
            "y_policy": "standard"
        },
        "model": {
            "iterations": 4000,
            "early_stopping_rounds": 3999,
            "thread_count": 4,
            "task_type": "CPU",
            "od_pval": 0.001
        },
        "fit": {
            "logging_level": "Verbose"
        }
    },
    "prediction_type": null,
    "time": "0:00:37",
    "best_iteration": 3987,
    "metrics": {
        "train": {
            "rmse": 5.541729987959615,
            "mae": 3.402731522758796,
            "r2": 0.974019821386844,
            "score": -5.541729987959615
        },
        "val": {
            "rmse": 9.76172427485051,
            "mae": 5.905280677017647,
            "r2": 0.9181537124406999,
            "score": -9.76172427485051
        },
        "test": {
            "rmse": 10.265186652196727,
            "mae": 5.932151262758266,
            "r2": 0.9096282563375065,
            "score": -10.265186652196727
        }
    }
}
