{
    "function": "bin.tabr.main",
    "gpus": [
        "A100-SXM-80GB"
    ],
    "config": {
        "seed": 14,
        "batch_size": 256,
        "patience": 16,
        "n_epochs": Infinity,
        "context_size": 96,
        "data": {
            "seed": 0,
            "cache": true,
            "path": ":data/regression-num-medium-0-Ailerons",
            "num_policy": "quantile",
            "cat_policy": null,
            "y_policy": "standard"
        },
        "model": {
            "num_embeddings": null,
            "d_main": 349,
            "context_dropout": 0.5821524218338715,
            "d_multiplier": 2.0,
            "encoder_n_blocks": 0,
            "predictor_n_blocks": 1,
            "mixer_normalization": "auto",
            "dropout0": 0.20749759845355212,
            "dropout1": 0.0,
            "normalization": "LayerNorm",
            "activation": "ReLU"
        },
        "optimizer": {
            "type": "AdamW",
            "lr": 0.0009993524528666463,
            "weight_decay": 0.0
        }
    },
    "n_parameters": 1112613,
    "prediction_type": null,
    "best_epoch": 19,
    "metrics": {
        "train": {
            "rmse": 0.00015599430763640917,
            "mae": 0.00011430864976617189,
            "r2": 0.8570252557891075,
            "score": -0.00015599430763640917
        },
        "val": {
            "rmse": 0.00015449158533861247,
            "mae": 0.00011409670822572909,
            "r2": 0.8385887932559839,
            "score": -0.00015449158533861247
        },
        "test": {
            "rmse": 0.0001604114035601159,
            "mae": 0.00011749376054714933,
            "r2": 0.840139839210664,
            "score": -0.0001604114035601159
        }
    },
    "time": "0:00:17",
    "chunk_size": null,
    "eval_batch_size": 32768
}