{
    "function": "bin.ensemble.main",
    "config": {
        "seeds": [
            10,
            11,
            12,
            13,
            14
        ]
    },
    "single_model_function": "bin.tabr.main",
    "data": ":data/classif-cat-medium-0-rl",
    "prediction_type": "probs",
    "metrics": {
        "train": {
            "0": {
                "precision": 0.8937644341801386,
                "recall": 0.8760611205432938,
                "f1-score": 0.884824235495856,
                "support": 1767
            },
            "1": {
                "precision": 0.8746422438465942,
                "recall": 0.8925233644859814,
                "f1-score": 0.8834923388262504,
                "support": 1712
            },
            "accuracy": 0.8841621155504455,
            "macro avg": {
                "precision": 0.8842033390133663,
                "recall": 0.8842922425146376,
                "f1-score": 0.8841582871610532,
                "support": 3479
            },
            "weighted avg": {
                "precision": 0.8843544917107429,
                "recall": 0.8841621155504455,
                "f1-score": 0.8841688152318822,
                "support": 3479
            },
            "cross-entropy": 0.29920344281687455,
            "roc-auc": 0.9455486489059549,
            "score": 0.8841621155504455
        },
        "val": {
            "0": {
                "precision": 0.8660287081339713,
                "recall": 0.8457943925233645,
                "f1-score": 0.855791962174941,
                "support": 214
            },
            "1": {
                "precision": 0.8607594936708861,
                "recall": 0.8793103448275862,
                "f1-score": 0.8699360341151386,
                "support": 232
            },
            "accuracy": 0.8632286995515696,
            "macro avg": {
                "precision": 0.8633941009024286,
                "recall": 0.8625523686754754,
                "f1-score": 0.8628639981450399,
                "support": 446
            },
            "weighted avg": {
                "precision": 0.8632877714625906,
                "recall": 0.8632286995515696,
                "f1-score": 0.8631494166371066,
                "support": 446
            },
            "cross-entropy": 0.36977665254678216,
            "roc-auc": 0.9127255881405093,
            "score": 0.8632286995515696
        },
        "test": {
            "0": {
                "precision": 0.8596837944664032,
                "recall": 0.8665338645418327,
                "f1-score": 0.8630952380952381,
                "support": 502
            },
            "1": {
                "precision": 0.875,
                "recall": 0.8685185185185185,
                "f1-score": 0.8717472118959108,
                "support": 540
            },
            "accuracy": 0.8675623800383877,
            "macro avg": {
                "precision": 0.8673418972332017,
                "recall": 0.8675261915301755,
                "f1-score": 0.8674212249955744,
                "support": 1042
            },
            "weighted avg": {
                "precision": 0.867621175453104,
                "recall": 0.8675623800383877,
                "f1-score": 0.8675789865140127,
                "support": 1042
            },
            "cross-entropy": 0.33114414002159964,
            "roc-auc": 0.9317581525748858,
            "score": 0.8675623800383877
        }
    }
}