{
    "function": "bin.ffn.main",
    "gpus": [
        "A100-SXM4-40GB"
    ],
    "config": {
        "seed": 13,
        "batch_size": 256,
        "patience": 16,
        "n_epochs": Infinity,
        "data": {
            "seed": 0,
            "cache": true,
            "path": ":data/adult",
            "num_policy": "quantile",
            "cat_policy": "ordinal",
            "y_policy": null
        },
        "optimizer": {
            "type": "AdamW",
            "lr": 8.94053983865833e-05,
            "weight_decay": 0.0
        },
        "model": {
            "backbone": {
                "type": "MLP",
                "n_blocks": 2,
                "d_layer": 101,
                "dropout": 0.4180443799083208,
                "activation": "ReLU"
            },
            "num_embeddings": {
                "type": "LREmbeddings",
                "d_embedding": 87
            }
        }
    },
    "n_parameters": 74472,
    "prediction_type": "logits",
    "best_epoch": 84,
    "metrics": {
        "train": {
            "0": {
                "precision": 0.8966466950135292,
                "recall": 0.9384070796460177,
                "f1-score": 0.9170517160435867,
                "support": 19775
            },
            "1": {
                "precision": 0.7724215246636771,
                "recall": 0.6590148254423721,
                "f1-score": 0.7112258064516129,
                "support": 6273
            },
            "accuracy": 0.871122542997543,
            "macro avg": {
                "precision": 0.8345341098386032,
                "recall": 0.7987109525441949,
                "f1-score": 0.8141387612475999,
                "support": 26048
            },
            "weighted avg": {
                "precision": 0.8667302141472585,
                "recall": 0.871122542997543,
                "f1-score": 0.8674837672233144,
                "support": 26048
            },
            "cross-entropy": 0.28590799837203257,
            "roc-auc": 0.9258824577388334,
            "score": 0.871122542997543
        },
        "val": {
            "0": {
                "precision": 0.8909796314258002,
                "recall": 0.9288169868554095,
                "f1-score": 0.9095049504950495,
                "support": 4945
            },
            "1": {
                "precision": 0.7407952871870398,
                "recall": 0.6415816326530612,
                "f1-score": 0.6876281613123719,
                "support": 1568
            },
            "accuracy": 0.8596652848149854,
            "macro avg": {
                "precision": 0.81588745930642,
                "recall": 0.7851993097542354,
                "f1-score": 0.7985665559037107,
                "support": 6513
            },
            "weighted avg": {
                "precision": 0.8548228600813543,
                "recall": 0.8596652848149854,
                "f1-score": 0.8560882753164162,
                "support": 6513
            },
            "cross-entropy": 0.30478391480487993,
            "roc-auc": 0.9152234528796351,
            "score": 0.8596652848149854
        },
        "test": {
            "0": {
                "precision": 0.890137808915236,
                "recall": 0.929794933655006,
                "f1-score": 0.9095342983008181,
                "support": 12435
            },
            "1": {
                "precision": 0.7348116646415553,
                "recall": 0.6289651586063443,
                "f1-score": 0.677780891005884,
                "support": 3846
            },
            "accuracy": 0.858731036177139,
            "macro avg": {
                "precision": 0.8124747367783957,
                "recall": 0.7793800461306751,
                "f1-score": 0.7936575946533511,
                "support": 16281
            },
            "weighted avg": {
                "precision": 0.8534456922837897,
                "recall": 0.858731036177139,
                "f1-score": 0.8547880539389044,
                "support": 16281
            },
            "cross-entropy": 0.3072806055343279,
            "roc-auc": 0.9116091873268819,
            "score": 0.858731036177139
        }
    },
    "time": "0:00:31",
    "chunk_size": null,
    "eval_batch_size": 32768
}
