{
    "function": "bin.catboost_.main",
    "gpus": [
        "GeForce RTX 2080 Ti",
        "GeForce RTX 2080 Ti"
    ],
    "config": {
        "seed": 5,
        "data": {
            "seed": 0,
            "num_policy": null,
            "cat_policy": null,
            "cache": true,
            "path": ":data/regression-num-medium-0-cpu_act",
            "y_policy": "standard"
        },
        "model": {
            "iterations": 4000,
            "early_stopping_rounds": 200,
            "od_pval": 0.001,
            "bagging_temperature": 0.5901623456595834,
            "depth": 4,
            "l2_leaf_reg": 9.609407682622969,
            "leaf_estimation_iterations": 10,
            "learning_rate": 0.019581539299240745,
            "task_type": "CPU",
            "thread_count": 4
        },
        "fit": {
            "logging_level": "Verbose"
        }
    },
    "prediction_type": null,
    "time": "0:00:07",
    "best_iteration": 3665,
    "metrics": {
        "train": {
            "rmse": 1.4708795357999318,
            "mae": 1.089558859809164,
            "r2": 0.9935033965839257,
            "score": -1.4708795357999318
        },
        "val": {
            "rmse": 2.1839154069560065,
            "mae": 1.5353814423938974,
            "r2": 0.9859119740715091,
            "score": -2.1839154069560065
        },
        "test": {
            "rmse": 2.077961770225415,
            "mae": 1.4859667590759502,
            "r2": 0.9879089187336376,
            "score": -2.077961770225415
        }
    }
}
