{
    "function": "bin.ffn.main",
    "gpus": [
        "A100-SXM-80GB"
    ],
    "config": {
        "seed": 13,
        "batch_size": 256,
        "patience": 16,
        "n_epochs": Infinity,
        "data": {
            "seed": 0,
            "cache": true,
            "path": ":data/regression-num-medium-1-fifa",
            "num_policy": "quantile",
            "cat_policy": null,
            "y_policy": "standard"
        },
        "optimizer": {
            "type": "AdamW",
            "lr": 3.867092070090825e-05,
            "weight_decay": 5.469005744865532e-05
        },
        "model": {
            "backbone": {
                "type": "MLP",
                "n_blocks": 1,
                "d_layer": 97,
                "dropout": 0.0,
                "activation": "ReLU"
            },
            "num_embeddings": {
                "type": "PLREmbeddings",
                "n_frequencies": 44,
                "frequency_scale": 2.0521422057007346,
                "d_embedding": 34,
                "lite": false
            }
        }
    },
    "n_parameters": 32035,
    "prediction_type": null,
    "best_epoch": 165,
    "metrics": {
        "train": {
            "rmse": 0.735258716247344,
            "mae": 0.5485954501180004,
            "r2": 0.7128534181547713,
            "score": -0.735258716247344
        },
        "val": {
            "rmse": 0.7556362576443522,
            "mae": 0.561904736686742,
            "r2": 0.6923576906664467,
            "score": -0.7556362576443522
        },
        "test": {
            "rmse": 0.7855590696963033,
            "mae": 0.582200096293505,
            "r2": 0.6553324068440863,
            "score": -0.7855590696963033
        }
    },
    "time": "0:00:16",
    "chunk_size": null,
    "eval_batch_size": 32768
}
