{
    "function": "bin.lightgbm_.main",
    "gpus": [
        "GeForce RTX 2080 Ti",
        "GeForce RTX 2080 Ti"
    ],
    "config": {
        "seed": 5,
        "data": {
            "seed": 0,
            "num_policy": null,
            "cache": true,
            "path": ":data/classif-num-medium-3-wine",
            "cat_policy": null,
            "y_policy": null
        },
        "model": {
            "n_estimators": 4000,
            "n_jobs": 4,
            "feature_fraction": 0.939619677156152,
            "lambda_l2": 1.111525593876429,
            "learning_rate": 0.028359843726959058,
            "num_leaves": 482,
            "min_sum_hessian_in_leaf": 0.011438276994063861,
            "bagging_fraction": 0.8767735314562767
        },
        "fit": {
            "early_stopping_rounds": 200,
            "verbose": true
        }
    },
    "prediction_type": "probs",
    "time": "0:00:00",
    "best_iteration": 156,
    "metrics": {
        "train": {
            "0": {
                "precision": 0.9785553047404063,
                "recall": 0.9622641509433962,
                "f1-score": 0.970341354224958,
                "support": 901
            },
            "1": {
                "precision": 0.9622641509433962,
                "recall": 0.9785553047404063,
                "f1-score": 0.970341354224958,
                "support": 886
            },
            "accuracy": 0.970341354224958,
            "macro avg": {
                "precision": 0.9704097278419013,
                "recall": 0.9704097278419013,
                "f1-score": 0.970341354224958,
                "support": 1787
            },
            "weighted avg": {
                "precision": 0.9704781014588445,
                "recall": 0.970341354224958,
                "f1-score": 0.970341354224958,
                "support": 1787
            },
            "cross-entropy": 0.1846393660510843,
            "roc-auc": 0.9972791706230598,
            "score": 0.970341354224958
        },
        "val": {
            "0": {
                "precision": 0.8380952380952381,
                "recall": 0.7787610619469026,
                "f1-score": 0.8073394495412844,
                "support": 113
            },
            "1": {
                "precision": 0.8,
                "recall": 0.8547008547008547,
                "f1-score": 0.8264462809917356,
                "support": 117
            },
            "accuracy": 0.8173913043478261,
            "macro avg": {
                "precision": 0.819047619047619,
                "recall": 0.8167309583238787,
                "f1-score": 0.81689286526651,
                "support": 230
            },
            "weighted avg": {
                "precision": 0.8187163561076605,
                "recall": 0.8173913043478261,
                "f1-score": 0.8170590116269487,
                "support": 230
            },
            "cross-entropy": 0.44698096002717724,
            "roc-auc": 0.8703577641630739,
            "score": 0.8173913043478261
        },
        "test": {
            "0": {
                "precision": 0.8067226890756303,
                "recall": 0.7300380228136882,
                "f1-score": 0.7664670658682635,
                "support": 263
            },
            "1": {
                "precision": 0.7625418060200669,
                "recall": 0.8321167883211679,
                "f1-score": 0.7958115183246074,
                "support": 274
            },
            "accuracy": 0.7821229050279329,
            "macro avg": {
                "precision": 0.7846322475478487,
                "recall": 0.7810774055674281,
                "f1-score": 0.7811392920964355,
                "support": 537
            },
            "weighted avg": {
                "precision": 0.7841797431590114,
                "recall": 0.7821229050279329,
                "f1-score": 0.7814398404921707,
                "support": 537
            },
            "cross-entropy": 0.4562962999365908,
            "roc-auc": 0.8674058449668341,
            "score": 0.7821229050279329
        }
    }
}
