{
    "function": "bin.ffn.main",
    "gpus": [
        "A100-SXM-80GB"
    ],
    "config": {
        "seed": 13,
        "batch_size": 128,
        "patience": 16,
        "n_epochs": Infinity,
        "data": {
            "seed": 0,
            "cache": true,
            "path": ":data/regression-cat-medium-2-Brazilian_houses",
            "num_policy": "quantile",
            "cat_policy": "ordinal",
            "y_policy": "standard"
        },
        "optimizer": {
            "type": "AdamW",
            "lr": 0.0004866794249961603,
            "weight_decay": 8.106412244430287e-05
        },
        "model": {
            "backbone": {
                "type": "MLP",
                "n_blocks": 3,
                "d_layer": 211,
                "dropout": 0.0,
                "activation": "ReLU"
            },
            "num_embeddings": {
                "type": "PLREmbeddings",
                "n_frequencies": 77,
                "frequency_scale": 0.8723272908244112,
                "d_embedding": 51,
                "lite": false
            }
        }
    },
    "n_parameters": 241308,
    "prediction_type": null,
    "best_epoch": 119,
    "metrics": {
        "train": {
            "rmse": 0.007440969629949606,
            "mae": 0.0044474035730655,
            "r2": 0.9999128706878607,
            "score": -0.007440969629949606
        },
        "val": {
            "rmse": 0.011938980760862873,
            "mae": 0.006273606736480808,
            "r2": 0.9997742475305795,
            "score": -0.011938980760862873
        },
        "test": {
            "rmse": 0.06994933969516472,
            "mae": 0.008551653399878845,
            "r2": 0.992415918593551,
            "score": -0.06994933969516472
        }
    },
    "time": "0:00:24",
    "chunk_size": null,
    "eval_batch_size": 32768
}
