{
    "function": "bin.ensemble.main",
    "config": {
        "seeds": [
            5,
            6,
            7,
            8,
            9
        ]
    },
    "single_model_function": "bin.catboost_.main",
    "data": ":data/regression-cat-medium-0-yprop_4_1",
    "prediction_type": null,
    "metrics": {
        "train": {
            "rmse": 0.01537517001712809,
            "mae": 0.01090127215532028,
            "r2": 0.747107592507834,
            "score": -0.01537517001712809
        },
        "val": {
            "rmse": 0.026984999334863067,
            "mae": 0.019318526790056276,
            "r2": 0.12566679474770415,
            "score": -0.026984999334863067
        },
        "test": {
            "rmse": 0.02604136225935253,
            "mae": 0.018564595614658022,
            "r2": 0.0856785364601802,
            "score": -0.02604136225935253
        }
    }
}
