{
    "function": "bin.tabr.main",
    "gpus": [
        "NVIDIA A100-SXM4-80GB"
    ],
    "config": {
        "seed": 13,
        "batch_size": 256,
        "patience": 16,
        "n_epochs": Infinity,
        "context_size": 96,
        "data": {
            "seed": 0,
            "cache": true,
            "path": ":data/regression-num-medium-0-houses",
            "num_policy": "quantile",
            "cat_policy": null,
            "y_policy": "standard"
        },
        "model": {
            "num_embeddings": null,
            "d_main": 265,
            "mixer_dropout": 0.38920071545944357,
            "d_multiplier": 2.0,
            "encoder_n_blocks": 0,
            "predictor_n_blocks": 1,
            "mixer_normalization": "auto",
            "dropout0": 0.38852797479169876,
            "dropout1": 0.0,
            "normalization": "LayerNorm",
            "activation": "ReLU"
        },
        "optimizer": {
            "type": "AdamW",
            "lr": 0.0003121273641315169,
            "weight_decay": 1.2260352006404615e-06
        }
    },
    "n_parameters": 637856,
    "prediction_type": null,
    "best_epoch": 57,
    "metrics": {
        "train": {
            "rmse": 0.18512787135393852,
            "mae": 0.1261307424557998,
            "r2": 0.893227250669455,
            "score": -0.18512787135393852
        },
        "val": {
            "rmse": 0.21557648769357676,
            "mae": 0.13970281684507313,
            "r2": 0.8615584944146735,
            "score": -0.21557648769357676
        },
        "test": {
            "rmse": 0.20000543800477547,
            "mae": 0.13500247140548538,
            "r2": 0.8760532528947191,
            "score": -0.20000543800477547
        }
    },
    "time": "0:01:03",
    "chunk_size": null,
    "eval_batch_size": 32768
}