{
    "function": "bin.ensemble.main",
    "config": {
        "seeds": [
            5,
            6,
            7,
            8,
            9
        ]
    },
    "single_model_function": "bin.lightgbm_.main",
    "data": ":data/regression-cat-medium-1-yprop_4_1",
    "prediction_type": null,
    "metrics": {
        "train": {
            "rmse": 0.023996938916625722,
            "mae": 0.015747111614517893,
            "r2": 0.36823828112150314,
            "score": -0.023996938916625722
        },
        "val": {
            "rmse": 0.027582776058104688,
            "mae": 0.019792166139607763,
            "r2": 0.09526972766257447,
            "score": -0.027582776058104688
        },
        "test": {
            "rmse": 0.027355782353250167,
            "mae": 0.01987755546979012,
            "r2": 0.08281042337367583,
            "score": -0.027355782353250167
        }
    }
}
