{
    "function": "bin.ffn.main",
    "gpus": [
        "A100-SXM-80GB"
    ],
    "config": {
        "seed": 1,
        "batch_size": 128,
        "patience": 16,
        "n_epochs": Infinity,
        "data": {
            "seed": 0,
            "cache": true,
            "path": ":data/regression-cat-medium-0-visualizing_soil",
            "num_policy": "quantile",
            "cat_policy": null,
            "y_policy": "standard"
        },
        "optimizer": {
            "type": "AdamW",
            "lr": 1.663026505660539e-05,
            "weight_decay": 1.2812731049261097e-05
        },
        "model": {
            "backbone": {
                "type": "MLP",
                "n_blocks": 1,
                "d_layer": 686,
                "dropout": 0.0,
                "activation": "ReLU"
            },
            "num_embeddings": {
                "type": "PLREmbeddings",
                "n_frequencies": 34,
                "frequency_scale": 0.2935798895741945,
                "d_embedding": 23,
                "lite": false
            }
        }
    },
    "n_parameters": 54256,
    "prediction_type": null,
    "best_epoch": 474,
    "metrics": {
        "train": {
            "rmse": 0.07269699688810131,
            "mae": 0.039885797524683575,
            "r2": 0.999965560287392,
            "score": -0.07269699688810131
        },
        "val": {
            "rmse": 0.10841922588437632,
            "mae": 0.05525156464563885,
            "r2": 0.9999233012709017,
            "score": -0.10841922588437632
        },
        "test": {
            "rmse": 0.14208654692771167,
            "mae": 0.058885611538705085,
            "r2": 0.9998682059187759,
            "score": -0.14208654692771167
        }
    },
    "time": "0:00:54",
    "chunk_size": null,
    "eval_batch_size": 32768
}
