{
    "function": "bin.saint.main",
    "gpus": [
        "A100-SXM-80GB"
    ],
    "config": {
        "seed": 4,
        "batch_size": 512,
        "patience": 16,
        "n_epochs": Infinity,
        "data": {
            "seed": 0,
            "cache": true,
            "path": ":data/black-friday",
            "num_policy": "quantile",
            "cat_policy": "ordinal",
            "y_policy": "standard"
        },
        "model": {
            "depth": 4,
            "heads": 8,
            "attentiontype": "colrow",
            "dim": 28,
            "dim_head": 46,
            "ffn_mult": 0.8871292403252736,
            "attn_dropout": 0.45661592706866844,
            "ff_dropout": 0.4686009096556697
        },
        "optimizer": {
            "type": "AdamW",
            "lr": 0.0005655420851934552,
            "weight_decay": 2.6258749521894567e-05
        }
    },
    "n_parameters": 2657004,
    "prediction_type": null,
    "best_epoch": 24,
    "metrics": {
        "train": {
            "rmse": 0.6685311320968911,
            "mae": 0.5170372933929356,
            "r2": 0.5523084051509327,
            "score": -0.6685311320968911
        },
        "val": {
            "rmse": 0.6921066175087293,
            "mae": 0.5333651541978242,
            "r2": 0.51962467063168,
            "score": -0.6921066175087293
        },
        "test": {
            "rmse": 0.6933343324726515,
            "mae": 0.5349906887211509,
            "r2": 0.5229172275792418,
            "score": -0.6933343324726515
        }
    },
    "time": "0:05:44",
    "chunk_size": null,
    "eval_batch_size": 8192
}
