{
    "function": "bin.tabr_design.main",
    "gpus": [
        "GeForce RTX 2080 Ti"
    ],
    "config": {
        "seed": 2,
        "batch_size": 256,
        "patience": 16,
        "n_epochs": Infinity,
        "context_size": 96,
        "data": {
            "seed": 0,
            "cache": true,
            "path": ":data/house",
            "num_policy": "quantile",
            "cat_policy": null,
            "y_policy": "standard"
        },
        "model": {
            "num_embeddings": null,
            "d_main": 337,
            "context_dropout": 0.29515105787545104,
            "d_multiplier": 2.0,
            "encoder_n_blocks": 0,
            "predictor_n_blocks": 1,
            "mixer_normalization": "auto",
            "dropout0": 0.1975265762946431,
            "dropout1": 0.0,
            "normalization": "LayerNorm",
            "activation": "ReLU",
            "dot_product": false,
            "use_Q": true,
            "use_V": true,
            "use_labels": false,
            "use_T": false,
            "self_attention": true,
            "scale_similarities": true
        },
        "optimizer": {
            "type": "AdamW",
            "lr": 8.543032677390322e-05,
            "weight_decay": 0.0
        }
    },
    "n_parameters": 804420,
    "prediction_type": null,
    "best_epoch": 42,
    "metrics": {
        "train": {
            "rmse": 20876.073067076846,
            "mae": 11746.38574980729,
            "r2": 0.8395118489887373,
            "score": -20876.073067076846
        },
        "val": {
            "rmse": 28845.253153199756,
            "mae": 14643.69366142375,
            "r2": 0.7207872329036138,
            "score": -28845.253153199756
        },
        "test": {
            "rmse": 30767.328931530905,
            "mae": 14868.276065101963,
            "r2": 0.6720954560700951,
            "score": -30767.328931530905
        }
    },
    "time": "0:00:33",
    "chunk_size": null,
    "eval_batch_size": 32768
}