{
    "function": "bin.ffn.main",
    "gpus": [
        "A100-SXM4-40GB"
    ],
    "config": {
        "seed": 10,
        "batch_size": 256,
        "patience": 16,
        "n_epochs": Infinity,
        "data": {
            "seed": 0,
            "cache": true,
            "path": ":data/house",
            "num_policy": "quantile",
            "cat_policy": null,
            "y_policy": "standard"
        },
        "optimizer": {
            "type": "AdamW",
            "lr": 0.00036073611252047824,
            "weight_decay": 0.0
        },
        "model": {
            "num_embeddings": null,
            "backbone": {
                "type": "MLP",
                "n_blocks": 2,
                "d_layer": 364,
                "dropout": 0.144204793250186,
                "activation": "ReLU"
            }
        }
    },
    "n_parameters": 139413,
    "prediction_type": null,
    "best_epoch": 73,
    "metrics": {
        "train": {
            "rmse": 20313.841614812205,
            "mae": 11900.145725196053,
            "r2": 0.848039951630058,
            "score": -20313.841614812205
        },
        "val": {
            "rmse": 28796.650967529913,
            "mae": 15079.069193057483,
            "r2": 0.7217273559063464,
            "score": -28796.650967529913
        },
        "test": {
            "rmse": 31116.374277370516,
            "mae": 15499.319850689266,
            "r2": 0.6646133151778246,
            "score": -31116.374277370516
        }
    },
    "time": "0:00:09",
    "chunk_size": null,
    "eval_batch_size": 32768
}
