{
    "function": "bin.ensemble.main",
    "config": {
        "seeds": [
            10,
            11,
            12,
            13,
            14
        ]
    },
    "single_model_function": "bin.lightgbm_.main",
    "data": ":data/regression-cat-large-0-diamonds",
    "prediction_type": null,
    "metrics": {
        "train": {
            "rmse": 0.06361924064113732,
            "mae": 0.04552021448954863,
            "r2": 0.9960566006965083,
            "score": -0.06361924064113732
        },
        "val": {
            "rmse": 0.07985088256669991,
            "mae": 0.05721808033787274,
            "r2": 0.9938376225588521,
            "score": -0.07985088256669991
        },
        "test": {
            "rmse": 0.08511575962012995,
            "mae": 0.05944411537058052,
            "r2": 0.9929811748961058,
            "score": -0.08511575962012995
        }
    }
}
