{
    "function": "bin.ensemble.main",
    "config": {
        "seeds": [
            10,
            11,
            12,
            13,
            14
        ]
    },
    "single_model_function": "bin.tabr.main",
    "data": ":data/higgs-small",
    "prediction_type": "probs",
    "metrics": {
        "train": {
            "0": {
                "precision": 0.7442527717757076,
                "recall": 0.7102629977689136,
                "f1-score": 0.7268607406638646,
                "support": 29582
            },
            "1": {
                "precision": 0.7517091541135573,
                "recall": 0.7823268714763786,
                "f1-score": 0.7667124643590538,
                "support": 33169
            },
            "accuracy": 0.7483546078946949,
            "macro avg": {
                "precision": 0.7479809629446325,
                "recall": 0.7462949346226461,
                "f1-score": 0.7467866025114592,
                "support": 62751
            },
            "weighted avg": {
                "precision": 0.7481940754324483,
                "recall": 0.7483546078946949,
                "f1-score": 0.7479256133072604,
                "support": 62751
            },
            "cross-entropy": 0.4987444064391129,
            "roc-auc": 0.8335387646751925,
            "score": 0.7483546078946949
        },
        "val": {
            "0": {
                "precision": 0.7382637584862054,
                "recall": 0.6910492157923201,
                "f1-score": 0.7138766673650395,
                "support": 7396
            },
            "1": {
                "precision": 0.7393040501996577,
                "recall": 0.7814761215629522,
                "f1-score": 0.75980535850384,
                "support": 8292
            },
            "accuracy": 0.7388449770525243,
            "macro avg": {
                "precision": 0.7387839043429316,
                "recall": 0.7362626686776361,
                "f1-score": 0.7368410129344398,
                "support": 15688
            },
            "weighted avg": {
                "precision": 0.7388136118064467,
                "recall": 0.7388449770525243,
                "f1-score": 0.7381525920796579,
                "support": 15688
            },
            "cross-entropy": 0.5183139135877515,
            "roc-auc": 0.8178988062020722,
            "score": 0.7388449770525243
        },
        "test": {
            "0": {
                "precision": 0.7292546512955143,
                "recall": 0.6910762574364522,
                "f1-score": 0.7096523381095191,
                "support": 9245
            },
            "1": {
                "precision": 0.7367499308692045,
                "recall": 0.7711529184756392,
                "f1-score": 0.753558970491185,
                "support": 10365
            },
            "accuracy": 0.7334013258541561,
            "macro avg": {
                "precision": 0.7330022910823594,
                "recall": 0.7311145879560457,
                "f1-score": 0.7316056543003521,
                "support": 19610
            },
            "weighted avg": {
                "precision": 0.7332163327224036,
                "recall": 0.7334013258541561,
                "f1-score": 0.7328594897992675,
                "support": 19610
            },
            "cross-entropy": 0.5250968412282032,
            "roc-auc": 0.8119269747770467,
            "score": 0.7334013258541561
        }
    }
}