{
    "function": "bin.ensemble.main",
    "config": {
        "seeds": [
            10,
            11,
            12,
            13,
            14
        ]
    },
    "single_model_function": "bin.tabr.main",
    "data": ":data/classif-num-medium-2-bank-marketing",
    "prediction_type": "probs",
    "metrics": {
        "train": {
            "0": {
                "precision": 0.8416619876473891,
                "recall": 0.8104893214382265,
                "f1-score": 0.8257815727861175,
                "support": 3699
            },
            "1": {
                "precision": 0.8175429463820927,
                "recall": 0.8477732793522267,
                "f1-score": 0.8323837286338942,
                "support": 3705
            },
            "accuracy": 0.8291464073473798,
            "macro avg": {
                "precision": 0.8296024670147408,
                "recall": 0.8291313003952265,
                "f1-score": 0.8290826507100059,
                "support": 7404
            },
            "weighted avg": {
                "precision": 0.8295926943075831,
                "recall": 0.8291464073473798,
                "f1-score": 0.8290853258136718,
                "support": 7404
            },
            "cross-entropy": 0.38453298194946717,
            "roc-auc": 0.9082790366437441,
            "score": 0.8291464073473798
        },
        "val": {
            "0": {
                "precision": 0.8151447661469933,
                "recall": 0.7904967602591793,
                "f1-score": 0.8026315789473685,
                "support": 463
            },
            "1": {
                "precision": 0.8071570576540755,
                "recall": 0.8302658486707567,
                "f1-score": 0.8185483870967742,
                "support": 489
            },
            "accuracy": 0.8109243697478992,
            "macro avg": {
                "precision": 0.8111509119005345,
                "recall": 0.8103813044649679,
                "f1-score": 0.8105899830220713,
                "support": 952
            },
            "weighted avg": {
                "precision": 0.8110418360492656,
                "recall": 0.8109243697478992,
                "f1-score": 0.8108073343938595,
                "support": 952
            },
            "cross-entropy": 0.4315803077097058,
            "roc-auc": 0.8814965968366701,
            "score": 0.8109243697478992
        },
        "test": {
            "0": {
                "precision": 0.8199445983379502,
                "recall": 0.7879325643300799,
                "f1-score": 0.8036199095022625,
                "support": 1127
            },
            "1": {
                "precision": 0.7901668129938543,
                "recall": 0.821917808219178,
                "f1-score": 0.8057296329453895,
                "support": 1095
            },
            "accuracy": 0.8046804680468047,
            "macro avg": {
                "precision": 0.8050557056659022,
                "recall": 0.804925186274629,
                "f1-score": 0.804674771223826,
                "support": 2222
            },
            "weighted avg": {
                "precision": 0.8052701271625293,
                "recall": 0.8046804680468047,
                "f1-score": 0.8046595796958826,
                "support": 2222
            },
            "cross-entropy": 0.42637167609028515,
            "roc-auc": 0.8852726558163468,
            "score": 0.8046804680468047
        }
    }
}