{
    "function": "bin.catboost_.main",
    "gpus": [
        "NVIDIA GeForce RTX 2080 Ti",
        "NVIDIA GeForce RTX 2080 Ti"
    ],
    "config": {
        "seed": 7,
        "data": {
            "seed": 0,
            "num_policy": null,
            "cat_policy": null,
            "cache": true,
            "path": ":data/regression-num-medium-1-isolet",
            "y_policy": "standard"
        },
        "model": {
            "iterations": 4000,
            "early_stopping_rounds": 3999,
            "thread_count": 4,
            "task_type": "CPU",
            "od_pval": 0.001
        },
        "fit": {
            "logging_level": "Verbose"
        }
    },
    "prediction_type": null,
    "time": "0:03:40",
    "best_iteration": 3996,
    "metrics": {
        "train": {
            "rmse": 0.3182313880292585,
            "mae": 0.2461231466285995,
            "r2": 0.998208958389156,
            "score": -0.3182313880292585
        },
        "val": {
            "rmse": 3.1476616373740636,
            "mae": 2.1572969578429486,
            "r2": 0.8203048693183265,
            "score": -3.1476616373740636
        },
        "test": {
            "rmse": 2.8622488212335226,
            "mae": 1.9783348343223832,
            "r2": 0.8530691794858408,
            "score": -2.8622488212335226
        }
    }
}
