{
    "function": "bin.ft_transformer.main",
    "gpus": [
        "A100-SXM-80GB"
    ],
    "config": {
        "seed": 11,
        "batch_size": 64,
        "patience": 16,
        "n_epochs": Infinity,
        "data": {
            "seed": 0,
            "cache": true,
            "path": ":data/regression-cat-medium-1-analcatdata_supreme",
            "num_policy": "quantile",
            "cat_policy": null,
            "y_policy": "standard"
        },
        "optimizer": {
            "type": "AdamW",
            "lr": 0.0004313385418858629,
            "weight_decay": 3.4506001817624984e-06
        },
        "model": {
            "d_token": 16,
            "n_blocks": 3,
            "attention_dropout": 0.3854601315936101,
            "ffn_d_hidden_factor": 1.199201943070738,
            "ffn_dropout": 0.3944223431035074,
            "residual_dropout": 0.0
        }
    },
    "n_parameters": 6611,
    "prediction_type": null,
    "best_epoch": 25,
    "metrics": {
        "train": {
            "rmse": 0.08006710572713087,
            "mae": 0.021413106705181484,
            "r2": 0.9788559875187048,
            "score": -0.08006710572713087
        },
        "val": {
            "rmse": 0.04568787970641254,
            "mae": 0.016219569784908794,
            "r2": 0.9930750706898847,
            "score": -0.04568787970641254
        },
        "test": {
            "rmse": 0.08942311985009593,
            "mae": 0.02371512614655069,
            "r2": 0.9731300944751743,
            "score": -0.08942311985009593
        }
    },
    "time": "0:00:23",
    "chunk_size": null,
    "eval_batch_size": 32768
}
