{
    "function": "bin.ensemble.main",
    "config": {
        "seeds": [
            5,
            6,
            7,
            8,
            9
        ]
    },
    "single_model_function": "bin.catboost_.main",
    "data": ":data/classif-num-medium-4-wine",
    "prediction_type": "probs",
    "metrics": {
        "train": {
            "0": {
                "precision": 0.9977728285077951,
                "recall": 0.996662958843159,
                "f1-score": 0.9972175848636617,
                "support": 899
            },
            "1": {
                "precision": 0.9966254218222722,
                "recall": 0.9977477477477478,
                "f1-score": 0.9971862689926844,
                "support": 888
            },
            "accuracy": 0.9972020145495244,
            "macro avg": {
                "precision": 0.9971991251650336,
                "recall": 0.9972053532954535,
                "f1-score": 0.9972019269281731,
                "support": 1787
            },
            "weighted avg": {
                "precision": 0.9972026566349667,
                "recall": 0.9972020145495244,
                "f1-score": 0.9972020233116595,
                "support": 1787
            },
            "cross-entropy": 0.09927117304548415,
            "roc-auc": 0.999987473569231,
            "score": 0.9972020145495244
        },
        "val": {
            "0": {
                "precision": 0.8660714285714286,
                "recall": 0.8016528925619835,
                "f1-score": 0.8326180257510729,
                "support": 121
            },
            "1": {
                "precision": 0.7966101694915254,
                "recall": 0.8623853211009175,
                "f1-score": 0.828193832599119,
                "support": 109
            },
            "accuracy": 0.8304347826086956,
            "macro avg": {
                "precision": 0.831340799031477,
                "recall": 0.8320191068314504,
                "f1-score": 0.830405929175096,
                "support": 230
            },
            "weighted avg": {
                "precision": 0.8331528318770396,
                "recall": 0.8304347826086956,
                "f1-score": 0.8305213429094949,
                "support": 230
            },
            "cross-entropy": 0.42064780648858796,
            "roc-auc": 0.8936234741072105,
            "score": 0.8304347826086956
        },
        "test": {
            "0": {
                "precision": 0.8354978354978355,
                "recall": 0.7509727626459144,
                "f1-score": 0.7909836065573771,
                "support": 257
            },
            "1": {
                "precision": 0.7908496732026143,
                "recall": 0.8642857142857143,
                "f1-score": 0.8259385665529011,
                "support": 280
            },
            "accuracy": 0.8100558659217877,
            "macro avg": {
                "precision": 0.8131737543502249,
                "recall": 0.8076292384658144,
                "f1-score": 0.8084610865551392,
                "support": 537
            },
            "weighted avg": {
                "precision": 0.8122176018988375,
                "recall": 0.8100558659217877,
                "f1-score": 0.8092096564619334,
                "support": 537
            },
            "cross-entropy": 0.4220683672547324,
            "roc-auc": 0.8853668704836021,
            "score": 0.8100558659217877
        }
    }
}
