{
    "function": "bin.tabr.main",
    "gpus": [
        "NVIDIA A100-SXM4-80GB"
    ],
    "config": {
        "seed": 3,
        "batch_size": 256,
        "patience": 16,
        "n_epochs": Infinity,
        "context_size": 96,
        "data": {
            "seed": 0,
            "cache": true,
            "path": ":data/regression-num-medium-1-MiamiHousing2016",
            "num_policy": "quantile",
            "cat_policy": null,
            "y_policy": "standard"
        },
        "model": {
            "num_embeddings": null,
            "d_main": 265,
            "mixer_dropout": 0.38920071545944357,
            "d_multiplier": 2.0,
            "encoder_n_blocks": 0,
            "predictor_n_blocks": 1,
            "mixer_normalization": "auto",
            "dropout0": 0.38852797479169876,
            "dropout1": 0.0,
            "normalization": "LayerNorm",
            "activation": "ReLU"
        },
        "optimizer": {
            "type": "AdamW",
            "lr": 0.0003121273641315169,
            "weight_decay": 1.2260352006404615e-06
        }
    },
    "n_parameters": 639181,
    "prediction_type": null,
    "best_epoch": 39,
    "metrics": {
        "train": {
            "rmse": 0.1305665834154911,
            "mae": 0.09117346704773865,
            "r2": 0.9476597244224615,
            "score": -0.1305665834154911
        },
        "val": {
            "rmse": 0.1295133081757202,
            "mae": 0.09093869123023968,
            "r2": 0.9435350861148692,
            "score": -0.1295133081757202
        },
        "test": {
            "rmse": 0.14102471031861,
            "mae": 0.09711602423252153,
            "r2": 0.9382321953104452,
            "score": -0.14102471031861
        }
    },
    "time": "0:00:31",
    "chunk_size": null,
    "eval_batch_size": 32768
}