{
    "function": "bin.ffn.main",
    "gpus": [
        "A100-SXM-80GB"
    ],
    "config": {
        "seed": 13,
        "batch_size": 256,
        "patience": 16,
        "n_epochs": Infinity,
        "data": {
            "seed": 0,
            "cache": true,
            "path": ":data/regression-num-medium-0-california",
            "num_policy": "quantile",
            "cat_policy": null,
            "y_policy": "standard"
        },
        "optimizer": {
            "type": "AdamW",
            "lr": 0.0005474461805415223,
            "weight_decay": 0.0
        },
        "model": {
            "num_embeddings": null,
            "backbone": {
                "type": "MLP",
                "n_blocks": 3,
                "d_layer": 115,
                "dropout": 0.13181571702356717,
                "activation": "ReLU"
            }
        }
    },
    "n_parameters": 27831,
    "prediction_type": null,
    "best_epoch": 194,
    "metrics": {
        "train": {
            "rmse": 0.11728881412942149,
            "mae": 0.08550356103977697,
            "r2": 0.890926238023906,
            "score": -0.11728881412942149
        },
        "val": {
            "rmse": 0.1598572163258492,
            "mae": 0.10888667460599244,
            "r2": 0.8061857017473718,
            "score": -0.1598572163258492
        },
        "test": {
            "rmse": 0.1461474791450877,
            "mae": 0.10380402201257688,
            "r2": 0.8301675823163384,
            "score": -0.1461474791450877
        }
    },
    "time": "0:00:18",
    "chunk_size": null,
    "eval_batch_size": 32768
}
