{
    "function": "bin.ensemble.main",
    "config": {
        "seeds": [
            0,
            1,
            2,
            3,
            4
        ]
    },
    "single_model_function": "bin.catboost_.main",
    "data": ":data/regression-num-medium-1-pol",
    "prediction_type": null,
    "metrics": {
        "train": {
            "rmse": 0.0713889271589379,
            "mae": 0.04322548643234062,
            "r2": 0.9999970481245376,
            "score": -0.0713889271589379
        },
        "val": {
            "rmse": 3.920724705152135,
            "mae": 1.863267655612842,
            "r2": 0.9914428985012247,
            "score": -3.920724705152135
        },
        "test": {
            "rmse": 3.6465624828632235,
            "mae": 1.6945888784111998,
            "r2": 0.9924283908174091,
            "score": -3.6465624828632235
        }
    }
}
