{
    "function": "bin.catboost_.main",
    "gpus": [
        "NVIDIA GeForce RTX 2080 Ti",
        "NVIDIA GeForce RTX 2080 Ti"
    ],
    "config": {
        "seed": 4,
        "data": {
            "seed": 0,
            "num_policy": null,
            "cat_policy": null,
            "cache": true,
            "path": ":data/regression-cat-medium-1-Brazilian_houses",
            "y_policy": "standard"
        },
        "model": {
            "iterations": 4000,
            "early_stopping_rounds": 200,
            "od_pval": 0.001,
            "bagging_temperature": 0.5687298899644854,
            "depth": 5,
            "l2_leaf_reg": 7.913774817937723,
            "leaf_estimation_iterations": 5,
            "learning_rate": 0.030790545052803087,
            "task_type": "CPU",
            "thread_count": 4
        },
        "fit": {
            "logging_level": "Verbose"
        }
    },
    "prediction_type": null,
    "time": "0:00:15",
    "best_iteration": 3999,
    "metrics": {
        "train": {
            "rmse": 0.005834263980227581,
            "mae": 0.004008202877446353,
            "r2": 0.9999473585266355,
            "score": -0.005834263980227581
        },
        "val": {
            "rmse": 0.032912964613682594,
            "mae": 0.007925195526470644,
            "r2": 0.9982512694129714,
            "score": -0.032912964613682594
        },
        "test": {
            "rmse": 0.0188954379724316,
            "mae": 0.006401529738348649,
            "r2": 0.9994182574382434,
            "score": -0.0188954379724316
        }
    }
}
