{
    "function": "bin.ffn.main",
    "gpus": [
        "A100-SXM-80GB"
    ],
    "config": {
        "seed": 9,
        "batch_size": 128,
        "patience": 16,
        "n_epochs": Infinity,
        "data": {
            "seed": 0,
            "cache": true,
            "path": ":data/regression-cat-medium-0-visualizing_soil",
            "num_policy": "quantile",
            "cat_policy": null,
            "y_policy": "standard"
        },
        "optimizer": {
            "type": "AdamW",
            "lr": 0.000604734858499726,
            "weight_decay": 0.0
        },
        "model": {
            "backbone": {
                "type": "MLP",
                "n_blocks": 6,
                "d_layer": 1003,
                "dropout": 0.0,
                "activation": "ReLU"
            },
            "num_embeddings": {
                "type": "PLREmbeddings",
                "n_frequencies": 31,
                "frequency_scale": 0.8079234883824264,
                "d_embedding": 37,
                "lite": true
            }
        }
    },
    "n_parameters": 5151827,
    "prediction_type": null,
    "best_epoch": 13,
    "metrics": {
        "train": {
            "rmse": 0.1100312427762204,
            "mae": 0.08411302905102813,
            "r2": 0.9999211033460091,
            "score": -0.1100312427762204
        },
        "val": {
            "rmse": 0.18071090406896592,
            "mae": 0.12746440676373183,
            "r2": 0.9997869191935889,
            "score": -0.18071090406896592
        },
        "test": {
            "rmse": 0.18635533811874208,
            "mae": 0.12631459914916476,
            "r2": 0.99977328843139,
            "score": -0.18635533811874208
        }
    },
    "time": "0:00:07",
    "chunk_size": null,
    "eval_batch_size": 32768
}
