{
    "function": "bin.ensemble.main",
    "config": {
        "seeds": [
            10,
            11,
            12,
            13,
            14
        ]
    },
    "single_model_function": "bin.lightgbm_.main",
    "data": ":data/regression-cat-medium-0-Bike_Sharing_Demand",
    "prediction_type": null,
    "metrics": {
        "train": {
            "rmse": 18.977719455584882,
            "mae": 12.641843627897968,
            "r2": 0.9890220317501071,
            "score": -18.977719455584882
        },
        "val": {
            "rmse": 43.989646124837336,
            "mae": 27.71778859894189,
            "r2": 0.9399466212023542,
            "score": -43.989646124837336
        },
        "test": {
            "rmse": 42.52437722459873,
            "mae": 27.125024037776246,
            "r2": 0.9457971100799333,
            "score": -42.52437722459873
        }
    }
}
