{
    "function": "bin.ffn.main",
    "gpus": [
        "A100-SXM-80GB"
    ],
    "config": {
        "seed": 7,
        "batch_size": 256,
        "patience": 16,
        "n_epochs": Infinity,
        "data": {
            "seed": 0,
            "cache": true,
            "path": ":data/classif-num-large-0-jannis",
            "num_policy": "quantile",
            "cat_policy": null,
            "y_policy": null
        },
        "optimizer": {
            "type": "AdamW",
            "lr": 0.0001709873893213748,
            "weight_decay": 0.0
        },
        "model": {
            "num_embeddings": null,
            "backbone": {
                "type": "MLP",
                "n_blocks": 2,
                "d_layer": 194,
                "dropout": 0.49694454045889114,
                "activation": "ReLU"
            }
        }
    },
    "n_parameters": 48695,
    "prediction_type": "logits",
    "best_epoch": 115,
    "metrics": {
        "train": {
            "0": {
                "precision": 0.8423965609887157,
                "recall": 0.7770508054522924,
                "f1-score": 0.8084053113317003,
                "support": 20175
            },
            "1": {
                "precision": 0.7926806784660767,
                "recall": 0.854304306790522,
                "f1-score": 0.8223396370765295,
                "support": 20131
            },
            "accuracy": 0.8156353892720687,
            "macro avg": {
                "precision": 0.8175386197273962,
                "recall": 0.8156775561214072,
                "f1-score": 0.8153724742041148,
                "support": 40306
            },
            "weighted avg": {
                "precision": 0.817565755871283,
                "recall": 0.8156353892720687,
                "f1-score": 0.8153648685085265,
                "support": 40306
            },
            "cross-entropy": 0.4092380102718075,
            "roc-auc": 0.8973146854644827,
            "score": 0.8156353892720687
        },
        "val": {
            "0": {
                "precision": 0.8194150063586265,
                "recall": 0.7539001560062403,
                "f1-score": 0.7852935202112533,
                "support": 2564
            },
            "1": {
                "precision": 0.7764789231314205,
                "recall": 0.8372803666921314,
                "f1-score": 0.8057342400294064,
                "support": 2618
            },
            "accuracy": 0.7960247008876882,
            "macro avg": {
                "precision": 0.7979469647450235,
                "recall": 0.7955902613491859,
                "f1-score": 0.7955138801203299,
                "support": 5182
            },
            "weighted avg": {
                "precision": 0.7977232530030061,
                "recall": 0.7960247008876882,
                "f1-score": 0.7956203832919025,
                "support": 5182
            },
            "cross-entropy": 0.4518146236059143,
            "roc-auc": 0.8687277208429817,
            "score": 0.7960247008876882
        },
        "test": {
            "0": {
                "precision": 0.8095493562231759,
                "recall": 0.7481408031730292,
                "f1-score": 0.7776346302499355,
                "support": 6051
            },
            "1": {
                "precision": 0.7655384615384615,
                "recall": 0.8237046846548585,
                "f1-score": 0.7935571326050553,
                "support": 6041
            },
            "accuracy": 0.7858914985114125,
            "macro avg": {
                "precision": 0.7875439088808187,
                "recall": 0.7859227439139438,
                "f1-score": 0.7855958814274955,
                "support": 12092
            },
            "weighted avg": {
                "precision": 0.7875621072329047,
                "recall": 0.7858914985114125,
                "f1-score": 0.7855892975280763,
                "support": 12092
            },
            "cross-entropy": 0.45704850685659276,
            "roc-auc": 0.8645521509480292,
            "score": 0.7858914985114125
        }
    },
    "time": "0:00:41",
    "chunk_size": null,
    "eval_batch_size": 32768
}
