{
    "function": "bin.ffn.main",
    "gpus": [
        "A100-SXM-80GB"
    ],
    "config": {
        "seed": 3,
        "batch_size": 32,
        "patience": 16,
        "n_epochs": Infinity,
        "data": {
            "seed": 0,
            "cache": true,
            "path": ":data/classif-num-medium-2-wine",
            "num_policy": "quantile",
            "cat_policy": null,
            "y_policy": null
        },
        "optimizer": {
            "type": "AdamW",
            "lr": 0.00024616003412160223,
            "weight_decay": 0.0
        },
        "model": {
            "backbone": {
                "type": "MLP",
                "n_blocks": 4,
                "d_layer": 999,
                "dropout": 0.0,
                "activation": "ReLU"
            },
            "num_embeddings": {
                "type": "PLREmbeddings",
                "n_frequencies": 31,
                "frequency_scale": 0.016673163948780097,
                "d_embedding": 20,
                "lite": true
            }
        }
    },
    "n_parameters": 3220380,
    "prediction_type": "logits",
    "best_epoch": 43,
    "metrics": {
        "train": {
            "0": {
                "precision": 0.995609220636663,
                "recall": 0.995609220636663,
                "f1-score": 0.995609220636663,
                "support": 911
            },
            "1": {
                "precision": 0.9954337899543378,
                "recall": 0.9954337899543378,
                "f1-score": 0.9954337899543378,
                "support": 876
            },
            "accuracy": 0.9955232232792389,
            "macro avg": {
                "precision": 0.9955215052955004,
                "recall": 0.9955215052955004,
                "f1-score": 0.9955215052955004,
                "support": 1787
            },
            "weighted avg": {
                "precision": 0.9955232232792389,
                "recall": 0.9955232232792389,
                "f1-score": 0.9955232232792389,
                "support": 1787
            },
            "cross-entropy": 0.013148781022235254,
            "roc-auc": 0.9999498769479072,
            "score": 0.9955232232792389
        },
        "val": {
            "0": {
                "precision": 0.845360824742268,
                "recall": 0.780952380952381,
                "f1-score": 0.8118811881188118,
                "support": 105
            },
            "1": {
                "precision": 0.8270676691729323,
                "recall": 0.88,
                "f1-score": 0.8527131782945736,
                "support": 125
            },
            "accuracy": 0.8347826086956521,
            "macro avg": {
                "precision": 0.8362142469576002,
                "recall": 0.8304761904761905,
                "f1-score": 0.8322971832066928,
                "support": 230
            },
            "weighted avg": {
                "precision": 0.835418892367629,
                "recall": 0.8347826086956521,
                "f1-score": 0.834072487127378,
                "support": 230
            },
            "cross-entropy": 1.1392542145957034,
            "roc-auc": 0.8750095238095238,
            "score": 0.8347826086956521
        },
        "test": {
            "0": {
                "precision": 0.7928286852589641,
                "recall": 0.7624521072796935,
                "f1-score": 0.77734375,
                "support": 261
            },
            "1": {
                "precision": 0.7832167832167832,
                "recall": 0.8115942028985508,
                "f1-score": 0.7971530249110319,
                "support": 276
            },
            "accuracy": 0.7877094972067039,
            "macro avg": {
                "precision": 0.7880227342378736,
                "recall": 0.7870231550891221,
                "f1-score": 0.787248387455516,
                "support": 537
            },
            "weighted avg": {
                "precision": 0.7878884897959437,
                "recall": 0.7877094972067039,
                "f1-score": 0.7875250533062287,
                "support": 537
            },
            "cross-entropy": 1.2355741628318844,
            "roc-auc": 0.8635126881003943,
            "score": 0.7877094972067039
        }
    },
    "time": "0:00:12",
    "chunk_size": null,
    "eval_batch_size": 32768
}
