{
    "function": "bin.ft_transformer.main",
    "gpus": [
        "A100-SXM-80GB"
    ],
    "config": {
        "seed": 3,
        "batch_size": 256,
        "patience": 16,
        "n_epochs": Infinity,
        "data": {
            "seed": 0,
            "cache": true,
            "path": ":data/regression-num-medium-0-medical_charges",
            "num_policy": "quantile",
            "cat_policy": null,
            "y_policy": "standard"
        },
        "optimizer": {
            "type": "AdamW",
            "lr": 2.06866306328778e-05,
            "weight_decay": 0.0
        },
        "model": {
            "d_token": 376,
            "n_blocks": 4,
            "attention_dropout": 0.06389725858172791,
            "ffn_d_hidden_factor": 2.1800313382341896,
            "ffn_dropout": 0.02662298958951661,
            "residual_dropout": 0.001641391995363154
        }
    },
    "n_parameters": 5980441,
    "prediction_type": null,
    "best_epoch": 26,
    "metrics": {
        "train": {
            "rmse": 0.07901339814681903,
            "mae": 0.050592590546531646,
            "r2": 0.9800670731896312,
            "score": -0.07901339814681903
        },
        "val": {
            "rmse": 0.08212245775655548,
            "mae": 0.05129745416289655,
            "r2": 0.9789966908675197,
            "score": -0.08212245775655548
        },
        "test": {
            "rmse": 0.08139048526130827,
            "mae": 0.05094965072729263,
            "r2": 0.9794189057426983,
            "score": -0.08139048526130827
        }
    },
    "time": "0:00:45",
    "chunk_size": null,
    "eval_batch_size": 32768
}
