{
    "function": "bin.ensemble.main",
    "config": {
        "seeds": [
            0,
            1,
            2,
            3,
            4
        ]
    },
    "single_model_function": "bin.tabr.main",
    "data": ":data/classif-num-medium-1-credit",
    "prediction_type": "probs",
    "metrics": {
        "train": {
            "0": {
                "precision": 0.7782093969663337,
                "recall": 0.8343911146370487,
                "f1-score": 0.805321592649311,
                "support": 5042
            },
            "1": {
                "precision": 0.8182411841532433,
                "recall": 0.7581686163775716,
                "f1-score": 0.7870603015075377,
                "support": 4958
            },
            "accuracy": 0.7966,
            "macro avg": {
                "precision": 0.7982252905597885,
                "recall": 0.7962798655073102,
                "f1-score": 0.7961909470784243,
                "support": 10000
            },
            "weighted avg": {
                "precision": 0.7980571570536035,
                "recall": 0.7966,
                "f1-score": 0.7962676445012198,
                "support": 10000
            },
            "cross-entropy": 0.4324929336380636,
            "roc-auc": 0.8816593298823165,
            "score": 0.7966
        },
        "val": {
            "0": {
                "precision": 0.7443130118289354,
                "recall": 0.807502467917078,
                "f1-score": 0.7746212121212122,
                "support": 1013
            },
            "1": {
                "precision": 0.7868852459016393,
                "recall": 0.7192807192807192,
                "f1-score": 0.7515657620041754,
                "support": 1001
            },
            "accuracy": 0.7636544190665343,
            "macro avg": {
                "precision": 0.7655991288652874,
                "recall": 0.7633915935988986,
                "f1-score": 0.7630934870626938,
                "support": 2014
            },
            "weighted avg": {
                "precision": 0.7654722999653687,
                "recall": 0.7636544190665343,
                "f1-score": 0.7631621726141844,
                "support": 2014
            },
            "cross-entropy": 0.4911243101920759,
            "roc-auc": 0.8444260576540932,
            "score": 0.7636544190665343
        },
        "test": {
            "0": {
                "precision": 0.754251012145749,
                "recall": 0.8092962641181581,
                "f1-score": 0.7808046940486169,
                "support": 2302
            },
            "1": {
                "precision": 0.8031390134529148,
                "recall": 0.7468723936613845,
                "f1-score": 0.7739844425237684,
                "support": 2398
            },
            "accuracy": 0.7774468085106383,
            "macro avg": {
                "precision": 0.778695012799332,
                "recall": 0.7780843288897713,
                "f1-score": 0.7773945682861927,
                "support": 4700
            },
            "weighted avg": {
                "precision": 0.7791942945148094,
                "recall": 0.7774468085106383,
                "f1-score": 0.7773249146535984,
                "support": 4700
            },
            "cross-entropy": 0.4828453120117001,
            "roc-auc": 0.8515942187560006,
            "score": 0.7774468085106383
        }
    }
}