{
    "function": "bin.ensemble.main",
    "config": {
        "seeds": [
            0,
            1,
            2,
            3,
            4
        ]
    },
    "single_model_function": "bin.catboost_.main",
    "data": ":data/classif-num-medium-1-wine",
    "prediction_type": "probs",
    "metrics": {
        "train": {
            "0": {
                "precision": 1.0,
                "recall": 1.0,
                "f1-score": 1.0,
                "support": 897
            },
            "1": {
                "precision": 1.0,
                "recall": 1.0,
                "f1-score": 1.0,
                "support": 890
            },
            "accuracy": 1.0,
            "macro avg": {
                "precision": 1.0,
                "recall": 1.0,
                "f1-score": 1.0,
                "support": 1787
            },
            "weighted avg": {
                "precision": 1.0,
                "recall": 1.0,
                "f1-score": 1.0,
                "support": 1787
            },
            "cross-entropy": 0.05982350918269595,
            "roc-auc": 1.0,
            "score": 1.0
        },
        "val": {
            "0": {
                "precision": 0.7829457364341085,
                "recall": 0.8347107438016529,
                "f1-score": 0.8079999999999999,
                "support": 121
            },
            "1": {
                "precision": 0.801980198019802,
                "recall": 0.7431192660550459,
                "f1-score": 0.7714285714285715,
                "support": 109
            },
            "accuracy": 0.7913043478260869,
            "macro avg": {
                "precision": 0.7924629672269552,
                "recall": 0.7889150049283493,
                "f1-score": 0.7897142857142857,
                "support": 230
            },
            "weighted avg": {
                "precision": 0.7919664160551544,
                "recall": 0.7913043478260869,
                "f1-score": 0.7906683229813664,
                "support": 230
            },
            "cross-entropy": 0.4867657080067635,
            "roc-auc": 0.8732276897414513,
            "score": 0.7913043478260869
        },
        "test": {
            "0": {
                "precision": 0.8154506437768241,
                "recall": 0.7335907335907336,
                "f1-score": 0.7723577235772359,
                "support": 259
            },
            "1": {
                "precision": 0.7730263157894737,
                "recall": 0.8453237410071942,
                "f1-score": 0.8075601374570447,
                "support": 278
            },
            "accuracy": 0.7914338919925512,
            "macro avg": {
                "precision": 0.7942384797831489,
                "recall": 0.7894572372989639,
                "f1-score": 0.7899589305171403,
                "support": 537
            },
            "weighted avg": {
                "precision": 0.7934879562898902,
                "recall": 0.7914338919925512,
                "f1-score": 0.7905816920289804,
                "support": 537
            },
            "cross-entropy": 0.49717115778714377,
            "roc-auc": 0.8616288436432322,
            "score": 0.7914338919925512
        }
    }
}
