{
    "function": "bin.catboost_.main",
    "gpus": [
        "NVIDIA GeForce RTX 2080 Ti",
        "NVIDIA GeForce RTX 2080 Ti"
    ],
    "config": {
        "seed": 8,
        "data": {
            "seed": 0,
            "num_policy": null,
            "cat_policy": null,
            "cache": true,
            "path": ":data/classif-cat-medium-2-rl",
            "y_policy": null
        },
        "model": {
            "iterations": 4000,
            "early_stopping_rounds": 200,
            "od_pval": 0.001,
            "bagging_temperature": 0.03974849403440062,
            "depth": 9,
            "l2_leaf_reg": 4.118869595247469,
            "leaf_estimation_iterations": 7,
            "learning_rate": 0.024048500751625505,
            "task_type": "CPU",
            "thread_count": 4
        },
        "fit": {
            "logging_level": "Verbose"
        }
    },
    "prediction_type": "probs",
    "time": "0:00:13",
    "best_iteration": 845,
    "metrics": {
        "train": {
            "0": {
                "precision": 0.9498470948012232,
                "recall": 0.9060676779463244,
                "f1-score": 0.9274410271722902,
                "support": 1714
            },
            "1": {
                "precision": 0.9126898047722343,
                "recall": 0.9535410764872522,
                "f1-score": 0.9326683291770573,
                "support": 1765
            },
            "accuracy": 0.9301523426271917,
            "macro avg": {
                "precision": 0.9312684497867287,
                "recall": 0.9298043772167883,
                "f1-score": 0.9300546781746737,
                "support": 3479
            },
            "weighted avg": {
                "precision": 0.9309960982788992,
                "recall": 0.9301523426271917,
                "f1-score": 0.9300929926906616,
                "support": 3479
            },
            "cross-entropy": 0.28506768277058664,
            "roc-auc": 0.9816373078232586,
            "score": 0.9301523426271917
        },
        "val": {
            "0": {
                "precision": 0.8281938325991189,
                "recall": 0.7966101694915254,
                "f1-score": 0.8120950323974083,
                "support": 236
            },
            "1": {
                "precision": 0.7818181818181819,
                "recall": 0.8151658767772512,
                "f1-score": 0.7981438515081207,
                "support": 211
            },
            "accuracy": 0.8053691275167785,
            "macro avg": {
                "precision": 0.8050060072086505,
                "recall": 0.8058880231343883,
                "f1-score": 0.8051194419527645,
                "support": 447
            },
            "weighted avg": {
                "precision": 0.8063028654519652,
                "recall": 0.8053691275167785,
                "f1-score": 0.8055095756465366,
                "support": 447
            },
            "cross-entropy": 0.45253316283633804,
            "roc-auc": 0.87231906177203,
            "score": 0.8053691275167785
        },
        "test": {
            "0": {
                "precision": 0.7983706720977597,
                "recall": 0.7354596622889306,
                "f1-score": 0.765625,
                "support": 533
            },
            "1": {
                "precision": 0.7441016333938294,
                "recall": 0.8055009823182712,
                "f1-score": 0.7735849056603774,
                "support": 509
            },
            "accuracy": 0.7696737044145874,
            "macro avg": {
                "precision": 0.7712361527457945,
                "recall": 0.7704803223036009,
                "f1-score": 0.7696049528301887,
                "support": 1042
            },
            "weighted avg": {
                "precision": 0.7718611320782774,
                "recall": 0.7696737044145874,
                "f1-score": 0.7695132840509905,
                "support": 1042
            },
            "cross-entropy": 0.4695048027244282,
            "roc-auc": 0.8579121774291643,
            "score": 0.7696737044145874
        }
    }
}
