{
    "function": "bin.catboost_.main",
    "gpus": [
        "NVIDIA GeForce RTX 2080 Ti",
        "NVIDIA GeForce RTX 2080 Ti"
    ],
    "config": {
        "seed": 8,
        "data": {
            "seed": 0,
            "num_policy": null,
            "cat_policy": null,
            "cache": true,
            "path": ":data/classif-cat-medium-0-electricity",
            "y_policy": null
        },
        "model": {
            "iterations": 4000,
            "early_stopping_rounds": 3999,
            "thread_count": 4,
            "task_type": "CPU",
            "od_pval": 0.001
        },
        "fit": {
            "logging_level": "Verbose"
        }
    },
    "prediction_type": "probs",
    "time": "0:00:27",
    "best_iteration": 3984,
    "metrics": {
        "train": {
            "0": {
                "precision": 0.9857315112540193,
                "recall": 0.978846537617242,
                "f1-score": 0.9822769600480625,
                "support": 5011
            },
            "1": {
                "precision": 0.9789012738853503,
                "recall": 0.9857686911204651,
                "f1-score": 0.9823229801258364,
                "support": 4989
            },
            "accuracy": 0.9823,
            "macro avg": {
                "precision": 0.9823163925696847,
                "recall": 0.9823076143688536,
                "f1-score": 0.9822999700869495,
                "support": 10000
            },
            "weighted avg": {
                "precision": 0.9823239058307903,
                "recall": 0.9823,
                "f1-score": 0.9822999194648638,
                "support": 10000
            },
            "cross-entropy": 0.11174132339105333,
            "roc-auc": 0.9985321928958136,
            "score": 0.9823
        },
        "val": {
            "0": {
                "precision": 0.8823250296559905,
                "recall": 0.8699415204678362,
                "f1-score": 0.8760895170789164,
                "support": 4275
            },
            "1": {
                "precision": 0.8715045065865495,
                "recall": 0.8837590813217717,
                "f1-score": 0.8775890155922735,
                "support": 4267
            },
            "accuracy": 0.876843830484664,
            "macro avg": {
                "precision": 0.87691476812127,
                "recall": 0.876850300894804,
                "f1-score": 0.876839266335595,
                "support": 8542
            },
            "weighted avg": {
                "precision": 0.8769198350953133,
                "recall": 0.876843830484664,
                "f1-score": 0.8768385641588152,
                "support": 8542
            },
            "cross-entropy": 0.28382944964900064,
            "roc-auc": 0.9507166243865268,
            "score": 0.876843830484664
        },
        "test": {
            "0": {
                "precision": 0.8808991049633849,
                "recall": 0.8703647874585468,
                "f1-score": 0.8756002628519436,
                "support": 9951
            },
            "1": {
                "precision": 0.8722772277227723,
                "recall": 0.8826770864642821,
                "f1-score": 0.8774463423136298,
                "support": 9981
            },
            "accuracy": 0.8765302026891431,
            "macro avg": {
                "precision": 0.8765881663430786,
                "recall": 0.8765209369614144,
                "f1-score": 0.8765233025827868,
                "support": 19932
            },
            "weighted avg": {
                "precision": 0.8765816778743546,
                "recall": 0.8765302026891431,
                "f1-score": 0.8765246918659456,
                "support": 19932
            },
            "cross-entropy": 0.2859149090964207,
            "roc-auc": 0.9498800106897912,
            "score": 0.8765302026891431
        }
    }
}
