{
    "function": "bin.tabr_design.main",
    "gpus": [
        "GeForce RTX 2080 Ti"
    ],
    "config": {
        "seed": 11,
        "batch_size": 256,
        "patience": 16,
        "n_epochs": Infinity,
        "context_size": 96,
        "data": {
            "seed": 0,
            "cache": true,
            "path": ":data/adult",
            "num_policy": "quantile",
            "cat_policy": "ordinal",
            "y_policy": null
        },
        "model": {
            "num_embeddings": null,
            "d_main": 264,
            "context_dropout": 0.30886763022553326,
            "d_multiplier": 2.0,
            "encoder_n_blocks": 0,
            "predictor_n_blocks": 1,
            "mixer_normalization": "auto",
            "dropout0": 0.3747598125161231,
            "dropout1": 0.0,
            "normalization": "LayerNorm",
            "activation": "ReLU",
            "dot_product": true,
            "use_Q": false,
            "use_V": true,
            "use_labels": true,
            "use_T": false,
            "self_attention": true,
            "scale_similarities": true
        },
        "optimizer": {
            "type": "AdamW",
            "lr": 4.379167883436999e-05,
            "weight_decay": 0.0
        }
    },
    "n_parameters": 450121,
    "prediction_type": "logits",
    "best_epoch": 38,
    "metrics": {
        "train": {
            "0": {
                "precision": 0.9029579402515723,
                "recall": 0.9293046776232617,
                "f1-score": 0.9159418845166596,
                "support": 19775
            },
            "1": {
                "precision": 0.754564606741573,
                "recall": 0.6851586162920452,
                "f1-score": 0.7181886540228924,
                "support": 6273
            },
            "accuracy": 0.8705082923832924,
            "macro avg": {
                "precision": 0.8287612734965726,
                "recall": 0.8072316469576535,
                "f1-score": 0.817065269269776,
                "support": 26048
            },
            "weighted avg": {
                "precision": 0.8672211703994445,
                "recall": 0.8705082923832924,
                "f1-score": 0.8683180356650241,
                "support": 26048
            },
            "cross-entropy": 0.28289316307062184,
            "roc-auc": 0.9270973890671457,
            "score": 0.8705082923832924
        },
        "val": {
            "0": {
                "precision": 0.8965313362238865,
                "recall": 0.9199191102123357,
                "f1-score": 0.9080746581495158,
                "support": 4945
            },
            "1": {
                "precision": 0.7248088950660181,
                "recall": 0.6651785714285714,
                "f1-score": 0.6937146657798471,
                "support": 1568
            },
            "accuracy": 0.8585905112851221,
            "macro avg": {
                "precision": 0.8106701156449523,
                "recall": 0.7925488408204535,
                "f1-score": 0.8008946619646815,
                "support": 6513
            },
            "weighted avg": {
                "precision": 0.8551892837541277,
                "recall": 0.8585905112851221,
                "f1-score": 0.8564676463215347,
                "support": 6513
            },
            "cross-entropy": 0.3038784428266444,
            "roc-auc": 0.9157290140525371,
            "score": 0.8585905112851221
        },
        "test": {
            "0": {
                "precision": 0.8940542229861708,
                "recall": 0.9202251708886209,
                "f1-score": 0.9069509392090038,
                "support": 12435
            },
            "1": {
                "precision": 0.7151062607696727,
                "recall": 0.6474258970358814,
                "f1-score": 0.6795851528384279,
                "support": 3846
            },
            "accuracy": 0.8557828143234445,
            "macro avg": {
                "precision": 0.8045802418779218,
                "recall": 0.7838255339622511,
                "f1-score": 0.7932680460237158,
                "support": 16281
            },
            "weighted avg": {
                "precision": 0.8517820122690986,
                "recall": 0.8557828143234445,
                "f1-score": 0.8532411661986706,
                "support": 16281
            },
            "cross-entropy": 0.30923905460223583,
            "roc-auc": 0.9114026008567484,
            "score": 0.8557828143234445
        }
    },
    "time": "0:01:02",
    "chunk_size": null,
    "eval_batch_size": 8192
}