{
    "function": "bin.tabr.main",
    "gpus": [
        "A100-SXM-80GB"
    ],
    "config": {
        "seed": 4,
        "batch_size": 256,
        "patience": 16,
        "n_epochs": Infinity,
        "context_size": 96,
        "data": {
            "seed": 0,
            "cache": true,
            "path": ":data/regression-cat-medium-0-Bike_Sharing_Demand",
            "num_policy": "quantile",
            "cat_policy": "ordinal",
            "y_policy": "standard"
        },
        "model": {
            "num_embeddings": null,
            "d_main": 317,
            "context_dropout": 0.5622674835507668,
            "d_multiplier": 2.0,
            "encoder_n_blocks": 0,
            "predictor_n_blocks": 1,
            "mixer_normalization": "auto",
            "dropout0": 0.19514277731332633,
            "dropout1": 0.0,
            "normalization": "LayerNorm",
            "activation": "ReLU"
        },
        "optimizer": {
            "type": "AdamW",
            "lr": 0.0006035160689589649,
            "weight_decay": 0.0
        }
    },
    "n_parameters": 914229,
    "prediction_type": null,
    "best_epoch": 53,
    "metrics": {
        "train": {
            "rmse": 36.72745316470365,
            "mae": 24.009580252554315,
            "r2": 0.9588835570773052,
            "score": -36.72745316470365
        },
        "val": {
            "rmse": 46.218639905393616,
            "mae": 28.49330994012871,
            "r2": 0.9337065146476505,
            "score": -46.218639905393616
        },
        "test": {
            "rmse": 43.597936913437,
            "mae": 27.753594607158448,
            "r2": 0.9430257776830734,
            "score": -43.597936913437
        }
    },
    "time": "0:01:06",
    "chunk_size": null,
    "eval_batch_size": 32768
}