{
    "function": "bin.ffn.main",
    "environment": {
        "CUDA_VISIBLE_DEVICES": "1",
        "gpus": {
            "driver": "460.80",
            "devices": [
                {
                    "name": "GeForce RTX 2080 Ti",
                    "memory_total": 11554717696,
                    "memory_free": 3193372672,
                    "memory_used": 8361345024,
                    "utilization": 98
                },
                {
                    "name": "GeForce RTX 2080 Ti",
                    "memory_total": 11552096256,
                    "memory_free": 9742254080,
                    "memory_used": 1809842176,
                    "utilization": 22
                }
            ]
        },
        "torch.version.cuda": "11.1",
        "torch.backends.cudnn.version()": 8005,
        "torch.cuda.nccl.version()": [
            2,
            10,
            3
        ]
    },
    "config": {
        "seed": 10,
        "batch_size": 256,
        "patience": 16,
        "n_epochs": Infinity,
        "data": {
            "seed": 0,
            "cache": true,
            "path": ":data/regression-num-medium-1-fifa",
            "num_policy": "quantile",
            "cat_policy": null,
            "y_policy": "standard"
        },
        "optimizer": {
            "type": "AdamW",
            "lr": 7.228490738462477e-05,
            "weight_decay": 1.722039032045513e-05
        },
        "model": {
            "backbone": {
                "type": "MLP",
                "n_blocks": 1,
                "d_layer": 106,
                "dropout": 0.44067805871152216,
                "activation": "ReLU"
            },
            "num_embeddings": {
                "type": "PLREmbeddings",
                "n_frequencies": 88,
                "frequency_scale": 3.8700822549975804,
                "d_embedding": 49,
                "lite": true
            }
        }
    },
    "n_parameters": 35296,
    "prediction_type": null,
    "best_epoch": 127,
    "metrics": {
        "train": {
            "rmse": 0.7169193198576406,
            "mae": 0.5392765287127972,
            "r2": 0.7269992641643725,
            "score": -0.7169193198576406
        },
        "val": {
            "rmse": 0.7534737000185758,
            "mae": 0.5633864587254251,
            "r2": 0.6941160497997869,
            "score": -0.7534737000185758
        },
        "test": {
            "rmse": 0.7816184385959024,
            "mae": 0.5817017044566768,
            "r2": 0.6587816513734129,
            "score": -0.7816184385959024
        }
    },
    "time": "0:00:11",
    "chunk_size": null,
    "eval_batch_size": 32768
}
