{
    "function": "bin.tabr_design.main",
    "gpus": [
        "A100-SXM-80GB"
    ],
    "config": {
        "seed": 6,
        "batch_size": 1024,
        "patience": 16,
        "n_epochs": Infinity,
        "context_size": 96,
        "data": {
            "seed": 0,
            "cache": true,
            "path": ":data/weather-small",
            "num_policy": "quantile",
            "cat_policy": null,
            "y_policy": "standard"
        },
        "model": {
            "num_embeddings": null,
            "d_main": 347,
            "context_dropout": 0.5226124413274065,
            "d_multiplier": 2.0,
            "encoder_n_blocks": 0,
            "predictor_n_blocks": 1,
            "mixer_normalization": "auto",
            "dropout0": 0.5947644661704089,
            "dropout1": 0.0,
            "normalization": "LayerNorm",
            "activation": "ReLU",
            "dot_product": false,
            "use_Q": true,
            "use_V": true,
            "use_labels": false,
            "use_T": false,
            "self_attention": true,
            "scale_similarities": true
        },
        "optimizer": {
            "type": "AdamW",
            "lr": 0.0004068983206146525,
            "weight_decay": 0.0
        }
    },
    "n_parameters": 888321,
    "prediction_type": null,
    "best_epoch": 65,
    "metrics": {
        "train": {
            "rmse": 1.6343775541480101,
            "mae": 1.233687898522227,
            "r2": 0.9746677672549302,
            "score": -1.6343775541480101
        },
        "val": {
            "rmse": 1.9005106387859088,
            "mae": 1.4163203800218156,
            "r2": 0.9657277320222668,
            "score": -1.9005106387859088
        },
        "test": {
            "rmse": 1.9073001881198886,
            "mae": 1.4174496352954264,
            "r2": 0.9655751308838892,
            "score": -1.9073001881198886
        }
    },
    "time": "0:26:03",
    "chunk_size": null,
    "eval_batch_size": 32768
}