{
    "function": "bin.xgboost_.main",
    "gpus": [
        "NVIDIA GeForce RTX 2080 Ti"
    ],
    "config": {
        "seed": 14,
        "data": {
            "seed": 0,
            "num_policy": null,
            "cache": true,
            "path": ":data/regression-cat-medium-0-Brazilian_houses",
            "cat_policy": "one-hot",
            "y_policy": "standard"
        },
        "model": {
            "booster": "gbtree",
            "n_estimators": 4000,
            "n_jobs": 1,
            "tree_method": "gpu_hist",
            "use_label_encoder": false,
            "colsample_bytree": 0.5742596687913095,
            "gamma": 0,
            "lambda": 9.844484855752736,
            "learning_rate": 0.04373703713773502,
            "max_depth": 3,
            "min_child_weight": 0.0005872319064338965,
            "subsample": 0.7842965677206011
        },
        "fit": {
            "early_stopping_rounds": 200,
            "verbose": true
        },
        "neighbors": null
    },
    "prediction_type": null,
    "time": "0:00:05",
    "best_iteration": 3976,
    "metrics": {
        "train": {
            "rmse": 0.013969708433422823,
            "mae": 0.010143734618194677,
            "r2": 0.9996968647949317,
            "score": -0.013969708433422823
        },
        "val": {
            "rmse": 0.09005009284615147,
            "mae": 0.017478881571475813,
            "r2": 0.9874341566463012,
            "score": -0.09005009284615147
        },
        "test": {
            "rmse": 0.031948034334168894,
            "mae": 0.01435267733046841,
            "r2": 0.9983300633612423,
            "score": -0.031948034334168894
        }
    }
}
