{
    "function": "bin.ensemble.main",
    "config": {
        "seeds": [
            0,
            1,
            2,
            3,
            4
        ]
    },
    "single_model_function": "bin.tabr.main",
    "data": ":data/classif-cat-large-0-covertype",
    "prediction_type": "probs",
    "metrics": {
        "train": {
            "0": {
                "precision": 0.9654129882694401,
                "recall": 0.9617299815275882,
                "f1-score": 0.9635679655595566,
                "support": 24902
            },
            "1": {
                "precision": 0.9621720319136268,
                "recall": 0.9658140090843892,
                "f1-score": 0.9639895806406713,
                "support": 25098
            },
            "accuracy": 0.96378,
            "macro avg": {
                "precision": 0.9637925100915334,
                "recall": 0.9637719953059887,
                "f1-score": 0.963778773100114,
                "support": 50000
            },
            "weighted avg": {
                "precision": 0.963786157817076,
                "recall": 0.96378,
                "f1-score": 0.9637795994656729,
                "support": 50000
            },
            "cross-entropy": 0.09025819293682802,
            "roc-auc": 0.9951868316389296,
            "score": 0.96378
        },
        "val": {
            "0": {
                "precision": 0.9596596154618071,
                "recall": 0.9552501198657504,
                "f1-score": 0.9574497907530887,
                "support": 25028
            },
            "1": {
                "precision": 0.9553553633355921,
                "recall": 0.9597549255165786,
                "f1-score": 0.9575500908927466,
                "support": 24972
            },
            "accuracy": 0.9575,
            "macro avg": {
                "precision": 0.9575074893986997,
                "recall": 0.9575025226911644,
                "f1-score": 0.9574999408229177,
                "support": 50000
            },
            "weighted avg": {
                "precision": 0.9575098997798902,
                "recall": 0.9575,
                "f1-score": 0.9574998846548394,
                "support": 50000
            },
            "cross-entropy": 0.11104742811012795,
            "roc-auc": 0.9923448791974165,
            "score": 0.9575
        },
        "test": {
            "0": {
                "precision": 0.95953366226325,
                "recall": 0.9577045274027005,
                "f1-score": 0.9586182222928923,
                "support": 25180
            },
            "1": {
                "precision": 0.9571738780762425,
                "recall": 0.9590249798549557,
                "f1-score": 0.958098534857511,
                "support": 24820
            },
            "accuracy": 0.95836,
            "macro avg": {
                "precision": 0.9583537701697462,
                "recall": 0.9583647536288281,
                "f1-score": 0.9583583785752017,
                "support": 50000
            },
            "weighted avg": {
                "precision": 0.9583622653928195,
                "recall": 0.95836,
                "f1-score": 0.958360249449969,
                "support": 50000
            },
            "cross-entropy": 0.10844853510855373,
            "roc-auc": 0.9926479420693171,
            "score": 0.95836
        }
    }
}