{
    "function": "bin.ensemble.main",
    "config": {
        "seeds": [
            10,
            11,
            12,
            13,
            14
        ]
    },
    "single_model_function": "bin.tabr.main",
    "data": ":data/regression-cat-medium-0-Bike_Sharing_Demand",
    "prediction_type": null,
    "metrics": {
        "train": {
            "rmse": 34.41306948463513,
            "mae": 22.538291124549005,
            "r2": 0.9639022016634807,
            "score": -34.41306948463513
        },
        "val": {
            "rmse": 44.254665902254075,
            "mae": 27.290189549712068,
            "r2": 0.9392208440256787,
            "score": -44.254665902254075
        },
        "test": {
            "rmse": 42.13057611294427,
            "mae": 26.521692065062325,
            "r2": 0.9467963641222442,
            "score": -42.13057611294427
        }
    }
}