{
    "function": "bin.tabr_scaling.main",
    "gpus": [
        "NVIDIA A100-SXM4-80GB"
    ],
    "config": {
        "seed": 12,
        "batch_size": 256,
        "patience": 16,
        "n_epochs": Infinity,
        "context_size": 96,
        "freeze_contexts_after_n_epochs": 1,
        "data": {
            "seed": 0,
            "cache": true,
            "path": ":data/california",
            "num_policy": "quantile",
            "cat_policy": null,
            "y_policy": "standard"
        },
        "model": {
            "num_embeddings": null,
            "d_main": 265,
            "mixer_dropout": 0.38920071545944357,
            "d_multiplier": 2.0,
            "encoder_n_blocks": 0,
            "predictor_n_blocks": 1,
            "mixer_normalization": "auto",
            "dropout0": 0.38852797479169876,
            "dropout1": 0.0,
            "normalization": "LayerNorm",
            "activation": "ReLU"
        },
        "optimizer": {
            "type": "AdamW",
            "lr": 0.0003121273641315169,
            "weight_decay": 1.2260352006404615e-06
        }
    },
    "n_parameters": 637856,
    "prediction_type": null,
    "best_epoch": 61,
    "metrics": {
        "train": {
            "rmse": 0.36176482882848776,
            "mae": 0.24136034568661202,
            "r2": 0.902838360957827,
            "score": -0.36176482882848776
        },
        "val": {
            "rmse": 0.4220626901846088,
            "mae": 0.26621386236618605,
            "r2": 0.8633782878945053,
            "score": -0.4220626901846088
        },
        "test": {
            "rmse": 0.4122879294245054,
            "mae": 0.2655927259259627,
            "r2": 0.8696416932696917,
            "score": -0.4122879294245054
        }
    },
    "time": "0:00:32",
    "chunk_size": null,
    "eval_batch_size": 32768
}