{
    "function": "bin.ffn.main",
    "gpus": [
        "A100-SXM-80GB"
    ],
    "config": {
        "seed": 11,
        "batch_size": 32,
        "patience": 16,
        "n_epochs": Infinity,
        "data": {
            "seed": 0,
            "cache": true,
            "path": ":data/classif-num-medium-3-wine",
            "num_policy": "quantile",
            "cat_policy": null,
            "y_policy": null
        },
        "optimizer": {
            "type": "AdamW",
            "lr": 8.374496868436811e-05,
            "weight_decay": 0.0
        },
        "model": {
            "backbone": {
                "type": "MLP",
                "n_blocks": 4,
                "d_layer": 201,
                "dropout": 0.0,
                "activation": "ReLU"
            },
            "num_embeddings": {
                "type": "PLREmbeddings",
                "n_frequencies": 49,
                "frequency_scale": 0.11434638743472199,
                "d_embedding": 53,
                "lite": false
            }
        }
    },
    "n_parameters": 297648,
    "prediction_type": "logits",
    "best_epoch": 15,
    "metrics": {
        "train": {
            "0": {
                "precision": 0.8417874396135265,
                "recall": 0.7735849056603774,
                "f1-score": 0.8062463851937537,
                "support": 901
            },
            "1": {
                "precision": 0.7872784150156413,
                "recall": 0.8521444695259593,
                "f1-score": 0.8184281842818429,
                "support": 886
            },
            "accuracy": 0.812534974818131,
            "macro avg": {
                "precision": 0.8145329273145839,
                "recall": 0.8128646875931684,
                "f1-score": 0.8123372847377983,
                "support": 1787
            },
            "weighted avg": {
                "precision": 0.8147617005012007,
                "recall": 0.812534974818131,
                "f1-score": 0.8122861579928846,
                "support": 1787
            },
            "cross-entropy": 0.41722678942388075,
            "roc-auc": 0.886603297565033,
            "score": 0.812534974818131
        },
        "val": {
            "0": {
                "precision": 0.81,
                "recall": 0.7168141592920354,
                "f1-score": 0.7605633802816901,
                "support": 113
            },
            "1": {
                "precision": 0.7538461538461538,
                "recall": 0.8376068376068376,
                "f1-score": 0.7935222672064777,
                "support": 117
            },
            "accuracy": 0.7782608695652173,
            "macro avg": {
                "precision": 0.7819230769230769,
                "recall": 0.7772104984494366,
                "f1-score": 0.7770428237440838,
                "support": 230
            },
            "weighted avg": {
                "precision": 0.7814347826086957,
                "recall": 0.7782608695652173,
                "f1-score": 0.7773294227608213,
                "support": 230
            },
            "cross-entropy": 0.5218908197886196,
            "roc-auc": 0.8225550260948491,
            "score": 0.7782608695652173
        },
        "test": {
            "0": {
                "precision": 0.7735042735042735,
                "recall": 0.688212927756654,
                "f1-score": 0.7283702213279678,
                "support": 263
            },
            "1": {
                "precision": 0.7293729372937293,
                "recall": 0.8065693430656934,
                "f1-score": 0.7660311958405546,
                "support": 274
            },
            "accuracy": 0.7486033519553073,
            "macro avg": {
                "precision": 0.7514386053990014,
                "recall": 0.7473911354111737,
                "f1-score": 0.7472007085842611,
                "support": 537
            },
            "weighted avg": {
                "precision": 0.7509866084731951,
                "recall": 0.7486033519553073,
                "f1-score": 0.7475864355112989,
                "support": 537
            },
            "cross-entropy": 0.5031788612733805,
            "roc-auc": 0.8373761483167274,
            "score": 0.7486033519553073
        }
    },
    "time": "0:00:06",
    "chunk_size": null,
    "eval_batch_size": 32768
}
