{
    "function": "bin.tabr.main",
    "gpus": [
        "NVIDIA A100-SXM4-80GB"
    ],
    "config": {
        "seed": 9,
        "batch_size": 256,
        "patience": 16,
        "n_epochs": Infinity,
        "context_size": 96,
        "data": {
            "seed": 0,
            "cache": true,
            "path": ":data/regression-num-medium-0-houses",
            "num_policy": "quantile",
            "cat_policy": null,
            "y_policy": "standard"
        },
        "model": {
            "num_embeddings": null,
            "d_main": 265,
            "mixer_dropout": 0.38920071545944357,
            "d_multiplier": 2.0,
            "encoder_n_blocks": 0,
            "predictor_n_blocks": 1,
            "mixer_normalization": "auto",
            "dropout0": 0.38852797479169876,
            "dropout1": 0.0,
            "normalization": "LayerNorm",
            "activation": "ReLU"
        },
        "optimizer": {
            "type": "AdamW",
            "lr": 0.0003121273641315169,
            "weight_decay": 1.2260352006404615e-06
        }
    },
    "n_parameters": 637856,
    "prediction_type": null,
    "best_epoch": 84,
    "metrics": {
        "train": {
            "rmse": 0.17471380364163006,
            "mae": 0.11996676908286474,
            "r2": 0.9049020346888761,
            "score": -0.17471380364163006
        },
        "val": {
            "rmse": 0.21282277781867254,
            "mae": 0.13811935863805402,
            "r2": 0.865072732221646,
            "score": -0.21282277781867254
        },
        "test": {
            "rmse": 0.19898033391936193,
            "mae": 0.13414064572861406,
            "r2": 0.8773205554569551,
            "score": -0.19898033391936193
        }
    },
    "time": "0:01:21",
    "chunk_size": null,
    "eval_batch_size": 32768
}