{
    "function": "bin.tabr.main",
    "gpus": [
        "A100-SXM-80GB"
    ],
    "config": {
        "seed": 12,
        "batch_size": 256,
        "patience": 16,
        "n_epochs": Infinity,
        "context_size": 96,
        "data": {
            "seed": 0,
            "cache": true,
            "path": ":data/classif-num-medium-0-bank-marketing",
            "num_policy": "quantile",
            "cat_policy": null,
            "y_policy": null
        },
        "model": {
            "num_embeddings": null,
            "d_main": 162,
            "context_dropout": 0.5275128937162138,
            "d_multiplier": 2.0,
            "encoder_n_blocks": 0,
            "predictor_n_blocks": 1,
            "mixer_normalization": "auto",
            "dropout0": 0.40799267135620204,
            "dropout1": 0.0,
            "normalization": "LayerNorm",
            "activation": "ReLU"
        },
        "optimizer": {
            "type": "AdamW",
            "lr": 0.00022107365032972759,
            "weight_decay": 0.0
        }
    },
    "n_parameters": 239599,
    "prediction_type": "logits",
    "best_epoch": 8,
    "metrics": {
        "train": {
            "0": {
                "precision": 0.8157241379310345,
                "recall": 0.7923365487674169,
                "f1-score": 0.8038602691314394,
                "support": 3732
            },
            "1": {
                "precision": 0.7949192908176766,
                "recall": 0.818082788671024,
                "f1-score": 0.806334720171789,
                "support": 3672
            },
            "accuracy": 0.8051053484602917,
            "macro avg": {
                "precision": 0.8053217143743556,
                "recall": 0.8052096687192205,
                "f1-score": 0.8050974946516142,
                "support": 7404
            },
            "weighted avg": {
                "precision": 0.8054060127824323,
                "recall": 0.8051053484602917,
                "f1-score": 0.8050874685128769,
                "support": 7404
            },
            "cross-entropy": 0.43126879855421774,
            "roc-auc": 0.8823490006935251,
            "score": 0.8051053484602917
        },
        "val": {
            "0": {
                "precision": 0.8317972350230415,
                "recall": 0.7916666666666666,
                "f1-score": 0.8112359550561798,
                "support": 456
            },
            "1": {
                "precision": 0.8166023166023166,
                "recall": 0.8528225806451613,
                "f1-score": 0.8343195266272189,
                "support": 496
            },
            "accuracy": 0.8235294117647058,
            "macro avg": {
                "precision": 0.8241997758126791,
                "recall": 0.822244623655914,
                "f1-score": 0.8227777408416994,
                "support": 952
            },
            "weighted avg": {
                "precision": 0.8238805548374537,
                "recall": 0.8235294117647058,
                "f1-score": 0.8232626898242842,
                "support": 952
            },
            "cross-entropy": 0.410416470999014,
            "roc-auc": 0.8921680461233729,
            "score": 0.8235294117647058
        },
        "test": {
            "0": {
                "precision": 0.7973214285714286,
                "recall": 0.8110808356039964,
                "f1-score": 0.8041422782530392,
                "support": 1101
            },
            "1": {
                "precision": 0.8112522686025408,
                "recall": 0.7975022301516503,
                "f1-score": 0.8043184885290149,
                "support": 1121
            },
            "accuracy": 0.8042304230423042,
            "macro avg": {
                "precision": 0.8042868485869847,
                "recall": 0.8042915328778233,
                "f1-score": 0.804230383391027,
                "support": 2222
            },
            "weighted avg": {
                "precision": 0.8043495436366297,
                "recall": 0.8042304230423042,
                "f1-score": 0.8042311764165715,
                "support": 2222
            },
            "cross-entropy": 0.4410178444255622,
            "roc-auc": 0.8776661554130094,
            "score": 0.8042304230423042
        }
    },
    "time": "0:00:07",
    "chunk_size": null,
    "eval_batch_size": 32768
}