{
    "function": "bin.tabr_scaling.main",
    "gpus": [
        "A100-SXM-80GB"
    ],
    "config": {
        "seed": 0,
        "batch_size": 512,
        "patience": 16,
        "n_epochs": Infinity,
        "context_size": 96,
        "freeze_contexts_after_n_epochs": 5,
        "data": {
            "seed": 0,
            "cache": true,
            "path": ":data/higgs-small",
            "num_policy": "quantile",
            "cat_policy": null,
            "y_policy": null
        },
        "model": {
            "num_embeddings": null,
            "d_main": 265,
            "mixer_dropout": 0.38920071545944357,
            "d_multiplier": 2.0,
            "encoder_n_blocks": 0,
            "predictor_n_blocks": 1,
            "mixer_normalization": "auto",
            "dropout0": 0.38852797479169876,
            "dropout1": 0.0,
            "normalization": "LayerNorm",
            "activation": "ReLU"
        },
        "optimizer": {
            "type": "AdamW",
            "lr": 0.0003121273641315169,
            "weight_decay": 1.2260352006404615e-06
        }
    },
    "n_parameters": 643156,
    "prediction_type": "logits",
    "best_epoch": 10,
    "metrics": {
        "train": {
            "0": {
                "precision": 0.727866204529394,
                "recall": 0.7311878845243729,
                "f1-score": 0.7295232634614411,
                "support": 29582
            },
            "1": {
                "precision": 0.7592783193073803,
                "recall": 0.7561880068738883,
                "f1-score": 0.7577300122350952,
                "support": 33169
            },
            "accuracy": 0.7444024796417587,
            "macro avg": {
                "precision": 0.7435722619183871,
                "recall": 0.7436879456991305,
                "f1-score": 0.7436266378482681,
                "support": 62751
            },
            "weighted avg": {
                "precision": 0.7444700584133325,
                "recall": 0.7444024796417587,
                "f1-score": 0.7444328210792214,
                "support": 62751
            },
            "cross-entropy": 0.5088544653079201,
            "roc-auc": 0.8262143183282536,
            "score": 0.7444024796417587
        },
        "val": {
            "0": {
                "precision": 0.715648327343102,
                "recall": 0.699972958355868,
                "f1-score": 0.7077238550922762,
                "support": 7396
            },
            "1": {
                "precision": 0.7375207002602319,
                "recall": 0.7519295706705258,
                "f1-score": 0.7446554401050998,
                "support": 8292
            },
            "accuracy": 0.7274349821519633,
            "macro avg": {
                "precision": 0.7265845138016669,
                "recall": 0.7259512645131969,
                "f1-score": 0.726189647598688,
                "support": 15688
            },
            "weighted avg": {
                "precision": 0.7272091200654912,
                "recall": 0.7274349821519633,
                "f1-score": 0.7272442976551481,
                "support": 15688
            },
            "cross-entropy": 0.5335905893756301,
            "roc-auc": 0.8045681349640241,
            "score": 0.7274349821519633
        },
        "test": {
            "0": {
                "precision": 0.7010680034873583,
                "recall": 0.6958355868036776,
                "f1-score": 0.6984419955485587,
                "support": 9245
            },
            "1": {
                "precision": 0.7304964539007093,
                "recall": 0.7353593825373854,
                "f1-score": 0.7329198519159575,
                "support": 10365
            },
            "accuracy": 0.7167261601223865,
            "macro avg": {
                "precision": 0.7157822286940339,
                "recall": 0.7155974846705315,
                "f1-score": 0.7156809237322581,
                "support": 19610
            },
            "weighted avg": {
                "precision": 0.7166226127955879,
                "recall": 0.7167261601223865,
                "f1-score": 0.7166655030063909,
                "support": 19610
            },
            "cross-entropy": 0.5440517415834464,
            "roc-auc": 0.7957104569111686,
            "score": 0.7167261601223865
        }
    },
    "time": "0:00:59",
    "chunk_size": null,
    "eval_batch_size": 32768
}