{
    "function": "bin.xgboost_.main",
    "gpus": [
        "GeForce RTX 2080 Ti"
    ],
    "config": {
        "seed": 13,
        "data": {
            "seed": 0,
            "num_policy": null,
            "cache": true,
            "path": ":data/microsoft",
            "cat_policy": null,
            "y_policy": "standard"
        },
        "neighbors": {
            "k": 96,
            "path": ":data/_exp/neighbors/microsoft/raw"
        },
        "model": {
            "booster": "gbtree",
            "n_estimators": 4000,
            "n_jobs": 1,
            "tree_method": "gpu_hist",
            "use_label_encoder": false,
            "colsample_bytree": 0.5173005000299882,
            "gamma": 0,
            "lambda": 8.04352358627984,
            "learning_rate": 0.008788017325996848,
            "max_depth": 11,
            "min_child_weight": 0.014898255786649996,
            "subsample": 0.7526280884110077
        },
        "fit": {
            "early_stopping_rounds": 200,
            "verbose": true
        }
    },
    "prediction_type": null,
    "time": "0:04:09",
    "best_iteration": 3843,
    "metrics": {
        "train": {
            "rmse": 0.5352018837914136,
            "mae": 0.4157602621022818,
            "r2": 0.5762032137313204,
            "score": -0.5352018837914136
        },
        "val": {
            "rmse": 0.7398600020684963,
            "mae": 0.5779873324095703,
            "r2": 0.20546984768238064,
            "score": -0.7398600020684963
        },
        "test": {
            "rmse": 0.7433682856923193,
            "mae": 0.578186968934034,
            "r2": 0.20310559552789886,
            "score": -0.7433682856923193
        }
    }
}
