{
    "function": "bin.tabr_scaling.main",
    "gpus": [
        "NVIDIA A100-SXM4-80GB"
    ],
    "config": {
        "seed": 2,
        "batch_size": 512,
        "patience": 16,
        "n_epochs": Infinity,
        "context_size": 96,
        "freeze_contexts_after_n_epochs": 8,
        "data": {
            "seed": 0,
            "cache": true,
            "path": ":data/otto",
            "num_policy": null,
            "cat_policy": null,
            "y_policy": null
        },
        "model": {
            "num_embeddings": null,
            "d_main": 265,
            "mixer_dropout": 0.38920071545944357,
            "d_multiplier": 2.0,
            "encoder_n_blocks": 0,
            "predictor_n_blocks": 1,
            "mixer_normalization": "auto",
            "dropout0": 0.38852797479169876,
            "dropout1": 0.0,
            "normalization": "LayerNorm",
            "activation": "ReLU"
        },
        "optimizer": {
            "type": "AdamW",
            "lr": 0.0003121273641315169,
            "weight_decay": 1.2260352006404615e-06
        }
    },
    "n_parameters": 664364,
    "prediction_type": "logits",
    "best_epoch": 26,
    "metrics": {
        "train": {
            "0": {
                "precision": 0.913913913913914,
                "recall": 0.7392712550607288,
                "f1-score": 0.8173679498657117,
                "support": 1235
            },
            "1": {
                "precision": 0.830885087393083,
                "recall": 0.8661562318278736,
                "f1-score": 0.848154123564582,
                "support": 10318
            },
            "2": {
                "precision": 0.6972386587771203,
                "recall": 0.6901600937133932,
                "f1-score": 0.6936813186813187,
                "support": 5122
            },
            "3": {
                "precision": 0.8487394957983193,
                "recall": 0.7038327526132404,
                "f1-score": 0.7695238095238095,
                "support": 1722
            },
            "4": {
                "precision": 0.9835507657402155,
                "recall": 0.9891614375356532,
                "f1-score": 0.9863481228668943,
                "support": 1753
            },
            "5": {
                "precision": 0.9739913304434812,
                "recall": 0.9687154543444616,
                "f1-score": 0.9713462284542481,
                "support": 9046
            },
            "6": {
                "precision": 0.8424507658643327,
                "recall": 0.8475509080902587,
                "f1-score": 0.8449931412894377,
                "support": 1817
            },
            "7": {
                "precision": 0.9431715677430994,
                "recall": 0.9651098393944988,
                "f1-score": 0.954014598540146,
                "support": 5417
            },
            "8": {
                "precision": 0.9238420889027044,
                "recall": 0.9372437716808578,
                "f1-score": 0.9304946775203505,
                "support": 3171
            },
            "accuracy": 0.8796242519128304,
            "macro avg": {
                "precision": 0.88419818606403,
                "recall": 0.8563557493623296,
                "f1-score": 0.868435996700722,
                "support": 39601
            },
            "weighted avg": {
                "precision": 0.8797461829981894,
                "recall": 0.8796242519128304,
                "f1-score": 0.8789821939275254,
                "support": 39601
            },
            "cross-entropy": 0.31140399176449046,
            "score": 0.8796242519128304
        },
        "val": {
            "0": {
                "precision": 0.6385542168674698,
                "recall": 0.5162337662337663,
                "f1-score": 0.570915619389587,
                "support": 308
            },
            "1": {
                "precision": 0.7711461003295497,
                "recall": 0.8162790697674419,
                "f1-score": 0.7930709847486349,
                "support": 2580
            },
            "2": {
                "precision": 0.6163166397415186,
                "recall": 0.5956284153005464,
                "f1-score": 0.6057959507741166,
                "support": 1281
            },
            "3": {
                "precision": 0.692090395480226,
                "recall": 0.568445475638051,
                "f1-score": 0.624203821656051,
                "support": 431
            },
            "4": {
                "precision": 0.9704545454545455,
                "recall": 0.9748858447488584,
                "f1-score": 0.9726651480637812,
                "support": 438
            },
            "5": {
                "precision": 0.9569941149841558,
                "recall": 0.9345711759504863,
                "f1-score": 0.9456497427868487,
                "support": 2262
            },
            "6": {
                "precision": 0.7494505494505495,
                "recall": 0.751101321585903,
                "f1-score": 0.7502750275027502,
                "support": 454
            },
            "7": {
                "precision": 0.9070262597586941,
                "recall": 0.9438700147710487,
                "f1-score": 0.9250814332247557,
                "support": 1354
            },
            "8": {
                "precision": 0.8639705882352942,
                "recall": 0.8890290037831021,
                "f1-score": 0.8763206960845246,
                "support": 793
            },
            "accuracy": 0.821937178062822,
            "macro avg": {
                "precision": 0.796222601144667,
                "recall": 0.7766715653088005,
                "f1-score": 0.7848864915812278,
                "support": 9901
            },
            "weighted avg": {
                "precision": 0.8198461543524839,
                "recall": 0.821937178062822,
                "f1-score": 0.8201410059188219,
                "support": 9901
            },
            "cross-entropy": 0.49304460030683084,
            "score": 0.821937178062822
        },
        "test": {
            "0": {
                "precision": 0.7162629757785467,
                "recall": 0.5362694300518135,
                "f1-score": 0.6133333333333334,
                "support": 386
            },
            "1": {
                "precision": 0.7758620689655172,
                "recall": 0.8095533498759305,
                "f1-score": 0.7923497267759564,
                "support": 3224
            },
            "2": {
                "precision": 0.5928525845564774,
                "recall": 0.580262336039975,
                "f1-score": 0.586489898989899,
                "support": 1601
            },
            "3": {
                "precision": 0.687089715536105,
                "recall": 0.5836431226765799,
                "f1-score": 0.6311557788944724,
                "support": 538
            },
            "4": {
                "precision": 0.9655797101449275,
                "recall": 0.9726277372262774,
                "f1-score": 0.9690909090909091,
                "support": 548
            },
            "5": {
                "precision": 0.9522613065326633,
                "recall": 0.9384506544039618,
                "f1-score": 0.9453055407090684,
                "support": 2827
            },
            "6": {
                "precision": 0.7209705372616985,
                "recall": 0.7323943661971831,
                "f1-score": 0.7266375545851528,
                "support": 568
            },
            "7": {
                "precision": 0.9094056549336411,
                "recall": 0.9308919078558772,
                "f1-score": 0.9200233508464684,
                "support": 1693
            },
            "8": {
                "precision": 0.8487155090390105,
                "recall": 0.900100908173562,
                "f1-score": 0.8736532810969637,