{
    "function": "bin.tabr_scaling.main",
    "gpus": [
        "NVIDIA A100-SXM4-80GB"
    ],
    "config": {
        "seed": 3,
        "batch_size": 512,
        "patience": 16,
        "n_epochs": Infinity,
        "context_size": 96,
        "freeze_contexts_after_n_epochs": 0,
        "data": {
            "seed": 0,
            "cache": true,
            "path": ":data/higgs-small",
            "num_policy": "quantile",
            "cat_policy": null,
            "y_policy": null
        },
        "model": {
            "num_embeddings": null,
            "d_main": 265,
            "mixer_dropout": 0.38920071545944357,
            "d_multiplier": 2.0,
            "encoder_n_blocks": 0,
            "predictor_n_blocks": 1,
            "mixer_normalization": "auto",
            "dropout0": 0.38852797479169876,
            "dropout1": 0.0,
            "normalization": "LayerNorm",
            "activation": "ReLU"
        },
        "optimizer": {
            "type": "AdamW",
            "lr": 0.0003121273641315169,
            "weight_decay": 1.2260352006404615e-06
        }
    },
    "n_parameters": 643156,
    "prediction_type": "logits",
    "best_epoch": 27,
    "metrics": {
        "train": {
            "0": {
                "precision": 0.7832843190647352,
                "recall": 0.7292948414576431,
                "f1-score": 0.7553260393873087,
                "support": 29582
            },
            "1": {
                "precision": 0.7725516927970916,
                "recall": 0.8200428110585185,
                "f1-score": 0.7955891600976936,
                "support": 33169
            },
            "accuracy": 0.7772625137448009,
            "macro avg": {
                "precision": 0.7779180059309134,
                "recall": 0.7746688262580808,
                "f1-score": 0.7754575997425012,
                "support": 62751
            },
            "weighted avg": {
                "precision": 0.7776112544016786,
                "recall": 0.7772625137448009,
                "f1-score": 0.7766083687660079,
                "support": 62751
            },
            "cross-entropy": 0.4582637174657189,
            "roc-auc": 0.8635727063569499,
            "score": 0.7772625137448009
        },
        "val": {
            "0": {
                "precision": 0.7337807606263982,
                "recall": 0.6652244456462953,
                "f1-score": 0.697822849443302,
                "support": 7396
            },
            "1": {
                "precision": 0.7243682511410442,
                "recall": 0.7847322720694645,
                "f1-score": 0.7533429811866859,
                "support": 8292
            },
            "accuracy": 0.7283911269760326,
            "macro avg": {
                "precision": 0.7290745058837211,
                "recall": 0.72497835885788,
                "f1-score": 0.725582915314994,
                "support": 15688
            },
            "weighted avg": {
                "precision": 0.7288057141799068,
                "recall": 0.7283911269760326,
                "f1-score": 0.7271683958747234,
                "support": 15688
            },
            "cross-entropy": 0.5431073489102559,
            "roc-auc": 0.8051642528770717,
            "score": 0.7283911269760326
        },
        "test": {
            "0": {
                "precision": 0.7171384940678962,
                "recall": 0.6603569497025419,
                "f1-score": 0.6875774298907534,
                "support": 9245
            },
            "1": {
                "precision": 0.7170406416148508,
                "recall": 0.7676796912686927,
                "f1-score": 0.7414965986394558,
                "support": 10365
            },
            "accuracy": 0.7170831208567058,
            "macro avg": {
                "precision": 0.7170895678413736,
                "recall": 0.7140183204856173,
                "f1-score": 0.7145370142651046,
                "support": 19610
            },
            "weighted avg": {
                "precision": 0.717086773482694,
                "recall": 0.7170831208567058,
                "f1-score": 0.7160767763507382,
                "support": 19610
            },
            "cross-entropy": 0.5505652614921623,
            "roc-auc": 0.7994560833524438,
            "score": 0.7170831208567058
        }
    },
    "time": "0:01:26",
    "chunk_size": null,
    "eval_batch_size": 32768
}