{
    "function": "bin.ensemble.main",
    "config": {
        "seeds": [
            10,
            11,
            12,
            13,
            14
        ]
    },
    "single_model_function": "bin.ft_transformer.main",
    "data": ":data/regression-num-medium-2-wine_quality",
    "prediction_type": null,
    "metrics": {
        "train": {
            "rmse": 0.6218989461361243,
            "mae": 0.48466325044477543,
            "r2": 0.49802755836919943,
            "score": -0.6218989461361243
        },
        "val": {
            "rmse": 0.6408951714674642,
            "mae": 0.507851009934317,
            "r2": 0.449974771944318,
            "score": -0.6408951714674642
        },
        "test": {
            "rmse": 0.6724578595321907,
            "mae": 0.5300031134338958,
            "r2": 0.38916298268143223,
            "score": -0.6724578595321907
        }
    }
}
