{
    "function": "bin.catboost_.main",
    "gpus": [
        "NVIDIA GeForce RTX 2080 Ti",
        "NVIDIA GeForce RTX 2080 Ti"
    ],
    "config": {
        "seed": 10,
        "data": {
            "seed": 0,
            "num_policy": null,
            "cat_policy": null,
            "cache": true,
            "path": ":data/classif-num-medium-2-phoneme",
            "y_policy": null
        },
        "model": {
            "iterations": 4000,
            "early_stopping_rounds": 3999,
            "thread_count": 4,
            "task_type": "CPU",
            "od_pval": 0.001
        },
        "fit": {
            "logging_level": "Verbose"
        }
    },
    "prediction_type": "probs",
    "time": "0:00:06",
    "best_iteration": 1236,
    "metrics": {
        "train": {
            "0": {
                "precision": 0.9832303618711385,
                "recall": 0.9763365468886941,
                "f1-score": 0.9797713280562885,
                "support": 1141
            },
            "1": {
                "precision": 0.9751609935602575,
                "recall": 0.9823911028730306,
                "f1-score": 0.9787626962142197,
                "support": 1079
            },
            "accuracy": 0.9792792792792793,
            "macro avg": {
                "precision": 0.979195677715698,
                "recall": 0.9793638248808623,
                "f1-score": 0.9792670121352541,
                "support": 2220
            },
            "weighted avg": {
                "precision": 0.9793083580840032,
                "recall": 0.9792792792792793,
                "f1-score": 0.9792810966339497,
                "support": 2220
            },
            "cross-entropy": 0.11265593343099994,
            "roc-auc": 0.9979287472819884,
            "score": 0.9792792792792793
        },
        "val": {
            "0": {
                "precision": 0.8740740740740741,
                "recall": 0.8613138686131386,
                "f1-score": 0.8676470588235293,
                "support": 137
            },
            "1": {
                "precision": 0.8733333333333333,
                "recall": 0.8851351351351351,
                "f1-score": 0.8791946308724832,
                "support": 148
            },
            "accuracy": 0.8736842105263158,
            "macro avg": {
                "precision": 0.8737037037037036,
                "recall": 0.8732245018741369,
                "f1-score": 0.8734208448480063,
                "support": 285
            },
            "weighted avg": {
                "precision": 0.8736894087069526,
                "recall": 0.8736842105263158,
                "f1-score": 0.8736436927296527,
                "support": 285
            },
            "cross-entropy": 0.2989153930773877,
            "roc-auc": 0.9459952653383311,
            "score": 0.8736842105263158
        },
        "test": {
            "0": {
                "precision": 0.8933333333333333,
                "recall": 0.8701298701298701,
                "f1-score": 0.881578947368421,
                "support": 308
            },
            "1": {
                "precision": 0.8910081743869209,
                "recall": 0.9108635097493036,
                "f1-score": 0.9008264462809917,
                "support": 359
            },
            "accuracy": 0.8920539730134932,
            "macro avg": {
                "precision": 0.8921707538601271,
                "recall": 0.8904966899395869,
                "f1-score": 0.8912026968247064,
                "support": 667
            },
            "weighted avg": {
                "precision": 0.8920818609768685,
                "recall": 0.8920539730134932,
                "f1-score": 0.8919385457336578,
                "support": 667
            },
            "cross-entropy": 0.2867755209189404,
            "roc-auc": 0.9509821654668451,
            "score": 0.8920539730134932
        }
    }
}
