{
    "function": "bin.tabr.main",
    "gpus": [
        "NVIDIA A100-SXM4-80GB"
    ],
    "config": {
        "seed": 6,
        "batch_size": 32,
        "patience": 16,
        "n_epochs": Infinity,
        "context_size": 96,
        "data": {
            "seed": 0,
            "cache": true,
            "path": ":data/classif-num-medium-0-wine",
            "num_policy": "quantile",
            "cat_policy": null,
            "y_policy": null
        },
        "model": {
            "num_embeddings": null,
            "d_main": 265,
            "mixer_dropout": 0.38920071545944357,
            "d_multiplier": 2.0,
            "encoder_n_blocks": 0,
            "predictor_n_blocks": 1,
            "mixer_normalization": "auto",
            "dropout0": 0.38852797479169876,
            "dropout1": 0.0,
            "normalization": "LayerNorm",
            "activation": "ReLU"
        },
        "optimizer": {
            "type": "AdamW",
            "lr": 0.0003121273641315169,
            "weight_decay": 1.2260352006404615e-06
        }
    },
    "n_parameters": 638651,
    "prediction_type": "logits",
    "best_epoch": 15,
    "metrics": {
        "train": {
            "0": {
                "precision": 0.8974042027194067,
                "recall": 0.8102678571428571,
                "f1-score": 0.8516129032258065,
                "support": 896
            },
            "1": {
                "precision": 0.8261758691206544,
                "recall": 0.9068462401795735,
                "f1-score": 0.864633493846977,
                "support": 891
            },
            "accuracy": 0.8584219362059318,
            "macro avg": {
                "precision": 0.8617900359200306,
                "recall": 0.8585570486612153,
                "f1-score": 0.8581231985363917,
                "support": 1787
            },
            "weighted avg": {
                "precision": 0.8618896838405661,
                "recall": 0.8584219362059318,
                "f1-score": 0.8581049828248345,
                "support": 1787
            },
            "cross-entropy": 0.3163164908452741,
            "roc-auc": 0.9413004048420717,
            "score": 0.8584219362059318
        },
        "val": {
            "0": {
                "precision": 0.8490566037735849,
                "recall": 0.8256880733944955,
                "f1-score": 0.8372093023255816,
                "support": 109
            },
            "1": {
                "precision": 0.8467741935483871,
                "recall": 0.8677685950413223,
                "f1-score": 0.8571428571428572,
                "support": 121
            },
            "accuracy": 0.8478260869565217,
            "macro avg": {
                "precision": 0.847915398660986,
                "recall": 0.8467283342179088,
                "f1-score": 0.8471760797342194,
                "support": 230
            },
            "weighted avg": {
                "precision": 0.8478558575246765,
                "recall": 0.8478260869565217,
                "f1-score": 0.8476960855120613,
                "support": 230
            },
            "cross-entropy": 0.3673395561463909,
            "roc-auc": 0.9191750701342029,
            "score": 0.8478260869565217
        },
        "test": {
            "0": {
                "precision": 0.8565217391304348,
                "recall": 0.7242647058823529,
                "f1-score": 0.7848605577689244,
                "support": 272
            },
            "1": {
                "precision": 0.755700325732899,
                "recall": 0.8754716981132076,
                "f1-score": 0.8111888111888111,
                "support": 265
            },
            "accuracy": 0.7988826815642458,
            "macro avg": {
                "precision": 0.8061110324316669,
                "recall": 0.7998682019977803,
                "f1-score": 0.7980246844788678,
                "support": 537
            },
            "weighted avg": {
                "precision": 0.8067681552377961,
                "recall": 0.7988826815642458,
                "f1-score": 0.7978530850617922,
                "support": 537
            },
            "cross-entropy": 0.4330981948107404,
            "roc-auc": 0.889414539400666,
            "score": 0.7988826815642458
        }
    },
    "time": "0:00:10",
    "chunk_size": null,
    "eval_batch_size": 32768
}