{
    "function": "bin.ft_transformer.main",
    "gpus": [
        "A100-SXM-80GB"
    ],
    "config": {
        "seed": 10,
        "batch_size": 256,
        "patience": 16,
        "n_epochs": Infinity,
        "data": {
            "seed": 0,
            "cache": true,
            "path": ":data/regression-cat-medium-1-Brazilian_houses",
            "num_policy": "quantile",
            "cat_policy": "ordinal",
            "y_policy": "standard"
        },
        "optimizer": {
            "type": "AdamW",
            "lr": 0.0007275843800232761,
            "weight_decay": 0.0
        },
        "model": {
            "d_token": 64,
            "n_blocks": 3,
            "attention_dropout": 0.3302000083099016,
            "ffn_d_hidden_factor": 0.9814315251490513,
            "ffn_dropout": 0.23799471852675463,
            "residual_dropout": 0.0
        }
    },
    "n_parameters": 88757,
    "prediction_type": null,
    "best_epoch": 88,
    "metrics": {
        "train": {
            "rmse": 0.04241422025197973,
            "mae": 0.010626441894819205,
            "r2": 0.9972178607916155,
            "score": -0.04241422025197973
        },
        "val": {
            "rmse": 0.02886420269092957,
            "mae": 0.010768618524085394,
            "r2": 0.998655044084593,
            "score": -0.02886420269092957
        },
        "test": {
            "rmse": 0.0366814861417418,
            "mae": 0.010081819161732009,
            "r2": 0.9978076457823176,
            "score": -0.0366814861417418
        }
    },
    "time": "0:00:41",
    "chunk_size": null,
    "eval_batch_size": 32768
}
