{
    "function": "bin.ffn.main",
    "gpus": [
        "A100-SXM4-40GB"
    ],
    "config": {
        "seed": 6,
        "batch_size": 512,
        "patience": 16,
        "n_epochs": Infinity,
        "data": {
            "seed": 0,
            "cache": true,
            "path": ":data/higgs-small",
            "num_policy": "quantile",
            "cat_policy": null,
            "y_policy": null
        },
        "optimizer": {
            "type": "AdamW",
            "lr": 0.0001955414318523446,
            "weight_decay": 4.231769236020369e-06
        },
        "model": {
            "backbone": {
                "type": "MLP",
                "n_blocks": 3,
                "d_layer": 159,
                "dropout": 0.44378403047978615,
                "activation": "ReLU"
            },
            "num_embeddings": {
                "type": "LREmbeddings",
                "d_embedding": 16
            }
        }
    },
    "n_parameters": 123327,
    "prediction_type": "logits",
    "best_epoch": 40,
    "metrics": {
        "train": {
            "0": {
                "precision": 0.7367349619122668,
                "recall": 0.7585017916300453,
                "f1-score": 0.7474599420367101,
                "support": 29582
            },
            "1": {
                "precision": 0.778789286267224,
                "recall": 0.758268262534294,
                "f1-score": 0.7683917878528657,
                "support": 33169
            },
            "accuracy": 0.7583783525362146,
            "macro avg": {
                "precision": 0.7577621240897454,
                "recall": 0.7583850270821697,
                "f1-score": 0.7579258649447879,
                "support": 62751
            },
            "weighted avg": {
                "precision": 0.7589640878947942,
                "recall": 0.7583783525362146,
                "f1-score": 0.7585241225896265,
                "support": 62751
            },
            "cross-entropy": 0.4932217249542251,
            "roc-auc": 0.840027038458141,
            "score": 0.7583783525362146
        },
        "val": {
            "0": {
                "precision": 0.7171689989235738,
                "recall": 0.72065981611682,
                "f1-score": 0.7189101699487457,
                "support": 7396
            },
            "1": {
                "precision": 0.7497577519379846,
                "recall": 0.746502653159672,
                "f1-score": 0.7481266618322456,
                "support": 8292
            },
            "accuracy": 0.7343192248852626,
            "macro avg": {
                "precision": 0.7334633754307791,
                "recall": 0.733581234638246,
                "f1-score": 0.7335184158904957,
                "support": 15688
            },
            "weighted avg": {
                "precision": 0.734394007847305,
                "recall": 0.7343192248852626,
                "f1-score": 0.734352747122253,
                "support": 15688
            },
            "cross-entropy": 0.5262886732087511,
            "roc-auc": 0.8113578639397001,
            "score": 0.7343192248852626
        },
        "test": {
            "0": {
                "precision": 0.7041793873039267,
                "recall": 0.723526230394808,
                "f1-score": 0.7137217242851045,
                "support": 9245
            },
            "1": {
                "precision": 0.7472060132528929,
                "recall": 0.728895320791124,
                "f1-score": 0.7379370970892752,
                "support": 10365
            },
            "accuracy": 0.7263640999490056,
            "macro avg": {
                "precision": 0.7256927002784098,
                "recall": 0.726210775592966,
                "f1-score": 0.7258294106871899,
                "support": 19610
            },
            "weighted avg": {
                "precision": 0.7269214055579315,
                "recall": 0.7263640999490056,
                "f1-score": 0.7265209256678291,
                "support": 19610
            },
            "cross-entropy": 0.535758398206979,
            "roc-auc": 0.8032586159530829,
            "score": 0.7263640999490056
        }
    },
    "time": "0:00:22",
    "chunk_size": null,
    "eval_batch_size": 32768
}
