{
    "function": "bin.ensemble.main",
    "config": {
        "seeds": [
            10,
            11,
            12,
            13,
            14
        ]
    },
    "single_model_function": "bin.ffn.main",
    "data": ":data/regression-num-medium-0-Ailerons",
    "prediction_type": null,
    "metrics": {
        "train": {
            "rmse": 0.00014601456289736845,
            "mae": 0.00010714621093905335,
            "r2": 0.874733716958992,
            "score": -0.00014601456289736845
        },
        "val": {
            "rmse": 0.00015231925248547986,
            "mae": 0.00011125903009644167,
            "r2": 0.8430961582738279,
            "score": -0.00015231925248547986
        },
        "test": {
            "rmse": 0.00015681184953444783,
            "mae": 0.00011457848855188357,
            "r2": 0.847233720261834,
            "score": -0.00015681184953444783
        }
    }
}
