{
    "function": "bin.ft_transformer.main",
    "gpus": [
        "A100-SXM-80GB"
    ],
    "config": {
        "seed": 4,
        "batch_size": 256,
        "patience": 16,
        "n_epochs": Infinity,
        "data": {
            "seed": 0,
            "cache": true,
            "path": ":data/classif-cat-large-0-road-safety",
            "num_policy": "quantile",
            "cat_policy": "ordinal",
            "y_policy": null
        },
        "optimizer": {
            "type": "AdamW",
            "lr": 0.0006750456224184915,
            "weight_decay": 0.0
        },
        "model": {
            "d_token": 184,
            "n_blocks": 4,
            "attention_dropout": 0.1593787015702276,
            "ffn_d_hidden_factor": 2.595755520148035,
            "ffn_dropout": 0.43843639793557176,
            "residual_dropout": 0.1682218275524291
        }
    },
    "n_parameters": 1618049,
    "prediction_type": "logits",
    "best_epoch": 52,
    "metrics": {
        "train": {
            "0": {
                "precision": 0.8004194901581155,
                "recall": 0.7897166507481693,
                "f1-score": 0.7950320512820512,
                "support": 25128
            },
            "1": {
                "precision": 0.7903840050777531,
                "recall": 0.8010614345448698,
                "f1-score": 0.7956869009584664,
                "support": 24872
            },
            "accuracy": 0.79536,
            "macro avg": {
                "precision": 0.7954017476179343,
                "recall": 0.7953890426465196,
                "f1-score": 0.7953594761202588,
                "support": 50000
            },
            "weighted avg": {
                "precision": 0.7954274384597401,
                "recall": 0.79536,
                "f1-score": 0.7953577997050871,
                "support": 50000
            },
            "cross-entropy": 0.39207928782654106,
            "roc-auc": 0.895104250220857,
            "score": 0.79536
        },
        "val": {
            "0": {
                "precision": 0.7951366472993329,
                "recall": 0.7910511667737101,
                "f1-score": 0.7930886456321098,
                "support": 9342
            },
            "1": {
                "precision": 0.7886073207710634,
                "recall": 0.7927280644458959,
                "f1-score": 0.7906623235613464,
                "support": 9186
            },
            "accuracy": 0.7918825561312608,
            "macro avg": {
                "precision": 0.7918719840351982,
                "recall": 0.791889615609803,
                "f1-score": 0.7918754845967281,
                "support": 18528
            },
            "weighted avg": {
                "precision": 0.791899471484961,
                "recall": 0.7918825561312608,
                "f1-score": 0.7918856990354975,
                "support": 18528
            },
            "cross-entropy": 0.40201243817610965,
            "roc-auc": 0.8905211152022082,
            "score": 0.7918825561312608
        },
        "test": {
            "0": {
                "precision": 0.7868158736129396,
                "recall": 0.7815608799215357,
                "f1-score": 0.784179573092153,
                "support": 21411
            },
            "1": {
                "precision": 0.7870800327779295,
                "recall": 0.7922375475415846,
                "f1-score": 0.7896503688140858,
                "support": 21823
            },
            "accuracy": 0.7869500855807929,
            "macro avg": {
                "precision": 0.7869479531954345,
                "recall": 0.7868992137315601,
                "f1-score": 0.7869149709531194,
                "support": 43234
            },
            "weighted avg": {
                "precision": 0.7869492118526947,
                "recall": 0.7869500855807929,
                "f1-score": 0.786941038028077,
                "support": 43234
            },
            "cross-entropy": 0.4082277044953241,
            "roc-auc": 0.8862687356587235,
            "score": 0.7869500855807929
        }
    },
    "time": "0:05:13",
    "chunk_size": null,
    "eval_batch_size": 32768
}
