{
    "function": "bin.catboost_.main",
    "gpus": [
        "NVIDIA GeForce RTX 2080 Ti",
        "NVIDIA GeForce RTX 2080 Ti"
    ],
    "config": {
        "seed": 7,
        "data": {
            "seed": 0,
            "num_policy": null,
            "cat_policy": null,
            "cache": true,
            "path": ":data/regression-num-medium-0-medical_charges",
            "y_policy": "standard"
        },
        "model": {
            "iterations": 4000,
            "early_stopping_rounds": 200,
            "od_pval": 0.001,
            "bagging_temperature": 0.028831118468720822,
            "depth": 6,
            "l2_leaf_reg": 1.057435930383062,
            "leaf_estimation_iterations": 4,
            "learning_rate": 0.0024261815278678496,
            "task_type": "CPU",
            "thread_count": 4
        },
        "fit": {
            "logging_level": "Verbose"
        }
    },
    "prediction_type": null,
    "time": "0:00:07",
    "best_iteration": 3322,
    "metrics": {
        "train": {
            "rmse": 0.07883384190169958,
            "mae": 0.05095808123430774,
            "r2": 0.9801575647168121,
            "score": -0.07883384190169958
        },
        "val": {
            "rmse": 0.08223149921133868,
            "mae": 0.05187260438254979,
            "r2": 0.9789408780132742,
            "score": -0.08223149921133868
        },
        "test": {
            "rmse": 0.08154755821098873,
            "mae": 0.05154809351764564,
            "r2": 0.9793393917750598,
            "score": -0.08154755821098873
        }
    }
}
