{
    "function": "bin.tabr_design.main",
    "gpus": [
        "A100-SXM-80GB"
    ],
    "config": {
        "seed": 1,
        "batch_size": 256,
        "patience": 16,
        "n_epochs": Infinity,
        "context_size": 96,
        "data": {
            "seed": 0,
            "cache": true,
            "path": ":data/california",
            "num_policy": "quantile",
            "cat_policy": null,
            "y_policy": "standard"
        },
        "model": {
            "num_embeddings": null,
            "d_main": 253,
            "context_dropout": 0.13797758594988055,
            "d_multiplier": 2.0,
            "encoder_n_blocks": 0,
            "predictor_n_blocks": 1,
            "mixer_normalization": "auto",
            "dropout0": 0.546184836042904,
            "dropout1": 0.0,
            "normalization": "LayerNorm",
            "activation": "ReLU",
            "dot_product": false,
            "use_Q": false,
            "use_V": true,
            "use_labels": false,
            "use_T": false,
            "self_attention": true,
            "scale_similarities": true
        },
        "optimizer": {
            "type": "AdamW",
            "lr": 0.000327428789843018,
            "weight_decay": 4.494226544789594e-06
        }
    },
    "n_parameters": 388862,
    "prediction_type": null,
    "best_epoch": 59,
    "metrics": {
        "train": {
            "rmse": 0.3890883930894996,
            "mae": 0.2642625987990428,
            "r2": 0.8876071486450899,
            "score": -0.3890883930894996
        },
        "val": {
            "rmse": 0.443011595940564,
            "mae": 0.2900847431342708,
            "r2": 0.8494793852962758,
            "score": -0.443011595940564
        },
        "test": {
            "rmse": 0.44749709070300187,
            "mae": 0.29815358496612276,
            "r2": 0.8464259437141571,
            "score": -0.44749709070300187
        }
    },
    "time": "0:00:34",
    "chunk_size": null,
    "eval_batch_size": 32768
}