{
    "function": "bin.ft_transformer.main",
    "gpus": [
        "A100-SXM-80GB"
    ],
    "config": {
        "seed": 13,
        "batch_size": 128,
        "patience": 16,
        "n_epochs": Infinity,
        "data": {
            "seed": 0,
            "cache": true,
            "path": ":data/regression-num-medium-1-wine_quality",
            "num_policy": "quantile",
            "cat_policy": null,
            "y_policy": "standard"
        },
        "optimizer": {
            "type": "AdamW",
            "lr": 1.2367699746161981e-05,
            "weight_decay": 0.0
        },
        "model": {
            "d_token": 232,
            "n_blocks": 4,
            "attention_dropout": 0.016907699355516892,
            "ffn_d_hidden_factor": 2.388807978711011,
            "ffn_dropout": 9.368760256749445e-05,
            "residual_dropout": 0.0
        }
    },
    "n_parameters": 2421873,
    "prediction_type": null,
    "best_epoch": 37,
    "metrics": {
        "train": {
            "rmse": 0.398055640080162,
            "mae": 0.30867549621662604,
            "r2": 0.7951980249874268,
            "score": -0.398055640080162
        },
        "val": {
            "rmse": 0.6441835297105363,
            "mae": 0.49784126134344575,
            "r2": 0.4267066345391042,
            "score": -0.6441835297105363
        },
        "test": {
            "rmse": 0.6633274648289477,
            "mae": 0.5016178035736729,
            "r2": 0.40520219468963803,
            "score": -0.6633274648289477
        }
    },
    "time": "0:00:34",
    "chunk_size": null,
    "eval_batch_size": 32768
}
