{
    "function": "bin.ffn.main",
    "gpus": [
        "A100-SXM-80GB"
    ],
    "config": {
        "seed": 4,
        "batch_size": 256,
        "patience": 16,
        "n_epochs": Infinity,
        "data": {
            "seed": 0,
            "cache": true,
            "path": ":data/regression-cat-medium-0-OnlineNewsPopularity",
            "num_policy": "quantile",
            "cat_policy": null,
            "y_policy": "standard"
        },
        "optimizer": {
            "type": "AdamW",
            "lr": 0.00018569150500739564,
            "weight_decay": 4.716979530508711e-06
        },
        "model": {
            "num_embeddings": null,
            "backbone": {
                "type": "MLP",
                "n_blocks": 4,
                "d_layer": 396,
                "dropout": 0.37317256283098005,
                "activation": "ReLU"
            }
        }
    },
    "n_parameters": 495793,
    "prediction_type": null,
    "best_epoch": 26,
    "metrics": {
        "train": {
            "rmse": 0.8104212036159741,
            "mae": 0.5981589576793951,
            "r2": 0.2413797301965589,
            "score": -0.8104212036159741
        },
        "val": {
            "rmse": 0.8459790109886555,
            "mae": 0.6274556770491806,
            "r2": 0.15124008032260838,
            "score": -0.8459790109886555
        },
        "test": {
            "rmse": 0.8611127682777889,
            "mae": 0.6341877814354291,
            "r2": 0.15019992225281975,
            "score": -0.8611127682777889
        }
    },
    "time": "0:00:05",
    "chunk_size": null,
    "eval_batch_size": 32768
}
