{
    "function": "bin.lightgbm_.main",
    "gpus": [
        "GeForce RTX 2080 Ti",
        "GeForce RTX 2080 Ti"
    ],
    "config": {
        "seed": 12,
        "data": {
            "seed": 0,
            "num_policy": null,
            "cache": true,
            "path": ":data/regression-num-medium-1-cpu_act",
            "cat_policy": null,
            "y_policy": "standard"
        },
        "model": {
            "n_estimators": 4000,
            "n_jobs": 4,
            "feature_fraction": 0.5148426465789248,
            "lambda_l2": 0.0,
            "learning_rate": 0.019937334284858155,
            "num_leaves": 32,
            "min_sum_hessian_in_leaf": 5.7887811257997175,
            "bagging_fraction": 0.6863222294875067
        },
        "fit": {
            "early_stopping_rounds": 200,
            "verbose": true
        }
    },
    "prediction_type": null,
    "time": "0:00:01",
    "best_iteration": 1125,
    "metrics": {
        "train": {
            "rmse": 1.1315954720184305,
            "mae": 0.8252857797542699,
            "r2": 0.996001823078112,
            "score": -1.1315954720184305
        },
        "val": {
            "rmse": 2.3445600375196203,
            "mae": 1.612885328403429,
            "r2": 0.9877395967322576,
            "score": -2.3445600375196203
        },
        "test": {
            "rmse": 2.3786549349180284,
            "mae": 1.5937715287643812,
            "r2": 0.983916162152374,
            "score": -2.3786549349180284
        }
    }
}
