{
    "function": "bin.catboost_.main",
    "gpus": [],
    "config": {
        "seed": 6,
        "data": {
            "seed": 0,
            "num_policy": null,
            "cat_policy": null,
            "cache": true,
            "path": ":data/diamond",
            "y_policy": "standard"
        },
        "model": {
            "iterations": 4000,
            "early_stopping_rounds": 200,
            "od_pval": 0.001,
            "bagging_temperature": 0.4820287534328472,
            "depth": 5,
            "l2_leaf_reg": 3.272952064505028,
            "leaf_estimation_iterations": 6,
            "learning_rate": 0.024016264019161966,
            "task_type": "CPU",
            "thread_count": 4
        },
        "fit": {
            "logging_level": "Verbose"
        }
    },
    "prediction_type": null,
    "time": "0:00:28",
    "best_iteration": 3976,
    "metrics": {
        "train": {
            "rmse": 0.10968222406982098,
            "mae": 0.061115483050570865,
            "r2": 0.987913010398666,
            "score": -0.10968222406982098
        },
        "val": {
            "rmse": 0.13113504687376507,
            "mae": 0.06783777252048531,
            "r2": 0.9832021069609985,
            "score": -0.13113504687376507
        },
        "test": {
            "rmse": 0.13425950462203945,
            "mae": 0.06819369323279723,
            "r2": 0.9819020017473847,
            "score": -0.13425950462203945
        }
    }
}
