{
    "function": "bin.ffn.main",
    "gpus": [
        "A100-SXM-80GB"
    ],
    "config": {
        "seed": 14,
        "batch_size": 32,
        "patience": 16,
        "n_epochs": Infinity,
        "data": {
            "seed": 0,
            "cache": true,
            "path": ":data/classif-num-medium-1-phoneme",
            "num_policy": "quantile",
            "cat_policy": null,
            "y_policy": null
        },
        "optimizer": {
            "type": "AdamW",
            "lr": 3.1961811478297916e-05,
            "weight_decay": 0.0
        },
        "model": {
            "backbone": {
                "type": "MLP",
                "n_blocks": 3,
                "d_layer": 896,
                "dropout": 0.0,
                "activation": "ReLU"
            },
            "num_embeddings": {
                "type": "PLREmbeddings",
                "n_frequencies": 37,
                "frequency_scale": 0.4481171168527885,
                "d_embedding": 47,
                "lite": false
            }
        }
    },
    "n_parameters": 1837587,
    "prediction_type": "logits",
    "best_epoch": 25,
    "metrics": {
        "train": {
            "0": {
                "precision": 0.9631675874769797,
                "recall": 0.9526411657559198,
                "f1-score": 0.9578754578754579,
                "support": 1098
            },
            "1": {
                "precision": 0.9541446208112875,
                "recall": 0.964349376114082,
                "f1-score": 0.9592198581560284,
                "support": 1122
            },
            "accuracy": 0.9585585585585585,
            "macro avg": {
                "precision": 0.9586561041441336,
                "recall": 0.958495270935001,
                "f1-score": 0.9585476580157432,
                "support": 2220
            },
            "weighted avg": {
                "precision": 0.958607331351346,
                "recall": 0.9585585585585585,
                "f1-score": 0.9585549250442869,
                "support": 2220
            },
            "cross-entropy": 0.12534494622264888,
            "roc-auc": 0.9912927085058233,
            "score": 0.9585585585585585
        },
        "val": {
            "0": {
                "precision": 0.9241379310344827,
                "recall": 0.8874172185430463,
                "f1-score": 0.9054054054054054,
                "support": 151
            },
            "1": {
                "precision": 0.8785714285714286,
                "recall": 0.917910447761194,
                "f1-score": 0.8978102189781023,
                "support": 134
            },
            "accuracy": 0.9017543859649123,
            "macro avg": {
                "precision": 0.9013546798029557,
                "recall": 0.9026638331521202,
                "f1-score": 0.9016078121917539,
                "support": 285
            },
            "weighted avg": {
                "precision": 0.9027136807536081,
                "recall": 0.9017543859649123,
                "f1-score": 0.9018343352957261,
                "support": 285
            },
            "cross-entropy": 0.29762064475344685,
            "roc-auc": 0.9480577246219235,
            "score": 0.9017543859649123
        },
        "test": {
            "0": {
                "precision": 0.889937106918239,
                "recall": 0.8397626112759644,
                "f1-score": 0.8641221374045802,
                "support": 337
            },
            "1": {
                "precision": 0.8452722063037249,
                "recall": 0.8939393939393939,
                "f1-score": 0.8689248895434462,
                "support": 330
            },
            "accuracy": 0.8665667166416792,
            "macro avg": {
                "precision": 0.867604656610982,
                "recall": 0.8668510026076792,
                "f1-score": 0.8665235134740132,
                "support": 667
            },
            "weighted avg": {
                "precision": 0.8678390301524375,
                "recall": 0.8665667166416792,
                "f1-score": 0.866498311626208,
                "support": 667
            },
            "cross-entropy": 0.3111184204299281,
            "roc-auc": 0.945895153313551,
            "score": 0.8665667166416792
        }
    },
    "time": "0:00:10",
    "chunk_size": null,
    "eval_batch_size": 32768
}
