{
    "function": "bin.lightgbm_.main",
    "gpus": [
        "GeForce RTX 2080 Ti",
        "GeForce RTX 2080 Ti"
    ],
    "config": {
        "seed": 11,
        "data": {
            "seed": 0,
            "num_policy": null,
            "cache": true,
            "path": ":data/classif-num-large-0-MiniBooNE",
            "cat_policy": null,
            "y_policy": null
        },
        "model": {
            "n_estimators": 4000,
            "n_jobs": 4,
            "feature_fraction": 0.9441161986452249,
            "lambda_l2": 0.0,
            "learning_rate": 0.05774599446672765,
            "num_leaves": 561,
            "min_sum_hessian_in_leaf": 43.63668213306085,
            "bagging_fraction": 0.7454188312245439
        },
        "fit": {
            "early_stopping_rounds": 200,
            "verbose": true
        }
    },
    "prediction_type": "probs",
    "time": "0:00:07",
    "best_iteration": 525,
    "metrics": {
        "train": {
            "0": {
                "precision": 0.9909336342023612,
                "recall": 0.9790198654405032,
                "f1-score": 0.9849407241268824,
                "support": 25119
            },
            "1": {
                "precision": 0.97907318429099,
                "recall": 0.990956955106306,
                "f1-score": 0.984979226589965,
                "support": 24881
            },
            "accuracy": 0.98496,
            "macro avg": {
                "precision": 0.9850034092466756,
                "recall": 0.9849884102734046,
                "f1-score": 0.9849599753584237,
                "support": 50000
            },
            "weighted avg": {
                "precision": 0.9850316371174647,
                "recall": 0.98496,
                "f1-score": 0.9849598837225615,
                "support": 50000
            },
            "cross-entropy": 0.060352812583809035,
            "roc-auc": 0.9988847323307113,
            "score": 0.98496
        },
        "val": {
            "0": {
                "precision": 0.9597902097902098,
                "recall": 0.9363274587833996,
                "f1-score": 0.9479136690647482,
                "support": 3518
            },
            "1": {
                "precision": 0.9353908278050187,
                "recall": 0.9591836734693877,
                "f1-score": 0.9471378504672897,
                "support": 3381
            },
            "accuracy": 0.9475286273372953,
            "macro avg": {
                "precision": 0.9475905187976142,
                "recall": 0.9477555661263937,
                "f1-score": 0.9475257597660189,
                "support": 6899
            },
            "weighted avg": {
                "precision": 0.9478327796565771,
                "recall": 0.9475286273372953,
                "f1-score": 0.9475334628496436,
                "support": 6899
            },
            "cross-entropy": 0.141790577234523,
            "roc-auc": 0.9861576387729375,
            "score": 0.9475286273372953
        },
        "test": {
            "0": {
                "precision": 0.9493506493506494,
                "recall": 0.9297888577969983,
                "f1-score": 0.9394679347127618,
                "support": 7862
            },
            "1": {
                "precision": 0.9342778902250268,
                "recall": 0.9526526648051475,
                "f1-score": 0.9433758114931475,
                "support": 8237
            },
            "accuracy": 0.9414870488850239,
            "macro avg": {
                "precision": 0.9418142697878381,
                "recall": 0.9412207613010729,
                "f1-score": 0.9414218731029547,
                "support": 16099
            },
            "weighted avg": {
                "precision": 0.9416387220931952,
                "recall": 0.9414870488850239,
                "f1-score": 0.9414673869172488,
                "support": 16099
            },
            "cross-entropy": 0.15472068428458732,
            "roc-auc": 0.9842252681136394,
            "score": 0.9414870488850239
        }
    }
}
