{
    "function": "bin.catboost_.main",
    "gpus": [
        "NVIDIA GeForce RTX 2080 Ti",
        "NVIDIA GeForce RTX 2080 Ti"
    ],
    "config": {
        "seed": 9,
        "data": {
            "seed": 0,
            "num_policy": null,
            "cat_policy": null,
            "cache": true,
            "path": ":data/regression-cat-medium-3-analcatdata_supreme",
            "y_policy": "standard"
        },
        "model": {
            "iterations": 4000,
            "early_stopping_rounds": 3999,
            "thread_count": 4,
            "task_type": "CPU",
            "od_pval": 0.001
        },
        "fit": {
            "logging_level": "Verbose"
        }
    },
    "prediction_type": null,
    "time": "0:00:02",
    "best_iteration": 547,
    "metrics": {
        "train": {
            "rmse": 0.05063313466326306,
            "mae": 0.01353456074723032,
            "r2": 0.9916291221592807,
            "score": -0.05063313466326306
        },
        "val": {
            "rmse": 0.08061929482071119,
            "mae": 0.018832368001817198,
            "r2": 0.9781612403551259,
            "score": -0.08061929482071119
        },
        "test": {
            "rmse": 0.06608489700063104,
            "mae": 0.01598315759916355,
            "r2": 0.9848735929188457,
            "score": -0.06608489700063104
        }
    }
}
