{
    "function": "bin.ensemble.main",
    "config": {
        "seeds": [
            5,
            6,
            7,
            8,
            9
        ]
    },
    "single_model_function": "bin.tabr.main",
    "data": ":data/regression-cat-medium-1-Bike_Sharing_Demand",
    "prediction_type": null,
    "metrics": {
        "train": {
            "rmse": 38.01112586541648,
            "mae": 24.582718047146045,
            "r2": 0.9563514263813748,
            "score": -38.01112586541648
        },
        "val": {
            "rmse": 44.485315083668475,
            "mae": 27.28235192893044,
            "r2": 0.9386586662179331,
            "score": -44.485315083668475
        },
        "test": {
            "rmse": 42.64862596272429,
            "mae": 26.75541133039951,
            "r2": 0.9445136276471714,
            "score": -42.64862596272429
        }
    }
}