{
    "function": "bin.ft_transformer.main",
    "gpus": [
        "A100-SXM-80GB"
    ],
    "config": {
        "seed": 6,
        "batch_size": 128,
        "patience": 16,
        "n_epochs": Infinity,
        "data": {
            "seed": 0,
            "cache": true,
            "path": ":data/regression-num-medium-0-isolet",
            "num_policy": "quantile",
            "cat_policy": null,
            "y_policy": "standard"
        },
        "optimizer": {
            "type": "AdamW",
            "lr": 0.0002678816020061662,
            "weight_decay": 5.711481269090997e-05
        },
        "model": {
            "d_token": 208,
            "n_blocks": 2,
            "attention_dropout": 0.13537241564529573,
            "ffn_d_hidden_factor": 1.4689342221193993,
            "ffn_dropout": 0.010615038041304299,
            "residual_dropout": 0.0
        }
    },
    "n_parameters": 987141,
    "prediction_type": null,
    "best_epoch": 85,
    "metrics": {
        "train": {
            "rmse": 0.41236622498334596,
            "mae": 0.24447007625922978,
            "r2": 0.9969686251636597,
            "score": -0.41236622498334596
        },
        "val": {
            "rmse": 2.362146754960487,
            "mae": 0.7500063008771534,
            "r2": 0.9015447666747983,
            "score": -2.362146754960487
        },
        "test": {
            "rmse": 1.9821286016422945,
            "mae": 0.6566265089917067,
            "r2": 0.9305916147124912,
            "score": -1.9821286016422945
        }
    },
    "time": "0:06:09",
    "chunk_size": null,
    "eval_batch_size": 32768
}
