{
    "function": "bin.lightgbm_.main",
    "gpus": [
        "GeForce RTX 2080 Ti",
        "GeForce RTX 2080 Ti"
    ],
    "config": {
        "seed": 4,
        "data": {
            "seed": 0,
            "num_policy": null,
            "cache": true,
            "path": ":data/regression-num-medium-1-Ailerons",
            "cat_policy": null,
            "y_policy": "standard"
        },
        "model": {
            "n_estimators": 4000,
            "n_jobs": 4,
            "feature_fraction": 0.7462326166387484,
            "lambda_l2": 0.2903002897201309,
            "learning_rate": 0.01902505990391931,
            "num_leaves": 54,
            "min_sum_hessian_in_leaf": 0.07874359129808092,
            "bagging_fraction": 0.530483931470234
        },
        "fit": {
            "early_stopping_rounds": 200,
            "verbose": true
        }
    },
    "prediction_type": null,
    "time": "0:00:02",
    "best_iteration": 861,
    "metrics": {
        "train": {
            "rmse": 9.122002599821714e-05,
            "mae": 6.858079551500669e-05,
            "r2": 0.9498044905922515,
            "score": -9.122002599821714e-05
        },
        "val": {
            "rmse": 0.00014802300129103483,
            "mae": 0.0001079694292250802,
            "r2": 0.8654911760804489,
            "score": -0.00014802300129103483
        },
        "test": {
            "rmse": 0.0001628125230342216,
            "mae": 0.00011211255505911915,
            "r2": 0.8435593662343992,
            "score": -0.0001628125230342216
        }
    }
}
