{
    "function": "bin.ffn.main",
    "gpus": [
        "A100-SXM-80GB"
    ],
    "config": {
        "seed": 4,
        "batch_size": 256,
        "patience": 16,
        "n_epochs": Infinity,
        "data": {
            "seed": 0,
            "cache": true,
            "path": ":data/regression-num-medium-0-elevators",
            "num_policy": "quantile",
            "cat_policy": null,
            "y_policy": "standard"
        },
        "optimizer": {
            "type": "AdamW",
            "lr": 0.00016571692565216524,
            "weight_decay": 0.0
        },
        "model": {
            "num_embeddings": null,
            "backbone": {
                "type": "MLP",
                "n_blocks": 3,
                "d_layer": 480,
                "dropout": 0.0,
                "activation": "ReLU"
            }
        }
    },
    "n_parameters": 470401,
    "prediction_type": null,
    "best_epoch": 36,
    "metrics": {
        "train": {
            "rmse": 0.004015480178309713,
            "mae": 0.002620659294610833,
            "r2": 0.6349482230767638,
            "score": -0.004015480178309713
        },
        "val": {
            "rmse": 0.004944380574347645,
            "mae": 0.00316364190495258,
            "r2": 0.4624555222392983,
            "score": -0.004944380574347645
        },
        "test": {
            "rmse": 0.00509176710044153,
            "mae": 0.003209305668567447,
            "r2": 0.44842469890429704,
            "score": -0.00509176710044153
        }
    },
    "time": "0:00:04",
    "chunk_size": null,
    "eval_batch_size": 32768
}
