{
    "function": "bin.ft_transformer.main",
    "gpus": [
        "A100-SXM-80GB"
    ],
    "config": {
        "seed": 11,
        "batch_size": 128,
        "patience": 16,
        "n_epochs": Infinity,
        "data": {
            "seed": 0,
            "cache": true,
            "path": ":data/regression-num-medium-2-wine_quality",
            "num_policy": "quantile",
            "cat_policy": null,
            "y_policy": "standard"
        },
        "optimizer": {
            "type": "AdamW",
            "lr": 0.00013648093576759923,
            "weight_decay": 2.055168100218908e-06
        },
        "model": {
            "d_token": 352,
            "n_blocks": 2,
            "attention_dropout": 0.4695184412873186,
            "ffn_d_hidden_factor": 1.923819951304174,
            "ffn_dropout": 0.4725686125402235,
            "residual_dropout": 0.048856042580755155
        }
    },
    "n_parameters": 2438549,
    "prediction_type": null,
    "best_epoch": 34,
    "metrics": {
        "train": {
            "rmse": 0.6608895711784619,
            "mae": 0.5085980739343512,
            "r2": 0.4331109592229685,
            "score": -0.6608895711784619
        },
        "val": {
            "rmse": 0.6561638426255622,
            "mae": 0.51990108580965,
            "r2": 0.42345496625097745,
            "score": -0.6561638426255622
        },
        "test": {
            "rmse": 0.6853578689732548,
            "mae": 0.5337363406712683,
            "r2": 0.3655023468259099,
            "score": -0.6853578689732548
        }
    },
    "time": "0:00:18",
    "chunk_size": null,
    "eval_batch_size": 32768
}
