{
    "function": "bin.catboost_.main",
    "gpus": [
        "NVIDIA GeForce RTX 2080 Ti",
        "NVIDIA GeForce RTX 2080 Ti"
    ],
    "config": {
        "seed": 8,
        "data": {
            "seed": 0,
            "num_policy": null,
            "cat_policy": null,
            "cache": true,
            "path": ":data/regression-cat-medium-3-analcatdata_supreme",
            "y_policy": "standard"
        },
        "model": {
            "iterations": 4000,
            "early_stopping_rounds": 3999,
            "thread_count": 4,
            "task_type": "CPU",
            "od_pval": 0.001
        },
        "fit": {
            "logging_level": "Verbose"
        }
    },
    "prediction_type": null,
    "time": "0:00:02",
    "best_iteration": 530,
    "metrics": {
        "train": {
            "rmse": 0.050625654320641235,
            "mae": 0.013587657629094372,
            "r2": 0.9916315953385263,
            "score": -0.050625654320641235
        },
        "val": {
            "rmse": 0.07891194466722955,
            "mae": 0.018649446689704696,
            "r2": 0.9790764452112631,
            "score": -0.07891194466722955
        },
        "test": {
            "rmse": 0.06495985641424612,
            "mae": 0.015920799850290508,
            "r2": 0.9853842380284971,
            "score": -0.06495985641424612
        }
    }
}
