{
    "function": "bin.tabr.main",
    "gpus": [
        "NVIDIA A100-SXM4-80GB"
    ],
    "config": {
        "seed": 4,
        "batch_size": 64,
        "patience": 16,
        "n_epochs": Infinity,
        "context_size": 96,
        "data": {
            "seed": 0,
            "cache": true,
            "path": ":data/classif-cat-medium-0-KDDCup09_upselling",
            "num_policy": "quantile",
            "cat_policy": "ordinal",
            "y_policy": null
        },
        "model": {
            "num_embeddings": null,
            "d_main": 265,
            "mixer_dropout": 0.38920071545944357,
            "d_multiplier": 2.0,
            "encoder_n_blocks": 0,
            "predictor_n_blocks": 1,
            "mixer_normalization": "auto",
            "dropout0": 0.38852797479169876,
            "dropout1": 0.0,
            "normalization": "LayerNorm",
            "activation": "ReLU"
        },
        "optimizer": {
            "type": "AdamW",
            "lr": 0.0003121273641315169,
            "weight_decay": 1.2260352006404615e-06
        }
    },
    "n_parameters": 662236,
    "prediction_type": "logits",
    "best_epoch": 26,
    "metrics": {
        "train": {
            "0": {
                "precision": 0.9442359249329759,
                "recall": 0.9750830564784053,
                "f1-score": 0.9594116044674476,
                "support": 1806
            },
            "1": {
                "precision": 0.9738979118329466,
                "recall": 0.9416713404374649,
                "f1-score": 0.9575135443398916,
                "support": 1783
            },
            "accuracy": 0.9584842574533297,
            "macro avg": {
                "precision": 0.9590669183829612,
                "recall": 0.9583771984579351,
                "f1-score": 0.9584625744036696,
                "support": 3589
            },
            "weighted avg": {
                "precision": 0.958971874401532,
                "recall": 0.9584842574533297,
                "f1-score": 0.9584686562346717,
                "support": 3589
            },
            "cross-entropy": 0.13094926626557474,
            "roc-auc": 0.9917744739445817,
            "score": 0.9584842574533297
        },
        "val": {
            "0": {
                "precision": 0.7565217391304347,
                "recall": 0.8365384615384616,
                "f1-score": 0.7945205479452055,
                "support": 208
            },
            "1": {
                "precision": 0.851528384279476,
                "recall": 0.7768924302788844,
                "f1-score": 0.8124999999999999,
                "support": 251
            },
            "accuracy": 0.803921568627451,
            "macro avg": {
                "precision": 0.8040250617049554,
                "recall": 0.806715445908673,
                "f1-score": 0.8035102739726028,
                "support": 459
            },
            "weighted avg": {
                "precision": 0.8084752640376446,
                "recall": 0.803921568627451,
                "f1-score": 0.8043524487420538,
                "support": 459
            },
            "cross-entropy": 0.540057324754392,
            "roc-auc": 0.8873544284400857,
            "score": 0.803921568627451
        },
        "test": {
            "0": {
                "precision": 0.7553956834532374,
                "recall": 0.7664233576642335,
                "f1-score": 0.7608695652173912,
                "support": 548
            },
            "1": {
                "precision": 0.7538461538461538,
                "recall": 0.7424242424242424,
                "f1-score": 0.7480916030534351,
                "support": 528
            },
            "accuracy": 0.7546468401486989,
            "macro avg": {
                "precision": 0.7546209186496956,
                "recall": 0.754423800044238,
                "f1-score": 0.7544805841354132,
                "support": 1076
            },
            "weighted avg": {
                "precision": 0.7546353194824753,
                "recall": 0.7546468401486989,
                "f1-score": 0.7545993384306172,
                "support": 1076
            },
            "cross-entropy": 0.632683662547627,
            "roc-auc": 0.8562264985622652,
            "score": 0.7546468401486989
        }
    },
    "time": "0:00:52",
    "chunk_size": null,
    "eval_batch_size": 32768
}