{
    "function": "bin.catboost_.main",
    "gpus": [
        "NVIDIA GeForce RTX 2080 Ti",
        "NVIDIA GeForce RTX 2080 Ti"
    ],
    "config": {
        "seed": 11,
        "data": {
            "seed": 0,
            "num_policy": null,
            "cat_policy": null,
            "cache": true,
            "path": ":data/regression-cat-medium-1-Bike_Sharing_Demand",
            "y_policy": "standard"
        },
        "model": {
            "iterations": 4000,
            "early_stopping_rounds": 3999,
            "thread_count": 4,
            "task_type": "CPU",
            "od_pval": 0.001
        },
        "fit": {
            "logging_level": "Verbose"
        }
    },
    "prediction_type": null,
    "time": "0:00:11",
    "best_iteration": 3952,
    "metrics": {
        "train": {
            "rmse": 33.63164475227601,
            "mae": 22.03419811433835,
            "r2": 0.9658300135591579,
            "score": -33.63164475227601
        },
        "val": {
            "rmse": 43.03765921160022,
            "mae": 27.249928392491398,
            "r2": 0.9425860843977882,
            "score": -43.03765921160022
        },
        "test": {
            "rmse": 42.58481334529252,
            "mae": 27.429341986701957,
            "r2": 0.9446795425801552,
            "score": -42.58481334529252
        }
    }
}
