{
    "function": "bin.ffn.main",
    "gpus": [
        "A100-SXM-80GB"
    ],
    "config": {
        "seed": 4,
        "batch_size": 64,
        "patience": 16,
        "n_epochs": Infinity,
        "data": {
            "seed": 0,
            "cache": true,
            "path": ":data/regression-cat-medium-1-analcatdata_supreme",
            "num_policy": "quantile",
            "cat_policy": null,
            "y_policy": "standard"
        },
        "optimizer": {
            "type": "AdamW",
            "lr": 0.00020682012030544443,
            "weight_decay": 0.0
        },
        "model": {
            "backbone": {
                "type": "MLP",
                "n_blocks": 4,
                "d_layer": 440,
                "dropout": 0.09335581795503177,
                "activation": "ReLU"
            },
            "num_embeddings": {
                "type": "PLREmbeddings",
                "n_frequencies": 25,
                "frequency_scale": 19.643520337342867,
                "d_embedding": 30,
                "lite": true
            }
        }
    },
    "n_parameters": 613181,
    "prediction_type": null,
    "best_epoch": 13,
    "metrics": {
        "train": {
            "rmse": 0.054441191644436296,
            "mae": 0.018008529310176158,
            "r2": 0.9902246038790531,
            "score": -0.054441191644436296
        },
        "val": {
            "rmse": 0.04752444119901706,
            "mae": 0.018368562215864692,
            "r2": 0.9925071441597757,
            "score": -0.04752444119901706
        },
        "test": {
            "rmse": 0.07716541860368602,
            "mae": 0.022277948336990594,
            "r2": 0.9799916204376898,
            "score": -0.07716541860368602
        }
    },
    "time": "0:00:05",
    "chunk_size": null,
    "eval_batch_size": 32768
}
