{
    "function": "bin.ensemble.main",
    "config": {
        "seeds": [
            0,
            1,
            2,
            3,
            4
        ]
    },
    "single_model_function": "bin.catboost_.main",
    "data": ":data/regression-cat-medium-2-analcatdata_supreme",
    "prediction_type": null,
    "metrics": {
        "train": {
            "rmse": 0.045844293780467185,
            "mae": 0.01001384686160747,
            "r2": 0.9929530595341131,
            "score": -0.045844293780467185
        },
        "val": {
            "rmse": 0.09126406651583875,
            "mae": 0.0199169486432985,
            "r2": 0.978111415993647,
            "score": -0.09126406651583875
        },
        "test": {
            "rmse": 0.07276369567679024,
            "mae": 0.015192350119752396,
            "r2": 0.980927325366583,
            "score": -0.07276369567679024
        }
    }
}
