{
    "function": "bin.catboost_.main",
    "gpus": [
        "NVIDIA GeForce RTX 2080 Ti",
        "NVIDIA GeForce RTX 2080 Ti"
    ],
    "config": {
        "seed": 11,
        "data": {
            "seed": 0,
            "num_policy": null,
            "cat_policy": null,
            "cache": true,
            "path": ":data/classif-num-medium-1-credit",
            "y_policy": null
        },
        "model": {
            "iterations": 4000,
            "early_stopping_rounds": 200,
            "od_pval": 0.001,
            "bagging_temperature": 0.3905029333378709,
            "depth": 8,
            "l2_leaf_reg": 2.347500326106412,
            "leaf_estimation_iterations": 4,
            "learning_rate": 0.044750813793201075,
            "task_type": "CPU",
            "thread_count": 4
        },
        "fit": {
            "logging_level": "Verbose"
        }
    },
    "prediction_type": "probs",
    "time": "0:00:07",
    "best_iteration": 24,
    "metrics": {
        "train": {
            "0": {
                "precision": 0.7860804416403786,
                "recall": 0.7907576358587862,
                "f1-score": 0.7884121020367808,
                "support": 5042
            },
            "1": {
                "precision": 0.7859172077922078,
                "recall": 0.7811617587736991,
                "f1-score": 0.7835322678535303,
                "support": 4958
            },
            "accuracy": 0.786,
            "macro avg": {
                "precision": 0.7859988247162932,
                "recall": 0.7859596973162426,
                "f1-score": 0.7859721849451555,
                "support": 10000
            },
            "weighted avg": {
                "precision": 0.7859995102984554,
                "recall": 0.786,
                "f1-score": 0.7859926802487252,
                "support": 10000
            },
            "cross-entropy": 0.487199915696045,
            "roc-auc": 0.8659684627347305,
            "score": 0.786
        },
        "val": {
            "0": {
                "precision": 0.7712287712287712,
                "recall": 0.7620927936821322,
                "f1-score": 0.7666335650446872,
                "support": 1013
            },
            "1": {
                "precision": 0.7620927936821322,
                "recall": 0.7712287712287712,
                "f1-score": 0.7666335650446872,
                "support": 1001
            },
            "accuracy": 0.7666335650446872,
            "macro avg": {
                "precision": 0.7666607824554517,
                "recall": 0.7666607824554517,
                "f1-score": 0.7666335650446872,
                "support": 2014
            },
            "weighted avg": {
                "precision": 0.7666879998662163,
                "recall": 0.7666335650446872,
                "f1-score": 0.7666335650446872,
                "support": 2014
            },
            "cross-entropy": 0.508271836433777,
            "roc-auc": 0.8427569469030476,
            "score": 0.7666335650446872
        },
        "test": {
            "0": {
                "precision": 0.7643776824034335,
                "recall": 0.7736750651607298,
                "f1-score": 0.7689982728842832,
                "support": 2302
            },
            "1": {
                "precision": 0.780168776371308,
                "recall": 0.7710592160133445,
                "f1-score": 0.7755872483221475,
                "support": 2398
            },
            "accuracy": 0.7723404255319148,
            "macro avg": {
                "precision": 0.7722732293873708,
                "recall": 0.7723671405870371,
                "f1-score": 0.7722927606032154,
                "support": 4700
            },
            "weighted avg": {
                "precision": 0.7724345001342767,
                "recall": 0.7723404255319148,
                "f1-score": 0.7723600522672617,
                "support": 4700
            },
            "cross-entropy": 0.5054922219601614,
            "roc-auc": 0.8471143959381152,
            "score": 0.7723404255319148
        }
    }
}
