{
    "function": "bin.ffn.main",
    "gpus": [
        "A100-SXM4-40GB"
    ],
    "config": {
        "seed": 12,
        "batch_size": 512,
        "patience": 16,
        "n_epochs": Infinity,
        "data": {
            "seed": 0,
            "cache": true,
            "path": ":data/diamond",
            "num_policy": "quantile",
            "cat_policy": "ordinal",
            "y_policy": "standard"
        },
        "optimizer": {
            "type": "AdamW",
            "lr": 0.0003499421963914089,
            "weight_decay": 0.0
        },
        "model": {
            "num_embeddings": null,
            "backbone": {
                "type": "MLP",
                "n_blocks": 5,
                "d_layer": 352,
                "dropout": 0.050464962334611445,
                "activation": "ReLU"
            }
        }
    },
    "n_parameters": 506881,
    "prediction_type": null,
    "best_epoch": 42,
    "metrics": {
        "train": {
            "rmse": 0.12165684492903302,
            "mae": 0.06982924302204037,
            "r2": 0.9851297335500094,
            "score": -0.12165684492903302
        },
        "val": {
            "rmse": 0.14050615965346208,
            "mae": 0.07863443947372963,
            "r2": 0.9807155175766409,
            "score": -0.14050615965346208
        },
        "test": {
            "rmse": 0.14204607176536974,
            "mae": 0.07766002139349258,
            "r2": 0.979741890372522,
            "score": -0.14204607176536974
        }
    },
    "time": "0:00:13",
    "chunk_size": null,
    "eval_batch_size": 32768
}
