{
    "function": "bin.ffn.main",
    "gpus": [
        "A100-SXM-80GB"
    ],
    "config": {
        "seed": 12,
        "batch_size": 32,
        "patience": 16,
        "n_epochs": Infinity,
        "data": {
            "seed": 0,
            "cache": true,
            "path": ":data/classif-num-medium-4-phoneme",
            "num_policy": "quantile",
            "cat_policy": null,
            "y_policy": null
        },
        "optimizer": {
            "type": "AdamW",
            "lr": 0.0007609292035030061,
            "weight_decay": 0.0
        },
        "model": {
            "backbone": {
                "type": "MLP",
                "n_blocks": 6,
                "d_layer": 694,
                "dropout": 0.4905610626214665,
                "activation": "ReLU"
            },
            "num_embeddings": {
                "type": "PLREmbeddings",
                "n_frequencies": 20,
                "frequency_scale": 0.34642262950254304,
                "d_embedding": 43,
                "lite": true
            }
        }
    },
    "n_parameters": 2564112,
    "prediction_type": "logits",
    "best_epoch": 27,
    "metrics": {
        "train": {
            "0": {
                "precision": 0.9635036496350365,
                "recall": 0.9522091974752029,
                "f1-score": 0.9578231292517009,
                "support": 1109
            },
            "1": {
                "precision": 0.952846975088968,
                "recall": 0.963996399639964,
                "f1-score": 0.9583892617449664,
                "support": 1111
            },
            "accuracy": 0.9581081081081081,
            "macro avg": {
                "precision": 0.9581753123620023,
                "recall": 0.9581027985575834,
                "f1-score": 0.9581061954983336,
                "support": 2220
            },
            "weighted avg": {
                "precision": 0.9581705120581527,
                "recall": 0.9581081081081081,
                "f1-score": 0.95810645051297,
                "support": 2220
            },
            "cross-entropy": 0.10764625904061863,
            "roc-auc": 0.9944687886281866,
            "score": 0.9581081081081081
        },
        "val": {
            "0": {
                "precision": 0.9637681159420289,
                "recall": 0.8926174496644296,
                "f1-score": 0.9268292682926829,
                "support": 149
            },
            "1": {
                "precision": 0.891156462585034,
                "recall": 0.9632352941176471,
                "f1-score": 0.9257950530035336,
                "support": 136
            },
            "accuracy": 0.9263157894736842,
            "macro avg": {
                "precision": 0.9274622892635315,
                "recall": 0.9279263718910383,
                "f1-score": 0.9263121606481082,
                "support": 285
            },
            "weighted avg": {
                "precision": 0.9291183445155332,
                "recall": 0.9263157894736842,
                "f1-score": 0.926335748014352,
                "support": 285
            },
            "cross-entropy": 0.3115921082243644,
            "roc-auc": 0.9593367548361627,
            "score": 0.9263157894736842
        },
        "test": {
            "0": {
                "precision": 0.8858024691358025,
                "recall": 0.875,
                "f1-score": 0.8803680981595092,
                "support": 328
            },
            "1": {
                "precision": 0.880466472303207,
                "recall": 0.8908554572271387,
                "f1-score": 0.8856304985337243,
                "support": 339
            },
            "accuracy": 0.8830584707646177,
            "macro avg": {
                "precision": 0.8831344707195048,
                "recall": 0.8829277286135693,
                "f1-score": 0.8829992983466168,
                "support": 667
            },
            "weighted avg": {
                "precision": 0.8830904707456227,
                "recall": 0.8830584707646177,
                "f1-score": 0.8830426914531508,
                "support": 667
            },
            "cross-entropy": 0.35407422950567546,
            "roc-auc": 0.953153104539895,
            "score": 0.8830584707646177
        }
    },
    "time": "0:00:14",
    "chunk_size": null,
    "eval_batch_size": 32768
}
