{
    "function": "bin.xgboost_.main",
    "gpus": [
        "NVIDIA GeForce RTX 2080 Ti"
    ],
    "config": {
        "seed": 4,
        "data": {
            "seed": 0,
            "num_policy": null,
            "cache": true,
            "path": ":data/classif-num-medium-4-phoneme",
            "cat_policy": null,
            "y_policy": null
        },
        "model": {
            "booster": "gbtree",
            "n_estimators": 4000,
            "n_jobs": 1,
            "tree_method": "gpu_hist",
            "use_label_encoder": false,
            "colsample_bytree": 0.9022980855889762,
            "gamma": 0.0025171855927599712,
            "lambda": 0.6730298682410263,
            "learning_rate": 0.15101078634220813,
            "max_depth": 13,
            "min_child_weight": 0.00049758689203979,
            "subsample": 0.8186997895513517
        },
        "fit": {
            "early_stopping_rounds": 200,
            "verbose": true
        },
        "neighbors": null
    },
    "prediction_type": "probs",
    "time": "0:00:01",
    "best_iteration": 264,
    "metrics": {
        "train": {
            "0": {
                "precision": 1.0,
                "recall": 1.0,
                "f1-score": 1.0,
                "support": 1109
            },
            "1": {
                "precision": 1.0,
                "recall": 1.0,
                "f1-score": 1.0,
                "support": 1111
            },
            "accuracy": 1.0,
            "macro avg": {
                "precision": 1.0,
                "recall": 1.0,
                "f1-score": 1.0,
                "support": 2220
            },
            "weighted avg": {
                "precision": 1.0,
                "recall": 1.0,
                "f1-score": 1.0,
                "support": 2220
            },
            "cross-entropy": 0.0028980973066723152,
            "roc-auc": 1.0,
            "score": 1.0
        },
        "val": {
            "0": {
                "precision": 0.9428571428571428,
                "recall": 0.8859060402684564,
                "f1-score": 0.9134948096885813,
                "support": 149
            },
            "1": {
                "precision": 0.8827586206896552,
                "recall": 0.9411764705882353,
                "f1-score": 0.9110320284697508,
                "support": 136
            },
            "accuracy": 0.9122807017543859,
            "macro avg": {
                "precision": 0.912807881773399,
                "recall": 0.9135412554283459,
                "f1-score": 0.9122634190791661,
                "support": 285
            },
            "weighted avg": {
                "precision": 0.914178549822833,
                "recall": 0.9122807017543859,
                "f1-score": 0.9123195877736308,
                "support": 285
            },
            "cross-entropy": 0.31104567943709327,
            "roc-auc": 0.9607185155941571,
            "score": 0.9122807017543859
        },
        "test": {
            "0": {
                "precision": 0.9044585987261147,
                "recall": 0.8658536585365854,
                "f1-score": 0.8847352024922118,
                "support": 328
            },
            "1": {
                "precision": 0.8753541076487252,
                "recall": 0.911504424778761,
                "f1-score": 0.8930635838150289,
                "support": 339
            },
            "accuracy": 0.889055472263868,
            "macro avg": {
                "precision": 0.88990635318742,
                "recall": 0.8886790416576732,
                "f1-score": 0.8888993931536204,
                "support": 667
            },
            "weighted avg": {
                "precision": 0.8896663611320591,
                "recall": 0.889055472263868,
                "f1-score": 0.8889680679621292,
                "support": 667
            },
            "cross-entropy": 0.3368542543400759,
            "roc-auc": 0.9577757392618174,
            "score": 0.889055472263868
        }
    }
}
