{
    "function": "bin.catboost_.main",
    "gpus": [
        "GeForce RTX 2080 Ti",
        "GeForce RTX 2080 Ti"
    ],
    "config": {
        "seed": 12,
        "data": {
            "seed": 0,
            "num_policy": null,
            "cat_policy": null,
            "cache": true,
            "path": ":data/regression-num-medium-2-cpu_act",
            "y_policy": "standard"
        },
        "model": {
            "iterations": 4000,
            "early_stopping_rounds": 200,
            "od_pval": 0.001,
            "bagging_temperature": 0.9951965923609593,
            "depth": 5,
            "l2_leaf_reg": 1.1361491890547826,
            "leaf_estimation_iterations": 9,
            "learning_rate": 0.022400822036085923,
            "task_type": "CPU",
            "thread_count": 4
        },
        "fit": {
            "logging_level": "Verbose"
        }
    },
    "prediction_type": null,
    "time": "0:00:08",
    "best_iteration": 3999,
    "metrics": {
        "train": {
            "rmse": 1.0882282778049046,
            "mae": 0.8266576111016004,
            "r2": 0.9964210218400373,
            "score": -1.0882282778049046
        },
        "val": {
            "rmse": 2.0136846284426455,
            "mae": 1.4445551873313611,
            "r2": 0.990324955489038,
            "score": -2.0136846284426455
        },
        "test": {
            "rmse": 2.094889446512943,
            "mae": 1.4987398026710352,
            "r2": 0.9866591245944727,
            "score": -2.094889446512943
        }
    }
}
