{
    "function": "bin.tabr.main",
    "gpus": [
        "A100-SXM-80GB"
    ],
    "config": {
        "seed": 14,
        "batch_size": 32,
        "patience": 16,
        "n_epochs": Infinity,
        "context_size": 96,
        "data": {
            "seed": 0,
            "cache": true,
            "path": ":data/classif-num-medium-4-wine",
            "num_policy": "quantile",
            "cat_policy": null,
            "y_policy": null
        },
        "model": {
            "num_embeddings": null,
            "d_main": 234,
            "context_dropout": 0.5907339306852467,
            "d_multiplier": 2.0,
            "encoder_n_blocks": 0,
            "predictor_n_blocks": 1,
            "mixer_normalization": "auto",
            "dropout0": 0.3037673721169631,
            "dropout1": 0.0,
            "normalization": "LayerNorm",
            "activation": "ReLU"
        },
        "optimizer": {
            "type": "AdamW",
            "lr": 0.0005186663797153301,
            "weight_decay": 3.345002325677904e-06
        }
    },
    "n_parameters": 498655,
    "prediction_type": "logits",
    "best_epoch": 3,
    "metrics": {
        "train": {
            "0": {
                "precision": 0.8460661345496009,
                "recall": 0.8253615127919911,
                "f1-score": 0.8355855855855857,
                "support": 899
            },
            "1": {
                "precision": 0.8274725274725274,
                "recall": 0.847972972972973,
                "f1-score": 0.8375973303670745,
                "support": 888
            },
            "accuracy": 0.8365976496922216,
            "macro avg": {
                "precision": 0.8367693310110642,
                "recall": 0.8366672428824821,
                "f1-score": 0.83659145797633,
                "support": 1787
            },
            "weighted avg": {
                "precision": 0.836826558117345,
                "recall": 0.8365976496922216,
                "f1-score": 0.8365852662604385,
                "support": 1787
            },
            "cross-entropy": 0.37288749773950153,
            "roc-auc": 0.917978183968173,
            "score": 0.8365976496922216
        },
        "val": {
            "0": {
                "precision": 0.8487394957983193,
                "recall": 0.8347107438016529,
                "f1-score": 0.8416666666666667,
                "support": 121
            },
            "1": {
                "precision": 0.8198198198198198,
                "recall": 0.8348623853211009,
                "f1-score": 0.8272727272727273,
                "support": 109
            },
            "accuracy": 0.8347826086956521,
            "macro avg": {
                "precision": 0.8342796578090695,
                "recall": 0.8347865645613769,
                "f1-score": 0.834469696969697,
                "support": 230
            },
            "weighted avg": {
                "precision": 0.8350340841389435,
                "recall": 0.8347826086956521,
                "f1-score": 0.8348451910408432,
                "support": 230
            },
            "cross-entropy": 0.42206812008128536,
            "roc-auc": 0.8901357191599061,
            "score": 0.8347826086956521
        },
        "test": {
            "0": {
                "precision": 0.7722007722007722,
                "recall": 0.7782101167315175,
                "f1-score": 0.7751937984496123,
                "support": 257
            },
            "1": {
                "precision": 0.7949640287769785,
                "recall": 0.7892857142857143,
                "f1-score": 0.7921146953405017,
                "support": 280
            },
            "accuracy": 0.7839851024208566,
            "macro avg": {
                "precision": 0.7835824004888754,
                "recall": 0.7837479155086159,
                "f1-score": 0.783654246895057,
                "support": 537
            },
            "weighted avg": {
                "precision": 0.784069881774958,
                "recall": 0.7839851024208566,
                "f1-score": 0.7840166124709327,
                "support": 537
            },
            "cross-entropy": 0.4332236382459412,
            "roc-auc": 0.8788215675375208,
            "score": 0.7839851024208566
        }
    },
    "time": "0:00:07",
    "chunk_size": null,
    "eval_batch_size": 32768
}