{
    "function": "bin.catboost_.main",
    "gpus": [
        "A100-SXM-80GB"
    ],
    "config": {
        "seed": 10,
        "data": {
            "seed": 0,
            "num_policy": null,
            "cat_policy": null,
            "cache": true,
            "path": ":data/covtype",
            "y_policy": null
        },
        "model": {
            "iterations": 4000,
            "early_stopping_rounds": 200,
            "od_pval": 0.001,
            "bagging_temperature": 0.05921106496430908,
            "depth": 11,
            "l2_leaf_reg": 8.753098932872433,
            "leaf_estimation_iterations": 8,
            "learning_rate": 0.1256280180714141,
            "task_type": "CPU",
            "thread_count": 4
        },
        "fit": {
            "logging_level": "Verbose"
        }
    },
    "prediction_type": "probs",
    "time": "1:45:30",
    "best_iteration": 3914,
    "metrics": {
        "train": {
            "0": {
                "precision": 0.9999852484529315,
                "recall": 0.9999926241720634,
                "f1-score": 0.999988936298897,
                "support": 135578
            },
            "1": {
                "precision": 0.9999944846148331,
                "recall": 0.9999889692905047,
                "f1-score": 0.9999917269450641,
                "support": 181312
            },
            "2": {
                "precision": 1.0,
                "recall": 1.0,
                "f1-score": 1.0,
                "support": 22882
            },
            "3": {
                "precision": 1.0,
                "recall": 1.0,
                "f1-score": 1.0,
                "support": 1759
            },
            "4": {
                "precision": 1.0,
                "recall": 1.0,
                "f1-score": 1.0,
                "support": 6075
            },
            "5": {
                "precision": 1.0,
                "recall": 1.0,
                "f1-score": 1.0,
                "support": 11115
            },
            "6": {
                "precision": 1.0,
                "recall": 1.0,
                "f1-score": 1.0,
                "support": 13126
            },
            "accuracy": 0.9999919321656487,
            "macro avg": {
                "precision": 0.9999971047239663,
                "recall": 0.9999973704946525,
                "f1-score": 0.9999972376062801,
                "support": 371847
            },
            "weighted avg": {
                "precision": 0.9999919321904873,
                "recall": 0.9999919321656487,
                "f1-score": 0.9999919321694013,
                "support": 371847
            },
            "cross-entropy": 0.013538415916182192,
            "score": 0.9999919321656487
        },
        "val": {
            "0": {
                "precision": 0.9709900139271639,
                "recall": 0.966778780905175,
                "f1-score": 0.9688798214100915,
                "support": 33894
            },
            "1": {
                "precision": 0.9715365018009312,
                "recall": 0.9759089304624073,
                "f1-score": 0.9737178076161127,
                "support": 45328
            },
            "2": {
                "precision": 0.963104105317859,
                "recall": 0.9718580667715434,
                "f1-score": 0.9674612841482513,
                "support": 5721
            },
            "3": {
                "precision": 0.9144893111638955,
                "recall": 0.876993166287016,
                "f1-score": 0.8953488372093024,
                "support": 439
            },
            "4": {
                "precision": 0.914364640883978,
                "recall": 0.8716260697827518,
                "f1-score": 0.8924839905628581,
                "support": 1519
            },
            "5": {
                "precision": 0.9419401370357015,
                "recall": 0.9399064411658871,
                "f1-score": 0.9409221902017292,
                "support": 2779
            },
            "6": {
                "precision": 0.9706242350061199,
                "recall": 0.9664838513101767,
                "f1-score": 0.9685496183206107,
                "support": 3282
            },
            "accuracy": 0.9687506723177213,
            "macro avg": {
                "precision": 0.9495784207336643,
                "recall": 0.9385079009549939,
                "f1-score": 0.9439090784955652,
                "support": 92962
            },
            "weighted avg": {
                "precision": 0.9686977662853573,
                "recall": 0.9687506723177213,
                "f1-score": 0.9687085410405076,
                "support": 92962
            },
            "cross-entropy": 0.08493583777474527,
            "score": 0.9687506723177213
        },
        "test": {
            "0": {
                "precision": 0.9719137197079598,
                "recall": 0.964595921450151,
                "f1-score": 0.9682409941125603,
                "support": 42368
            },
            "1": {
                "precision": 0.9696592800210213,
                "recall": 0.9769153385926828,
                "f1-score": 0.9732737854517961,
                "support": 56661
            },
            "2": {
                "precision": 0.9616613418530351,
                "recall": 0.968116347364005,
                "f1-score": 0.9648780487804878,
                "support": 7151
            },
            "3": {
                "precision": 0.8983050847457628,
                "recall": 0.8688524590163934,
                "f1-score": 0.8833333333333333,
                "support": 549
            },
            "4": {
                "precision": 0.920803123257111,
                "recall": 0.8694049499736703,
                "f1-score": 0.8943661971830987,
                "support": 1899
            },
            "5": {
                "precision": 0.937463976945245,
                "recall": 0.9366541894615606,
                "f1-score": 0.9370589082529166,
                "support": 3473
            },
            "6": {
                "precision": 0.971540726202159,
                "recall": 0.9653827401267674,
                "f1-score": 0.9684519442406457,
                "support": 4102
            },
            "accuracy": 0.9680042683923823,
            "macro avg": {
                "precision": 0.9473353218188992,
                "recall": 0.9357031351407473,
                "f1-score": 0.9413718873364055,
                "support": 116203
            },
            "weighted avg": {
                "precision": 0.9679577314772577,
                "recall": 0.9680042683923823,
                "f1-score": 0.9679551319239834,
                "support": 116203
            },
            "cross-entropy": 0.08654323072965066,
            "score": 0.9680042683923823
        }
    }
}
