{
    "function": "bin.tabr_design.main",
    "gpus": [
        "NVIDIA A100-SXM4-80GB"
    ],
    "config": {
        "seed": 11,
        "batch_size": 1024,
        "patience": 16,
        "n_epochs": Infinity,
        "context_size": 96,
        "data": {
            "seed": 0,
            "cache": true,
            "path": ":data/covtype",
            "num_policy": "quantile",
            "cat_policy": null,
            "y_policy": null
        },
        "model": {
            "num_embeddings": null,
            "d_main": 251,
            "context_dropout": 0.0735570743076957,
            "d_multiplier": 2.0,
            "encoder_n_blocks": 0,
            "predictor_n_blocks": 1,
            "mixer_normalization": "auto",
            "dropout0": 0.173212495496676,
            "dropout1": 0.0,
            "normalization": "LayerNorm",
            "activation": "ReLU",
            "dot_product": true,
            "use_Q": true,
            "use_V": true,
            "use_labels": false,
            "use_T": false,
            "self_attention": true,
            "scale_similarities": true
        },
        "optimizer": {
            "type": "AdamW",
            "lr": 0.0003673683311734016,
            "weight_decay": 0.0
        }
    },
    "n_parameters": 459086,
    "prediction_type": "logits",
    "best_epoch": 218,
    "metrics": {
        "train": {
            "0": {
                "precision": 0.9795443045510016,
                "recall": 0.9709466137573942,
                "f1-score": 0.9752265100049635,
                "support": 135578
            },
            "1": {
                "precision": 0.9785384391492259,
                "recall": 0.9827534857042005,
                "f1-score": 0.9806414331118174,
                "support": 181312
            },
            "2": {
                "precision": 0.9909046757031216,
                "recall": 0.9808146141071584,
                "f1-score": 0.9858338275021413,
                "support": 22882
            },
            "3": {
                "precision": 0.9798734905117884,
                "recall": 0.9687322342239909,
                "f1-score": 0.9742710120068611,
                "support": 1759
            },
            "4": {
                "precision": 0.9272871917263326,
                "recall": 0.9593415637860082,
                "f1-score": 0.9430420711974111,
                "support": 6075
            },
            "5": {
                "precision": 0.9663406467530179,
                "recall": 0.9866846603688709,
                "f1-score": 0.9764066951566952,
                "support": 11115
            },
            "6": {
                "precision": 0.967326139088729,
                "recall": 0.9833917415815938,
                "f1-score": 0.9752927842840952,
                "support": 13126
            },
            "accuracy": 0.9780205299491458,
            "macro avg": {
                "precision": 0.9699735553547454,
                "recall": 0.976094987647031,
                "f1-score": 0.9729591904662834,
                "support": 371847
            },
            "weighted avg": {
                "precision": 0.978074762848067,
                "recall": 0.9780205299491458,
                "f1-score": 0.9780268382709845,
                "support": 371847
            },
            "cross-entropy": 0.05555950015553535,
            "score": 0.9780205299491458
        },
        "val": {
            "0": {
                "precision": 0.9641728763040238,
                "recall": 0.9543872071753112,
                "f1-score": 0.9592550857007294,
                "support": 33894
            },
            "1": {
                "precision": 0.9644597620406551,
                "recall": 0.969268443346276,
                "f1-score": 0.9668581237208689,
                "support": 45328
            },
            "2": {
                "precision": 0.9670001755309812,
                "recall": 0.9629435413389268,
                "f1-score": 0.9649675950253984,
                "support": 5721
            },
            "3": {
                "precision": 0.918854415274463,
                "recall": 0.876993166287016,
                "f1-score": 0.8974358974358974,
                "support": 439
            },
            "4": {
                "precision": 0.8741258741258742,
                "recall": 0.9052007899934167,
                "f1-score": 0.889391979301423,
                "support": 1519
            },
            "5": {
                "precision": 0.9284203102961918,
                "recall": 0.9474631162288593,
                "f1-score": 0.9378450578806767,
                "support": 2779
            },
            "6": {
                "precision": 0.9504950495049505,
                "recall": 0.9652650822669104,
                "f1-score": 0.9578231292517007,
                "support": 3282
            },
            "accuracy": 0.9611776855059057,
            "macro avg": {
                "precision": 0.9382183518681628,
                "recall": 0.9402173352338166,
                "f1-score": 0.9390824097595277,
                "support": 92962
            },
            "weighted avg": {
                "precision": 0.9612497004510573,
                "recall": 0.9611776855059057,
                "f1-score": 0.9611897788288556,
                "support": 92962
            },
            "cross-entropy": 0.10418214068626512,
            "score": 0.9611776855059057
        },
        "test": {
            "0": {
                "precision": 0.9634230668351653,
                "recall": 0.9536678625377644,
                "f1-score": 0.9585206447863166,
                "support": 42368
            },
            "1": {
                "precision": 0.9635077495567921,
                "recall": 0.9687792308642629,
                "f1-score": 0.9661362996339059,
                "support": 56661
            },
            "2": {
                "precision": 0.9679099225897255,
                "recall": 0.9616836806041114,
                "f1-score": 0.9647867564534233,
                "support": 7151
            },
            "3": {
                "precision": 0.9227871939736346,
                "recall": 0.8925318761384335,
                "f1-score": 0.9074074074074073,
                "support": 549
            },
            "4": {
                "precision": 0.8655720882503848,
                "recall": 0.8883622959452343,
                "f1-score": 0.8768191268191269,
                "support": 1899
            },
            "5": {
                "precision": 0.9319977426636569,
                "recall": 0.9510509645839332,
                "f1-score": 0.9414279606669517,
                "support": 3473
            },
            "6": {
                "precision": 0.9534101825168108,
                "recall": 0.9678205753291077,
                "f1-score": 0.9605613355915799,
                "support": 4102
            },
            "accuracy": 0.9605948211319846,
            "macro avg": {
                "precision": 0.9383725637694528,
                "recall": 0.9405566408575495,
                "f1-score": 0.9393799330512443,
                "support": 116203
            },
            "weighted avg": {
                "precision": 0.960656723525061,
                "recall": 0.9605948211319846,
                "f1-score": 0.9606041990460747,
                "support": 116203
            },
            "cross-entropy": 0.1041225848878939,
            "score": 0.9605948211319846
        }
    },
    "time": "1:17:58",
    "chunk_size": null,
    "eval_batch_size": 32768
}