{
    "function": "bin.ensemble.main",
    "config": {
        "seeds": [
            0,
            1,
            2,
            3,
            4
        ]
    },
    "single_model_function": "bin.catboost_.main",
    "data": ":data/regression-num-medium-2-isolet",
    "prediction_type": null,
    "metrics": {
        "train": {
            "rmse": 0.30990954253855774,
            "mae": 0.23756502665732454,
            "r2": 0.9982991677993539,
            "score": -0.30990954253855774
        },
        "val": {
            "rmse": 3.1683570063954445,
            "mae": 2.086079022666046,
            "r2": 0.8169445001939147,
            "score": -3.1683570063954445
        },
        "test": {
            "rmse": 2.8874084799253494,
            "mae": 1.925853587503515,
            "r2": 0.8514554257491854,
            "score": -2.8874084799253494
        }
    }
}
