{
    "function": "bin.ensemble.main",
    "config": {
        "seeds": [
            5,
            6,
            7,
            8,
            9
        ]
    },
    "single_model_function": "bin.ffn.main",
    "data": ":data/classif-cat-medium-2-KDDCup09_upselling",
    "prediction_type": "probs",
    "metrics": {
        "train": {
            "0": {
                "precision": 0.7331037451571244,
                "recall": 0.9545964125560538,
                "f1-score": 0.8293158022887753,
                "support": 1784
            },
            "1": {
                "precision": 0.9360189573459715,
                "recall": 0.6565096952908587,
                "f1-score": 0.7717355910126995,
                "support": 1805
            },
            "accuracy": 0.8046809696294233,
            "macro avg": {
                "precision": 0.834561351251548,
                "recall": 0.8055530539234562,
                "f1-score": 0.8005256966507375,
                "support": 3589
            },
            "weighted avg": {
                "precision": 0.8351550012175504,
                "recall": 0.8046809696294233,
                "f1-score": 0.8003572396380879,
                "support": 3589
            },
            "cross-entropy": 0.42287899986935895,
            "roc-auc": 0.9182114331142939,
            "score": 0.8046809696294233
        },
        "val": {
            "0": {
                "precision": 0.744408945686901,
                "recall": 0.9433198380566802,
                "f1-score": 0.8321428571428573,
                "support": 247
            },
            "1": {
                "precision": 0.9047619047619048,
                "recall": 0.6244131455399061,
                "f1-score": 0.7388888888888889,
                "support": 213
            },
            "accuracy": 0.7956521739130434,
            "macro avg": {
                "precision": 0.8245854252244029,
                "recall": 0.7838664917982932,
                "f1-score": 0.7855158730158731,
                "support": 460
            },
            "weighted avg": {
                "precision": 0.8186593376064136,
                "recall": 0.7956521739130434,
                "f1-score": 0.788962215320911,
                "support": 460
            },
            "cross-entropy": 0.4400848700691895,
            "roc-auc": 0.8943186786033339,
            "score": 0.7956521739130434
        },
        "test": {
            "0": {
                "precision": 0.7419825072886297,
                "recall": 0.9585687382297552,
                "f1-score": 0.8364831552999178,
                "support": 531
            },
            "1": {
                "precision": 0.9437340153452686,
                "recall": 0.6758241758241759,
                "f1-score": 0.7876200640341516,
                "support": 546
            },
            "accuracy": 0.8152274837511606,
            "macro avg": {
                "precision": 0.8428582613169491,
                "recall": 0.8171964570269655,
                "f1-score": 0.8120516096670347,
                "support": 1077
            },
            "weighted avg": {
                "precision": 0.8442632161084299,
                "recall": 0.8152274837511606,
                "f1-score": 0.8117113374437355,
                "support": 1077
            },
            "cross-entropy": 0.4281351605107743,
            "roc-auc": 0.8927140028834943,
            "score": 0.8152274837511606
        }
    }
}
