{
    "function": "bin.ffn.main",
    "gpus": [
        "A100-SXM-80GB"
    ],
    "config": {
        "seed": 10,
        "batch_size": 64,
        "patience": 16,
        "n_epochs": Infinity,
        "data": {
            "seed": 0,
            "cache": true,
            "path": ":data/regression-cat-medium-3-Mercedes_Benz_Greener_Manufacturing",
            "num_policy": null,
            "cat_policy": "ordinal",
            "y_policy": "standard"
        },
        "optimizer": {
            "type": "AdamW",
            "lr": 0.0007218749637382927,
            "weight_decay": 0.0
        },
        "model": {
            "num_embeddings": null,
            "backbone": {
                "type": "MLP",
                "n_blocks": 2,
                "d_layer": 750,
                "dropout": 0.46494923980765857,
                "activation": "ReLU"
            }
        }
    },
    "n_parameters": 849001,
    "prediction_type": null,
    "best_epoch": 6,
    "metrics": {
        "train": {
            "rmse": 7.743480725544635,
            "mae": 5.403641252450939,
            "r2": 0.6169058654837253,
            "score": -7.743480725544635
        },
        "val": {
            "rmse": 12.26354067762121,
            "mae": 6.495350219379816,
            "r2": 0.3459566360728008,
            "score": -12.26354067762121
        },
        "test": {
            "rmse": 7.754767091746052,
            "mae": 5.63873405590914,
            "r2": 0.5849403895006947,
            "score": -7.754767091746052
        }
    },
    "time": "0:00:02",
    "chunk_size": null,
    "eval_batch_size": 32768
}
