{
    "function": "bin.ffn.main",
    "gpus": [
        "A100-SXM-80GB"
    ],
    "config": {
        "seed": 5,
        "batch_size": 1024,
        "patience": 16,
        "n_epochs": Infinity,
        "data": {
            "seed": 0,
            "cache": true,
            "path": ":data/covtype",
            "num_policy": "quantile",
            "cat_policy": null,
            "y_policy": null
        },
        "optimizer": {
            "type": "AdamW",
            "lr": 0.0002704453888822608,
            "weight_decay": 2.5695981842685024e-06
        },
        "model": {
            "backbone": {
                "type": "MLP",
                "n_blocks": 6,
                "d_layer": 803,
                "dropout": 0.28139823636802674,
                "activation": "ReLU"
            },
            "num_embeddings": {
                "type": "PLREmbeddings",
                "n_frequencies": 57,
                "frequency_scale": 0.5553089189976465,
                "d_embedding": 16,
                "lite": false
            }
        }
    },
    "n_parameters": 3417273,
    "prediction_type": "logits",
    "best_epoch": 106,
    "metrics": {
        "train": {
            "0": {
                "precision": 0.9946611333461328,
                "recall": 0.9935166472436531,
                "f1-score": 0.9940885608856088,
                "support": 135578
            },
            "1": {
                "precision": 0.9963161679296422,
                "recall": 0.9934477585598306,
                "f1-score": 0.9948798957199906,
                "support": 181312
            },
            "2": {
                "precision": 0.9950192240475358,
                "recall": 0.9952801328555196,
                "f1-score": 0.9951496613502295,
                "support": 22882
            },
            "3": {
                "precision": 0.9809736989367656,
                "recall": 0.9965889710062535,
                "f1-score": 0.9887196841511562,
                "support": 1759
            },
            "4": {
                "precision": 0.9390281646549056,
                "recall": 0.9988477366255144,
                "f1-score": 0.96801467655739,
                "support": 6075
            },
            "5": {
                "precision": 0.9907001699007422,
                "recall": 0.9967611336032388,
                "f1-score": 0.9937214099919275,
                "support": 11115
            },
            "6": {
                "precision": 0.9844536237326323,
                "recall": 0.9986286759104068,
                "f1-score": 0.9914904882568738,
                "support": 13126
            },
            "accuracy": 0.9939706384615178,
            "macro avg": {
                "precision": 0.9830217403640508,
                "recall": 0.9961530079720596,
                "f1-score": 0.9894377681304538,
                "support": 371847
            },
            "weighted avg": {
                "precision": 0.9940377992867675,
                "recall": 0.9939706384615178,
                "f1-score": 0.9939856495197651,
                "support": 371847
            },
            "cross-entropy": 0.016558091333343707,
            "score": 0.9939706384615178
        },
        "val": {
            "0": {
                "precision": 0.9723897363131134,
                "recall": 0.9704962530241341,
                "f1-score": 0.9714420720002362,
                "support": 33894
            },
            "1": {
                "precision": 0.9783404718048867,
                "recall": 0.9725776561948465,
                "f1-score": 0.9754505526114904,
                "support": 45328
            },
            "2": {
                "precision": 0.968657496082187,
                "recall": 0.9723824506205209,
                "f1-score": 0.9705163991625959,
                "support": 5721
            },
            "3": {
                "precision": 0.9072398190045249,
                "recall": 0.9134396355353075,
                "f1-score": 0.9103291713961408,
                "support": 439
            },
            "4": {
                "precision": 0.8530805687203792,
                "recall": 0.9479921000658328,
                "f1-score": 0.8980355472404117,
                "support": 1519
            },
            "5": {
                "precision": 0.9366420274551215,
                "recall": 0.9575386829794891,
                "f1-score": 0.9469750889679716,
                "support": 2779
            },
            "6": {
                "precision": 0.9586186364989581,
                "recall": 0.9811090798293723,
                "f1-score": 0.9697334738744164,
                "support": 3282
            },
            "accuracy": 0.9709773886104,
            "macro avg": {
                "precision": 0.9392812508398816,
                "recall": 0.9593622654642148,
                "f1-score": 0.9489260436076091,
                "support": 92962
            },
            "weighted avg": {
                "precision": 0.971249611533437,
                "recall": 0.9709773886104,
                "f1-score": 0.97105983189645,
                "support": 92962
            },
            "cross-entropy": 0.08727284326607844,
            "score": 0.9709773886104
        },
        "test": {
            "0": {
                "precision": 0.9728640834222064,
                "recall": 0.9688916163141994,
                "f1-score": 0.970873786407767,
                "support": 42368
            },
            "1": {
                "precision": 0.9773670580722977,
                "recall": 0.9724854838425019,
                "f1-score": 0.974920160298658,
                "support": 56661
            },
            "2": {
                "precision": 0.9649708090075062,
                "recall": 0.9707733184170046,
                "f1-score": 0.9678633670268386,
                "support": 7151
            },
            "3": {
                "precision": 0.9119266055045872,
                "recall": 0.9052823315118397,
                "f1-score": 0.9085923217550275,
                "support": 549
            },
            "4": {
                "precision": 0.8524822695035461,
                "recall": 0.9494470774091627,
                "f1-score": 0.8983557548579971,
                "support": 1899
            },
            "5": {
                "precision": 0.9323033707865168,
                "recall": 0.9556579326230924,
                "f1-score": 0.9438362007678089,
                "support": 3473
            },
            "6": {
                "precision": 0.9551707779886148,
                "recall": 0.9817162359824476,
                "f1-score": 0.9682616013464774,
                "support": 4102
            },
            "accuracy": 0.9701987039921517,
            "macro avg": {
                "precision": 0.9381549963264678,
                "recall": 0.957750570871464,
                "f1-score": 0.9475290274943678,
                "support": 116203
            },
            "weighted avg": {
                "precision": 0.9704819866383769,
                "recall": 0.9701987039921517,
                "f1-score": 0.9702819178500052,
                "support": 116203
            },
            "cross-entropy": 0.08805533744887649,
            "score": 0.9701987039921517
        }
    },
    "time": "0:03:58",
    "chunk_size": null,
    "eval_batch_size": 32768
}
