{
    "function": "bin.lightgbm_.main",
    "gpus": [
        "GeForce RTX 2080 Ti",
        "GeForce RTX 2080 Ti"
    ],
    "config": {
        "seed": 10,
        "data": {
            "seed": 0,
            "num_policy": null,
            "cache": true,
            "path": ":data/classif-num-medium-1-wine",
            "cat_policy": null,
            "y_policy": null
        },
        "model": {
            "n_estimators": 4000,
            "n_jobs": 4,
            "feature_fraction": 0.9187167447760363,
            "lambda_l2": 1.5218676741535808,
            "learning_rate": 0.10015499988364168,
            "num_leaves": 266,
            "min_sum_hessian_in_leaf": 0.0785395628893017,
            "bagging_fraction": 0.9963784770993432
        },
        "fit": {
            "early_stopping_rounds": 200,
            "verbose": true
        }
    },
    "prediction_type": "probs",
    "time": "0:00:01",
    "best_iteration": 15,
    "metrics": {
        "train": {
            "0": {
                "precision": 0.9002320185614849,
                "recall": 0.8651059085841695,
                "f1-score": 0.8823194997157475,
                "support": 897
            },
            "1": {
                "precision": 0.8691891891891892,
                "recall": 0.903370786516854,
                "f1-score": 0.8859504132231405,
                "support": 890
            },
            "accuracy": 0.8841634023503078,
            "macro avg": {
                "precision": 0.8847106038753371,
                "recall": 0.8842383475505118,
                "f1-score": 0.8841349564694441,
                "support": 1787
            },
            "weighted avg": {
                "precision": 0.8847714040447848,
                "recall": 0.8841634023503078,
                "f1-score": 0.8841278449992281,
                "support": 1787
            },
            "cross-entropy": 0.3862045549581797,
            "roc-auc": 0.9541536707877695,
            "score": 0.8841634023503078
        },
        "val": {
            "0": {
                "precision": 0.7906976744186046,
                "recall": 0.8429752066115702,
                "f1-score": 0.816,
                "support": 121
            },
            "1": {
                "precision": 0.8118811881188119,
                "recall": 0.7522935779816514,
                "f1-score": 0.780952380952381,
                "support": 109
            },
            "accuracy": 0.8,
            "macro avg": {
                "precision": 0.8012894312687082,
                "recall": 0.7976343922966108,
                "f1-score": 0.7984761904761905,
                "support": 230
            },
            "weighted avg": {
                "precision": 0.8007368178678334,
                "recall": 0.8,
                "f1-score": 0.7993904761904762,
                "support": 230
            },
            "cross-entropy": 0.5051875974840463,
            "roc-auc": 0.8444537114261885,
            "score": 0.8
        },
        "test": {
            "0": {
                "precision": 0.7615062761506276,
                "recall": 0.7027027027027027,
                "f1-score": 0.7309236947791165,
                "support": 259
            },
            "1": {
                "precision": 0.7416107382550335,
                "recall": 0.7949640287769785,
                "f1-score": 0.767361111111111,
                "support": 278
            },
            "accuracy": 0.750465549348231,
            "macro avg": {
                "precision": 0.7515585072028306,
                "recall": 0.7488333657398406,
                "f1-score": 0.7491424029451137,
                "support": 537
            },
            "weighted avg": {
                "precision": 0.7512065377242306,
                "recall": 0.750465549348231,
                "f1-score": 0.7497870127312478,
                "support": 537
            },
            "cross-entropy": 0.5137968049703525,
            "roc-auc": 0.8266645370961918,
            "score": 0.750465549348231
        }
    }
}
