{
    "function": "bin.catboost_.main",
    "gpus": [
        "GeForce RTX 2080 Ti",
        "GeForce RTX 2080 Ti"
    ],
    "config": {
        "seed": 7,
        "data": {
            "seed": 0,
            "num_policy": null,
            "cat_policy": null,
            "cache": true,
            "path": ":data/regression-cat-medium-0-visualizing_soil",
            "y_policy": "standard"
        },
        "model": {
            "iterations": 4000,
            "early_stopping_rounds": 200,
            "od_pval": 0.001,
            "bagging_temperature": 0.4792699891143606,
            "depth": 12,
            "l2_leaf_reg": 5.4104445382686395,
            "leaf_estimation_iterations": 10,
            "learning_rate": 0.02485316103030904,
            "task_type": "CPU",
            "thread_count": 4
        },
        "fit": {
            "logging_level": "Verbose"
        }
    },
    "prediction_type": null,
    "time": "0:01:00",
    "best_iteration": 3992,
    "metrics": {
        "train": {
            "rmse": 0.008572327839050433,
            "mae": 0.006481115737844048,
            "r2": 0.9999995211228717,
            "score": -0.008572327839050433
        },
        "val": {
            "rmse": 0.04953714224339421,
            "mae": 0.023313525208667966,
            "r2": 0.9999839882987587,
            "score": -0.04953714224339421
        },
        "test": {
            "rmse": 0.05524679555719773,
            "mae": 0.024242260644596995,
            "r2": 0.9999800747316507,
            "score": -0.05524679555719773
        }
    }
}
