{
    "function": "bin.saint.main",
    "gpus": [
        "NVIDIA A100-SXM-80GB"
    ],
    "config": {
        "seed": 12,
        "batch_size": 1024,
        "patience": 16,
        "n_epochs": Infinity,
        "data": {
            "seed": 0,
            "cache": true,
            "path": ":data/covtype",
            "num_policy": "quantile",
            "cat_policy": null,
            "y_policy": null
        },
        "model": {
            "depth": 4,
            "heads": 8,
            "attentiontype": "colrow",
            "dim": 32,
            "dim_head": 48,
            "ffn_mult": 4,
            "attn_dropout": 0.1,
            "ff_dropout": 0.8
        },
        "optimizer": {
            "type": "AdamW",
            "lr": 0.0001,
            "weight_decay": 0.01
        }
    },
    "n_parameters": 167142915,
    "prediction_type": "logits",
    "best_epoch": 178,
    "metrics": {
        "train": {
            "0": {
                "precision": 0.9892230410055545,
                "recall": 0.9891427812771983,
                "f1-score": 0.9891829095133601,
                "support": 135578
            },
            "1": {
                "precision": 0.9926418964116115,
                "recall": 0.9903260677726792,
                "f1-score": 0.9914826298105196,
                "support": 181312
            },
            "2": {
                "precision": 0.9916608452672022,
                "recall": 0.9926142819683594,
                "f1-score": 0.9921373345564146,
                "support": 22882
            },
            "3": {
                "precision": 0.9868194842406877,
                "recall": 0.9789653212052303,
                "f1-score": 0.9828767123287672,
                "support": 1759
            },
            "4": {
                "precision": 0.9595030655050016,
                "recall": 0.9789300411522633,
                "f1-score": 0.9691192047584127,
                "support": 6075
            },
            "5": {
                "precision": 0.986294006987369,
                "recall": 0.99055330634278,
                "f1-score": 0.9884190681389712,
                "support": 11115
            },
            "6": {
                "precision": 0.9757865630371422,
                "recall": 0.9947432576565595,
                "f1-score": 0.9851737276945712,
                "support": 13126
            },
            "accuracy": 0.9899582355108418,
            "macro avg": {
                "precision": 0.9831327003506527,
                "recall": 0.9878964367678671,
                "f1-score": 0.9854845124001451,
                "support": 371847
            },
            "weighted avg": {
                "precision": 0.9899813131391398,
                "recall": 0.9899582355108418,
                "f1-score": 0.9899640797680347,
                "support": 371847
            },
            "cross-entropy": 0.024737470701721352,
            "score": 0.9899582355108418
        },
        "val": {
            "0": {
                "precision": 0.9673135251332489,
                "recall": 0.9691685844102201,
                "f1-score": 0.9682401662417285,
                "support": 33894
            },
            "1": {
                "precision": 0.9763662565125818,
                "recall": 0.9715628309212848,
                "f1-score": 0.9739586212997469,
                "support": 45328
            },
            "2": {
                "precision": 0.9658282740676496,
                "recall": 0.9732564237021499,
                "f1-score": 0.9695281211910151,
                "support": 5721
            },
            "3": {
                "precision": 0.9158878504672897,
                "recall": 0.8929384965831435,
                "f1-score": 0.9042675893886967,
                "support": 439
            },
            "4": {
                "precision": 0.8913881748071979,
                "recall": 0.913100724160632,
                "f1-score": 0.9021138211382113,
                "support": 1519
            },
            "5": {
                "precision": 0.9468963042698242,
                "recall": 0.9496221662468514,
                "f1-score": 0.9482572763205174,
                "support": 2779
            },
            "6": {
                "precision": 0.9524092801903629,
                "recall": 0.975624619134674,
                "f1-score": 0.9638771824202289,
                "support": 3282
            },
            "accuracy": 0.968955056904972,
            "macro avg": {
                "precision": 0.9451556664925935,
                "recall": 0.9493248350227079,
                "f1-score": 0.9471775397143064,
                "support": 92962
            },
            "weighted avg": {
                "precision": 0.9690161931009184,
                "recall": 0.968955056904972,
                "f1-score": 0.9689737227238481,
                "support": 92962
            },
            "cross-entropy": 0.09565306560853913,
            "score": 0.968955056904972
        },
        "test": {
            "0": {
                "precision": 0.968725622296291,
                "recall": 0.9672394259818731,
                "f1-score": 0.967981953679536,
                "support": 42368
            },
            "1": {
                "precision": 0.9748602363597764,
                "recall": 0.9725031326662078,
                "f1-score": 0.9736802579847152,
                "support": 56661
            },
            "2": {
                "precision": 0.9666990425974746,
                "recall": 0.9742693329604251,
                "f1-score": 0.9704694247109624,
                "support": 7151
            },
            "3": {
                "precision": 0.9085820895522388,
                "recall": 0.8870673952641166,
                "f1-score": 0.8976958525345622,
                "support": 549
            },
            "4": {
                "precision": 0.8968212610734758,
                "recall": 0.9062664560294892,
                "f1-score": 0.9015191199580932,
                "support": 1899
            },
            "5": {
                "precision": 0.9446978335233751,
                "recall": 0.9542182551108551,
                "f1-score": 0.9494341784844579,
                "support": 3473
            },
            "6": {
                "precision": 0.9526866381359962,
                "recall": 0.976840565577767,
                "f1-score": 0.964612421762157,
                "support": 4102
            },
            "accuracy": 0.9688131975938659,
            "macro avg": {
                "precision": 0.9447246747912327,
                "recall": 0.9483435090843905,
                "f1-score": 0.9464847441592118,
                "support": 116203
            },
            "weighted avg": {
                "precision": 0.9688486457221269,
                "recall": 0.9688131975938659,
                "f1-score": 0.9688220463762676,
                "support": 116203
            },
            "cross-entropy": 0.09805965433869238,
            "score": 0.9688131975938659
        }
    },
    "time": "5:39:48",
    "chunk_size": null,
    "eval_batch_size": 8192
}
