{
    "function": "bin.catboost_.main",
    "gpus": [],
    "config": {
        "seed": 7,
        "data": {
            "seed": 0,
            "num_policy": null,
            "cat_policy": null,
            "cache": true,
            "path": ":data/weather-small",
            "y_policy": "standard"
        },
        "model": {
            "iterations": 4000,
            "early_stopping_rounds": 3999,
            "thread_count": 4,
            "task_type": "CPU",
            "od_pval": 0.001
        },
        "fit": {
            "logging_level": "Verbose"
        }
    },
    "prediction_type": null,
    "time": "0:02:16",
    "best_iteration": 3999,
    "metrics": {
        "train": {
            "rmse": 1.736186291177382,
            "mae": 1.3074998572635197,
            "r2": 0.9714134774881951,
            "score": -1.736186291177382
        },
        "val": {
            "rmse": 1.8944804104536577,
            "mae": 1.405521928665893,
            "r2": 0.9659448757679411,
            "score": -1.8944804104536577
        },
        "test": {
            "rmse": 1.8936754986981914,
            "mae": 1.4076937000901186,
            "r2": 0.9660651972305765,
            "score": -1.8936754986981914
        }
    }
}
