{
    "function": "bin.ffn.main",
    "gpus": [
        "A100-SXM-80GB"
    ],
    "config": {
        "seed": 12,
        "batch_size": 64,
        "patience": 16,
        "n_epochs": Infinity,
        "data": {
            "seed": 0,
            "cache": true,
            "path": ":data/classif-cat-medium-1-KDDCup09_upselling",
            "num_policy": "quantile",
            "cat_policy": "ordinal",
            "y_policy": null
        },
        "optimizer": {
            "type": "AdamW",
            "lr": 0.00020821791673819492,
            "weight_decay": 1.8837692857803522e-05
        },
        "model": {
            "num_embeddings": null,
            "backbone": {
                "type": "MLP",
                "n_blocks": 6,
                "d_layer": 746,
                "dropout": 0.18712228029513875,
                "activation": "ReLU"
            }
        }
    },
    "n_parameters": 2864641,
    "prediction_type": "logits",
    "best_epoch": 5,
    "metrics": {
        "train": {
            "0": {
                "precision": 0.7268170426065163,
                "recall": 0.9736989367655288,
                "f1-score": 0.8323367615403013,
                "support": 1787
            },
            "1": {
                "precision": 0.9606694560669456,
                "recall": 0.6370699223085461,
                "f1-score": 0.7660994327660995,
                "support": 1802
            },
            "accuracy": 0.8046809696294233,
            "macro avg": {
                "precision": 0.843743249336731,
                "recall": 0.8053844295370374,
                "f1-score": 0.7992180971532004,
                "support": 3589
            },
            "weighted avg": {
                "precision": 0.8442319350711843,
                "recall": 0.8046809696294233,
                "f1-score": 0.7990796797762691,
                "support": 3589
            },
            "cross-entropy": 0.40167084952855087,
            "roc-auc": 0.911390813043022,
            "score": 0.8046809696294233
        },
        "val": {
            "0": {
                "precision": 0.7508196721311475,
                "recall": 0.9703389830508474,
                "f1-score": 0.8465804066543439,
                "support": 236
            },
            "1": {
                "precision": 0.9551282051282052,
                "recall": 0.6622222222222223,
                "f1-score": 0.7821522309711286,
                "support": 225
            },
            "accuracy": 0.8199566160520607,
            "macro avg": {
                "precision": 0.8529739386296764,
                "recall": 0.8162806026365348,
                "f1-score": 0.8143663188127362,
                "support": 461
            },
            "weighted avg": {
                "precision": 0.8505364181709262,
                "recall": 0.8199566160520607,
                "f1-score": 0.8151349846831433,
                "support": 461
            },
            "cross-entropy": 0.4129564103002918,
            "roc-auc": 0.8951600753295669,
            "score": 0.8199566160520607
        },
        "test": {
            "0": {
                "precision": 0.7175141242937854,
                "recall": 0.9390018484288355,
                "f1-score": 0.8134507606084869,
                "support": 541
            },
            "1": {
                "precision": 0.9108108108108108,
                "recall": 0.62756052141527,
                "f1-score": 0.743109151047409,
                "support": 537
            },
            "accuracy": 0.7838589981447124,
            "macro avg": {
                "precision": 0.814162467552298,
                "recall": 0.7832811849220527,
                "f1-score": 0.778279955827948,
                "support": 1078
            },
            "weighted avg": {
                "precision": 0.8138038466125633,
                "recall": 0.7838589981447124,
                "f1-score": 0.7784104597417905,
                "support": 1078
            },
            "cross-entropy": 0.4499174580267342,
            "roc-auc": 0.8694499805519127,
            "score": 0.7838589981447124
        }
    },
    "time": "0:00:06",
    "chunk_size": null,
    "eval_batch_size": 32768
}
