{
    "function": "bin.xgboost_.main",
    "gpus": [
        "NVIDIA GeForce RTX 2080 Ti"
    ],
    "config": {
        "seed": 14,
        "data": {
            "seed": 0,
            "num_policy": null,
            "cache": true,
            "path": ":data/regression-cat-medium-0-visualizing_soil",
            "cat_policy": null,
            "y_policy": "standard"
        },
        "model": {
            "booster": "gbtree",
            "n_estimators": 4000,
            "n_jobs": 1,
            "tree_method": "gpu_hist",
            "use_label_encoder": false,
            "colsample_bytree": 0.9172609374896992,
            "gamma": 0,
            "lambda": 1.707948092316662,
            "learning_rate": 0.19706638320260134,
            "max_depth": 3,
            "min_child_weight": 1.0997685596809241,
            "subsample": 0.6892748119014835
        },
        "fit": {
            "early_stopping_rounds": 200,
            "verbose": true
        },
        "neighbors": null
    },
    "prediction_type": null,
    "time": "0:00:05",
    "best_iteration": 3998,
    "metrics": {
        "train": {
            "rmse": 0.05946135920278617,
            "mae": 0.03972709387042639,
            "r2": 0.9999769592719151,
            "score": -0.05946135920278617
        },
        "val": {
            "rmse": 0.16438813663588436,
            "mae": 0.0849848218970144,
            "r2": 0.9998236739455635,
            "score": -0.16438813663588436
        },
        "test": {
            "rmse": 0.16939233917322014,
            "mae": 0.08361111882996797,
            "r2": 0.9998126828710021,
            "score": -0.16939233917322014
        }
    }
}
