{
    "function": "bin.tabr.main",
    "gpus": [
        "NVIDIA A100-SXM4-80GB"
    ],
    "config": {
        "seed": 7,
        "batch_size": 256,
        "patience": 16,
        "n_epochs": Infinity,
        "context_size": 96,
        "data": {
            "seed": 0,
            "cache": true,
            "path": ":data/regression-cat-medium-0-Brazilian_houses",
            "num_policy": "quantile",
            "cat_policy": "ordinal",
            "y_policy": "standard"
        },
        "model": {
            "num_embeddings": null,
            "d_main": 265,
            "mixer_dropout": 0.38920071545944357,
            "d_multiplier": 2.0,
            "encoder_n_blocks": 0,
            "predictor_n_blocks": 1,
            "mixer_normalization": "auto",
            "dropout0": 0.38852797479169876,
            "dropout1": 0.0,
            "normalization": "LayerNorm",
            "activation": "ReLU"
        },
        "optimizer": {
            "type": "AdamW",
            "lr": 0.0003121273641315169,
            "weight_decay": 1.2260352006404615e-06
        }
    },
    "n_parameters": 639711,
    "prediction_type": null,
    "best_epoch": 55,
    "metrics": {
        "train": {
            "rmse": 0.02514880406977422,
            "mae": 0.014811009638214134,
            "r2": 0.9990175820183916,
            "score": -0.02514880406977422
        },
        "val": {
            "rmse": 0.06297179836440603,
            "mae": 0.018271506214794675,
            "r2": 0.9938550916423274,
            "score": -0.06297179836440603
        },
        "test": {
            "rmse": 0.02873245471364046,
            "mae": 0.015680449184357514,
            "r2": 0.9986493053856614,
            "score": -0.02873245471364046
        }
    },
    "time": "0:00:50",
    "chunk_size": null,
    "eval_batch_size": 32768
}