{
    "function": "bin.lightgbm_.main",
    "gpus": [
        "GeForce RTX 2080 Ti",
        "GeForce RTX 2080 Ti"
    ],
    "config": {
        "seed": 9,
        "data": {
            "seed": 0,
            "num_policy": null,
            "cache": true,
            "path": ":data/regression-cat-large-0-nyc-taxi-green-dec-2016",
            "cat_policy": "one-hot",
            "y_policy": "standard"
        },
        "model": {
            "n_estimators": 4000,
            "n_jobs": 4,
            "feature_fraction": 0.9718251339657594,
            "lambda_l2": 0.0,
            "learning_rate": 0.02208171077579116,
            "num_leaves": 751,
            "min_sum_hessian_in_leaf": 98.47560044708912,
            "bagging_fraction": 0.6132016267578119
        },
        "fit": {
            "early_stopping_rounds": 200,
            "verbose": true
        }
    },
    "prediction_type": null,
    "time": "0:00:21",
    "best_iteration": 671,
    "metrics": {
        "train": {
            "rmse": 0.2924169095619914,
            "mae": 0.18767841694893928,
            "r2": 0.7587871522380087,
            "score": -0.2924169095619914
        },
        "val": {
            "rmse": 0.3678990238456825,
            "mae": 0.2362688916331517,
            "r2": 0.6213991928685887,
            "score": -0.3678990238456825
        },
        "test": {
            "rmse": 0.36893619607344014,
            "mae": 0.2362157774884234,
            "r2": 0.6177423730876921,
            "score": -0.36893619607344014
        }
    }
}
