{
    "function": "bin.tabr.main",
    "gpus": [
        "A100-SXM-80GB"
    ],
    "config": {
        "seed": 3,
        "batch_size": 64,
        "patience": 16,
        "n_epochs": Infinity,
        "context_size": 96,
        "data": {
            "seed": 0,
            "cache": true,
            "path": ":data/classif-cat-medium-0-KDDCup09_upselling",
            "num_policy": "quantile",
            "cat_policy": "ordinal",
            "y_policy": null
        },
        "model": {
            "num_embeddings": null,
            "d_main": 308,
            "context_dropout": 0.5207324482271234,
            "d_multiplier": 2.0,
            "encoder_n_blocks": 0,
            "predictor_n_blocks": 1,
            "mixer_normalization": "auto",
            "dropout0": 0.4114640106619104,
            "dropout1": 0.0,
            "normalization": "LayerNorm",
            "activation": "ReLU"
        },
        "optimizer": {
            "type": "AdamW",
            "lr": 0.00010803116424111162,
            "weight_decay": 0.0
        }
    },
    "n_parameters": 888889,
    "prediction_type": "logits",
    "best_epoch": 33,
    "metrics": {
        "train": {
            "0": {
                "precision": 0.905273937532002,
                "recall": 0.9789590254706534,
                "f1-score": 0.9406757116254324,
                "support": 1806
            },
            "1": {
                "precision": 0.9767726161369193,
                "recall": 0.8962422882781829,
                "f1-score": 0.934776250365604,
                "support": 1783
            },
            "accuracy": 0.9378657007522987,
            "macro avg": {
                "precision": 0.9410232768344606,
                "recall": 0.9376006568744182,
                "f1-score": 0.9377259809955182,
                "support": 3589
            },
            "weighted avg": {
                "precision": 0.940794178254367,
                "recall": 0.9378657007522987,
                "f1-score": 0.9377448842567297,
                "support": 3589
            },
            "cross-entropy": 0.15790336501040494,
            "roc-auc": 0.9877699374366866,
            "score": 0.9378657007522987
        },
        "val": {
            "0": {
                "precision": 0.7478260869565218,
                "recall": 0.8269230769230769,
                "f1-score": 0.7853881278538813,
                "support": 208
            },
            "1": {
                "precision": 0.8427947598253275,
                "recall": 0.7689243027888446,
                "f1-score": 0.8041666666666667,
                "support": 251
            },
            "accuracy": 0.7952069716775599,
            "macro avg": {
                "precision": 0.7953104233909246,
                "recall": 0.7979236898559607,
                "f1-score": 0.7947773972602741,
                "support": 459
            },
            "weighted avg": {
                "precision": 0.7997588470656072,
                "recall": 0.7952069716775599,
                "f1-score": 0.7956570020194785,
                "support": 459
            },
            "cross-entropy": 0.5178094216801957,
            "roc-auc": 0.8854007048728164,
            "score": 0.7952069716775599
        },
        "test": {
            "0": {
                "precision": 0.7504105090311987,
                "recall": 0.833941605839416,
                "f1-score": 0.7899740708729472,
                "support": 548
            },
            "1": {
                "precision": 0.8051391862955032,
                "recall": 0.7121212121212122,
                "f1-score": 0.7557788944723618,
                "support": 528
            },
            "accuracy": 0.7741635687732342,
            "macro avg": {
                "precision": 0.7777748476633509,
                "recall": 0.7730314089803141,
                "f1-score": 0.7728764826726545,
                "support": 1076
            },
            "weighted avg": {
                "precision": 0.777266216833757,
                "recall": 0.7741635687732342,
                "f1-score": 0.7731942817098347,
                "support": 1076
            },
            "cross-entropy": 0.5440768496208029,
            "roc-auc": 0.8693406464277815,
            "score": 0.7741635687732342
        }
    },
    "time": "0:00:32",
    "chunk_size": null,
    "eval_batch_size": 32768
}