{
    "function": "bin.tabr_scaling.main",
    "gpus": [
        "NVIDIA A100-SXM4-80GB"
    ],
    "config": {
        "seed": 10,
        "batch_size": 256,
        "patience": 16,
        "n_epochs": Infinity,
        "context_size": 96,
        "freeze_contexts_after_n_epochs": 4,
        "data": {
            "seed": 0,
            "cache": true,
            "path": ":data/adult",
            "num_policy": "quantile",
            "cat_policy": "ordinal",
            "y_policy": null
        },
        "model": {
            "num_embeddings": null,
            "d_main": 265,
            "mixer_dropout": 0.38920071545944357,
            "d_multiplier": 2.0,
            "encoder_n_blocks": 0,
            "predictor_n_blocks": 1,
            "mixer_normalization": "auto",
            "dropout0": 0.38852797479169876,
            "dropout1": 0.0,
            "normalization": "LayerNorm",
            "activation": "ReLU"
        },
        "optimizer": {
            "type": "AdamW",
            "lr": 0.0003121273641315169,
            "weight_decay": 1.2260352006404615e-06
        }
    },
    "n_parameters": 664091,
    "prediction_type": "logits",
    "best_epoch": 22,
    "metrics": {
        "train": {
            "0": {
                "precision": 0.9057253975286762,
                "recall": 0.9303666245259166,
                "f1-score": 0.9178806625424067,
                "support": 19775
            },
            "1": {
                "precision": 0.759895379250218,
                "recall": 0.6947234178224135,
                "f1-score": 0.7258494337108595,
                "support": 6273
            },
            "accuracy": 0.8736179361179361,
            "macro avg": {
                "precision": 0.8328103883894471,
                "recall": 0.812545021174165,
                "f1-score": 0.8218650481266332,
                "support": 26048
            },
            "weighted avg": {
                "precision": 0.8706059371224736,
                "recall": 0.8736179361179361,
                "f1-score": 0.8716348126322295,
                "support": 26048
            },
            "cross-entropy": 0.27257214466278823,
            "roc-auc": 0.9322514506917956,
            "score": 0.8736179361179361
        },
        "val": {
            "0": {
                "precision": 0.8955018660381064,
                "recall": 0.9219413549039434,
                "f1-score": 0.9085292945396571,
                "support": 4945
            },
            "1": {
                "precision": 0.7285513361462729,
                "recall": 0.6607142857142857,
                "f1-score": 0.6929765886287625,
                "support": 1568
            },
            "accuracy": 0.8590511285122063,
            "macro avg": {
                "precision": 0.8120266010921897,
                "recall": 0.7913278203091145,
                "f1-score": 0.8007529415842098,
                "support": 6513
            },
            "weighted avg": {
                "precision": 0.8553086477254402,
                "recall": 0.8590511285122063,
                "f1-score": 0.8566351377964846,
                "support": 6513
            },
            "cross-entropy": 0.3143956416968366,
            "roc-auc": 0.9124876189100513,
            "score": 0.8590511285122063
        },
        "test": {
            "0": {
                "precision": 0.8941811356170812,
                "recall": 0.9194209891435464,
                "f1-score": 0.9066254311882955,
                "support": 12435
            },
            "1": {
                "precision": 0.7133047210300429,
                "recall": 0.6482059282371295,
                "f1-score": 0.6791990192071925,
                "support": 3846
            },
            "accuracy": 0.855352865303114,
            "macro avg": {
                "precision": 0.8037429283235621,
                "recall": 0.783813458690338,
                "f1-score": 0.7929122251977441,
                "support": 16281
            },
            "weighted avg": {
                "precision": 0.8514533737780204,
                "recall": 0.855352865303114,
                "f1-score": 0.8529013368157556,
                "support": 16281
            },
            "cross-entropy": 0.3199508140510325,
            "roc-auc": 0.9073094182311723,
            "score": 0.855352865303114
        }
    },
    "time": "0:00:46",
    "chunk_size": null,
    "eval_batch_size": 32768
}