{
    "function": "bin.xgboost_.main",
    "gpus": [
        "NVIDIA GeForce RTX 2080 Ti"
    ],
    "config": {
        "seed": 3,
        "data": {
            "seed": 0,
            "num_policy": null,
            "cache": true,
            "path": ":data/classif-num-medium-4-phoneme",
            "cat_policy": null,
            "y_policy": null
        },
        "model": {
            "booster": "gbtree",
            "n_estimators": 4000,
            "n_jobs": 1,
            "tree_method": "gpu_hist",
            "use_label_encoder": false,
            "colsample_bytree": 0.9022980855889762,
            "gamma": 0.0025171855927599712,
            "lambda": 0.6730298682410263,
            "learning_rate": 0.15101078634220813,
            "max_depth": 13,
            "min_child_weight": 0.00049758689203979,
            "subsample": 0.8186997895513517
        },
        "fit": {
            "early_stopping_rounds": 200,
            "verbose": true
        },
        "neighbors": null
    },
    "prediction_type": "probs",
    "time": "0:00:01",
    "best_iteration": 9,
    "metrics": {
        "train": {
            "0": {
                "precision": 0.9891205802357208,
                "recall": 0.9837691614066727,
                "f1-score": 0.9864376130198915,
                "support": 1109
            },
            "1": {
                "precision": 0.9838854073410922,
                "recall": 0.9891989198919892,
                "f1-score": 0.9865350089766607,
                "support": 1111
            },
            "accuracy": 0.9864864864864865,
            "macro avg": {
                "precision": 0.9865029937884064,
                "recall": 0.9864840406493309,
                "f1-score": 0.9864863109982761,
                "support": 2220
            },
            "weighted avg": {
                "precision": 0.9865006356024177,
                "recall": 0.9864864864864865,
                "f1-score": 0.9864863548703287,
                "support": 2220
            },
            "cross-entropy": 0.20831998696702367,
            "roc-auc": 0.9991559119843454,
            "score": 0.9864864864864865
        },
        "val": {
            "0": {
                "precision": 0.9568345323741008,
                "recall": 0.8926174496644296,
                "f1-score": 0.9236111111111113,
                "support": 149
            },
            "1": {
                "precision": 0.8904109589041096,
                "recall": 0.9558823529411765,
                "f1-score": 0.9219858156028369,
                "support": 136
            },
            "accuracy": 0.9228070175438596,
            "macro avg": {
                "precision": 0.9236227456391052,
                "recall": 0.924249901302803,
                "f1-score": 0.9227984633569741,
                "support": 285
            },
            "weighted avg": {
                "precision": 0.9251376692445611,
                "recall": 0.9228070175438596,
                "f1-score": 0.9228355315001453,
                "support": 285
            },
            "cross-entropy": 0.32624063666969194,
            "roc-auc": 0.9524526253454402,
            "score": 0.9228070175438596
        },
        "test": {
            "0": {
                "precision": 0.8954248366013072,
                "recall": 0.8353658536585366,
                "f1-score": 0.8643533123028391,
                "support": 328
            },
            "1": {
                "precision": 0.850415512465374,
                "recall": 0.9056047197640118,
                "f1-score": 0.8771428571428571,
                "support": 339
            },
            "accuracy": 0.8710644677661169,
            "macro avg": {
                "precision": 0.8729201745333406,
                "recall": 0.8704852867112742,
                "f1-score": 0.8707480847228481,
                "support": 667
            },
            "weighted avg": {
                "precision": 0.8725490331798957,
                "recall": 0.8710644677661169,
                "f1-score": 0.870853545737271,
                "support": 667
            },
            "cross-entropy": 0.3608530665143066,
            "roc-auc": 0.9368075041369882,
            "score": 0.8710644677661169
        }
    }
}
