{
    "function": "bin.tabr_design.main",
    "gpus": [
        "A100-SXM-80GB"
    ],
    "config": {
        "seed": 10,
        "batch_size": 512,
        "patience": 16,
        "n_epochs": Infinity,
        "context_size": 96,
        "data": {
            "seed": 0,
            "cache": true,
            "path": ":data/higgs-small",
            "num_policy": "quantile",
            "cat_policy": null,
            "y_policy": null
        },
        "model": {
            "num_embeddings": null,
            "d_main": 383,
            "context_dropout": 0.07675945984686185,
            "d_multiplier": 2.0,
            "encoder_n_blocks": 0,
            "predictor_n_blocks": 1,
            "mixer_normalization": "auto",
            "dropout0": 0.3316095362919105,
            "dropout1": 0.0,
            "normalization": "LayerNorm",
            "activation": "ReLU",
            "dot_product": false,
            "use_Q": true,
            "use_V": true,
            "use_labels": true,
            "use_T": false,
            "self_attention": true,
            "scale_similarities": true
        },
        "optimizer": {
            "type": "AdamW",
            "lr": 0.000961933657762756,
            "weight_decay": 0.0
        }
    },
    "n_parameters": 1043293,
    "prediction_type": "logits",
    "best_epoch": 13,
    "metrics": {
        "train": {
            "0": {
                "precision": 0.7652049400393771,
                "recall": 0.7226015820431343,
                "f1-score": 0.7432932872020446,
                "support": 29582
            },
            "1": {
                "precision": 0.7643037683823529,
                "recall": 0.8022551177304109,
                "f1-score": 0.782819739648452,
                "support": 33169
            },
            "accuracy": 0.7647049449411165,
            "macro avg": {
                "precision": 0.764754354210865,
                "recall": 0.7624283498867725,
                "f1-score": 0.7630565134252483,
                "support": 62751
            },
            "weighted avg": {
                "precision": 0.7647285976274342,
                "recall": 0.7647049449411165,
                "f1-score": 0.7641862275726344,
                "support": 62751
            },
            "cross-entropy": 0.47738911406463647,
            "roc-auc": 0.8518964492853901,
            "score": 0.7647049449411165
        },
        "val": {
            "0": {
                "precision": 0.7302941176470589,
                "recall": 0.6714440237966468,
                "f1-score": 0.6996336996336997,
                "support": 7396
            },
            "1": {
                "precision": 0.7265976597659766,
                "recall": 0.7788229618909792,
                "f1-score": 0.7518044237485448,
                "support": 8292
            },
            "accuracy": 0.7281998980112188,
            "macro avg": {
                "precision": 0.7284458887065177,
                "recall": 0.725133492843813,
                "f1-score": 0.7257190616911222,
                "support": 15688
            },
            "weighted avg": {
                "precision": 0.7283403294809487,
                "recall": 0.7281998980112188,
                "f1-score": 0.7272088936903223,
                "support": 15688
            },
            "cross-entropy": 0.5342793637531308,
            "roc-auc": 0.8057126435274723,
            "score": 0.7281998980112188
        },
        "test": {
            "0": {
                "precision": 0.7192472993379022,
                "recall": 0.6697674418604651,
                "f1-score": 0.6936260781897614,
                "support": 9245
            },
            "1": {
                "precision": 0.7224797745659486,
                "recall": 0.7668113844669561,
                "f1-score": 0.7439857717869512,
                "support": 10365
            },
            "accuracy": 0.7210606833248343,
            "macro avg": {
                "precision": 0.7208635369519254,
                "recall": 0.7182894131637105,
                "f1-score": 0.7188059249883563,
                "support": 19610
            },
            "weighted avg": {
                "precision": 0.7209558462904111,
                "recall": 0.7210606833248343,
                "f1-score": 0.7202440396448798,
                "support": 19610
            },
            "cross-entropy": 0.5412560944708645,
            "roc-auc": 0.8005321764257912,
            "score": 0.7210606833248343
        }
    },
    "time": "0:01:26",
    "chunk_size": null,
    "eval_batch_size": 32768
}