{
    "function": "bin.ft_transformer.main",
    "gpus": [
        "A100-SXM-80GB"
    ],
    "config": {
        "seed": 7,
        "batch_size": 256,
        "patience": 16,
        "n_epochs": Infinity,
        "data": {
            "seed": 0,
            "cache": true,
            "path": ":data/classif-num-large-0-MiniBooNE",
            "num_policy": "quantile",
            "cat_policy": null,
            "y_policy": null
        },
        "optimizer": {
            "type": "AdamW",
            "lr": 1.7557702860877096e-05,
            "weight_decay": 3.527531314645391e-06
        },
        "model": {
            "d_token": 184,
            "n_blocks": 2,
            "attention_dropout": 0.07127252214078197,
            "ffn_d_hidden_factor": 1.6172065836581409,
            "ffn_dropout": 0.17758894798955807,
            "residual_dropout": 0.0
        }
    },
    "n_parameters": 622005,
    "prediction_type": "logits",
    "best_epoch": 51,
    "metrics": {
        "train": {
            "0": {
                "precision": 0.9711652672537374,
                "recall": 0.9439468131693141,
                "f1-score": 0.95736261961481,
                "support": 25119
            },
            "1": {
                "precision": 0.944967754543678,
                "recall": 0.9717053173103974,
                "f1-score": 0.9581500416121745,
                "support": 24881
            },
            "accuracy": 0.95776,
            "macro avg": {
                "precision": 0.9580665108987076,
                "recall": 0.9578260652398558,
                "f1-score": 0.9577563306134922,
                "support": 50000
            },
            "weighted avg": {
                "precision": 0.9581288609789577,
                "recall": 0.95776,
                "f1-score": 0.9577544565491384,
                "support": 50000
            },
            "cross-entropy": 0.1133212244386388,
            "roc-auc": 0.9910625862996553,
            "score": 0.95776
        },
        "val": {
            "0": {
                "precision": 0.9674200176108013,
                "recall": 0.9368959636156907,
                "f1-score": 0.951913357400722,
                "support": 3518
            },
            "1": {
                "precision": 0.936426116838488,
                "recall": 0.9671694764862466,
                "f1-score": 0.9515495416848537,
                "support": 3381
            },
            "accuracy": 0.9517321350920424,
            "macro avg": {
                "precision": 0.9519230672246446,
                "recall": 0.9520327200509686,
                "f1-score": 0.9517314495427879,
                "support": 6899
            },
            "weighted avg": {
                "precision": 0.9522308048971919,
                "recall": 0.9517321350920424,
                "f1-score": 0.9517350618600131,
                "support": 6899
            },
            "cross-entropy": 0.13483215106015858,
            "roc-auc": 0.9877758850036295,
            "score": 0.9517321350920424
        },
        "test": {
            "0": {
                "precision": 0.9574801095604539,
                "recall": 0.9337318748410074,
                "f1-score": 0.945456887114431,
                "support": 7862
            },
            "1": {
                "precision": 0.9382115749525617,
                "recall": 0.9604224839140464,
                "f1-score": 0.9491871138040675,
                "support": 8237
            },
            "accuracy": 0.9473880365240077,
            "macro avg": {
                "precision": 0.9478458422565078,
                "recall": 0.9470771793775269,
                "f1-score": 0.9473220004592493,
                "support": 16099
            },
            "weighted avg": {
                "precision": 0.947621427681753,
                "recall": 0.9473880365240077,
                "f1-score": 0.9473654452386956,
                "support": 16099
            },
            "cross-entropy": 0.1474821459850939,
            "roc-auc": 0.9862758695300167,
            "score": 0.9473880365240077
        }
    },
    "time": "0:02:29",
    "chunk_size": null,
    "eval_batch_size": 32768
}
