{
    "function": "bin.tabr.main",
    "gpus": [
        "NVIDIA A100-SXM4-80GB"
    ],
    "config": {
        "seed": 12,
        "batch_size": 64,
        "patience": 16,
        "n_epochs": Infinity,
        "context_size": 96,
        "data": {
            "seed": 0,
            "cache": true,
            "path": ":data/classif-cat-medium-1-rl",
            "num_policy": "quantile",
            "cat_policy": "ordinal",
            "y_policy": null
        },
        "model": {
            "num_embeddings": null,
            "d_main": 265,
            "mixer_dropout": 0.38920071545944357,
            "d_multiplier": 2.0,
            "encoder_n_blocks": 0,
            "predictor_n_blocks": 1,
            "mixer_normalization": "auto",
            "dropout0": 0.38852797479169876,
            "dropout1": 0.0,
            "normalization": "LayerNorm",
            "activation": "ReLU"
        },
        "optimizer": {
            "type": "AdamW",
            "lr": 0.0003121273641315169,
            "weight_decay": 1.2260352006404615e-06
        }
    },
    "n_parameters": 645276,
    "prediction_type": "logits",
    "best_epoch": 18,
    "metrics": {
        "train": {
            "0": {
                "precision": 0.8694412770809579,
                "recall": 0.8789625360230547,
                "f1-score": 0.8741759816566351,
                "support": 1735
            },
            "1": {
                "precision": 0.8782608695652174,
                "recall": 0.8686926605504587,
                "f1-score": 0.8734505621216488,
                "support": 1744
            },
            "accuracy": 0.8738143144581776,
            "macro avg": {
                "precision": 0.8738510733230876,
                "recall": 0.8738275982867567,
                "f1-score": 0.873813271889142,
                "support": 3479
            },
            "weighted avg": {
                "precision": 0.8738624812466803,
                "recall": 0.8738143144581776,
                "f1-score": 0.8738123335770099,
                "support": 3479
            },
            "cross-entropy": 0.3082130561846529,
            "roc-auc": 0.9422451286254396,
            "score": 0.8738143144581776
        },
        "val": {
            "0": {
                "precision": 0.8874458874458875,
                "recall": 0.8798283261802575,
                "f1-score": 0.8836206896551725,
                "support": 233
            },
            "1": {
                "precision": 0.8703703703703703,
                "recall": 0.8785046728971962,
                "f1-score": 0.8744186046511628,
                "support": 214
            },
            "accuracy": 0.8791946308724832,
            "macro avg": {
                "precision": 0.8789081289081289,
                "recall": 0.8791664995387269,
                "f1-score": 0.8790196471531677,
                "support": 447
            },
            "weighted avg": {
                "precision": 0.879271031396311,
                "recall": 0.8791946308724832,
                "f1-score": 0.8792152171924028,
                "support": 447
            },
            "cross-entropy": 0.33167698020600117,
            "roc-auc": 0.9323131843889134,
            "score": 0.8791946308724832
        },
        "test": {
            "0": {
                "precision": 0.8699029126213592,
                "recall": 0.8665377176015474,
                "f1-score": 0.8682170542635659,
                "support": 517
            },
            "1": {
                "precision": 0.8695652173913043,
                "recall": 0.872865275142315,
                "f1-score": 0.8712121212121212,
                "support": 527
            },
            "accuracy": 0.8697318007662835,
            "macro avg": {
                "precision": 0.8697340650063318,
                "recall": 0.8697014963719312,
                "f1-score": 0.8697145877378436,
                "support": 1044
            },
            "weighted avg": {
                "precision": 0.8697324476920116,
                "recall": 0.8697318007662835,
                "f1-score": 0.8697289319282101,
                "support": 1044
            },
            "cross-entropy": 0.3334048264037634,
            "roc-auc": 0.9308042677980908,
            "score": 0.8697318007662835
        }
    },
    "time": "0:00:38",
    "chunk_size": null,
    "eval_batch_size": 32768
}