{
    "function": "bin.catboost_.main",
    "gpus": [
        "NVIDIA GeForce RTX 2080 Ti",
        "NVIDIA GeForce RTX 2080 Ti"
    ],
    "config": {
        "seed": 3,
        "data": {
            "seed": 0,
            "num_policy": null,
            "cat_policy": null,
            "cache": true,
            "path": ":data/regression-num-medium-0-Ailerons",
            "y_policy": "standard"
        },
        "model": {
            "iterations": 4000,
            "early_stopping_rounds": 200,
            "od_pval": 0.001,
            "bagging_temperature": 0.7486228204245675,
            "depth": 9,
            "l2_leaf_reg": 3.569411461295261,
            "leaf_estimation_iterations": 8,
            "learning_rate": 0.008795098129193372,
            "task_type": "CPU",
            "thread_count": 4
        },
        "fit": {
            "logging_level": "Verbose"
        }
    },
    "prediction_type": null,
    "time": "0:00:23",
    "best_iteration": 3888,
    "metrics": {
        "train": {
            "rmse": 7.80986310048311e-05,
            "mae": 5.778045469862238e-05,
            "r2": 0.9641632480752304,
            "score": -7.80986310048311e-05
        },
        "val": {
            "rmse": 0.00014616600438810745,
            "mae": 0.00010607482029476671,
            "r2": 0.8555170113010638,
            "score": -0.00014616600438810745
        },
        "test": {
            "rmse": 0.00015250479072148517,
            "mae": 0.0001075861944012704,
            "r2": 0.8555103583750339,
            "score": -0.00015250479072148517
        }
    }
}
