{
    "function": "bin.lightgbm_.main",
    "gpus": [
        "GeForce RTX 2080 Ti",
        "GeForce RTX 2080 Ti"
    ],
    "config": {
        "seed": 3,
        "data": {
            "seed": 0,
            "num_policy": null,
            "cache": true,
            "path": ":data/classif-num-medium-3-wine",
            "cat_policy": null,
            "y_policy": null
        },
        "model": {
            "n_estimators": 4000,
            "n_jobs": 4,
            "feature_fraction": 0.939619677156152,
            "lambda_l2": 1.111525593876429,
            "learning_rate": 0.028359843726959058,
            "num_leaves": 482,
            "min_sum_hessian_in_leaf": 0.011438276994063861,
            "bagging_fraction": 0.8767735314562767
        },
        "fit": {
            "early_stopping_rounds": 200,
            "verbose": true
        }
    },
    "prediction_type": "probs",
    "time": "0:00:00",
    "best_iteration": 201,
    "metrics": {
        "train": {
            "0": {
                "precision": 0.994413407821229,
                "recall": 0.9877913429522752,
                "f1-score": 0.9910913140311803,
                "support": 901
            },
            "1": {
                "precision": 0.9876681614349776,
                "recall": 0.9943566591422122,
                "f1-score": 0.9910011248593926,
                "support": 886
            },
            "accuracy": 0.9910464465584778,
            "macro avg": {
                "precision": 0.9910407846281033,
                "recall": 0.9910740010472436,
                "f1-score": 0.9910462194452865,
                "support": 1787
            },
            "weighted avg": {
                "precision": 0.9910690942799762,
                "recall": 0.9910464465584778,
                "f1-score": 0.991046597967272,
                "support": 1787
            },
            "cross-entropy": 0.14123095554906098,
            "roc-auc": 0.99959788847606,
            "score": 0.9910464465584778
        },
        "val": {
            "0": {
                "precision": 0.839622641509434,
                "recall": 0.7876106194690266,
                "f1-score": 0.812785388127854,
                "support": 113
            },
            "1": {
                "precision": 0.8064516129032258,
                "recall": 0.8547008547008547,
                "f1-score": 0.8298755186721992,
                "support": 117
            },
            "accuracy": 0.8217391304347826,
            "macro avg": {
                "precision": 0.8230371272063299,
                "recall": 0.8211557370849406,
                "f1-score": 0.8213304534000265,
                "support": 230
            },
            "weighted avg": {
                "precision": 0.8227486834793193,
                "recall": 0.8217391304347826,
                "f1-score": 0.821479063230847,
                "support": 230
            },
            "cross-entropy": 0.43658769430651023,
            "roc-auc": 0.8760305574464866,
            "score": 0.8217391304347826
        },
        "test": {
            "0": {
                "precision": 0.8181818181818182,
                "recall": 0.752851711026616,
                "f1-score": 0.7841584158415842,
                "support": 263
            },
            "1": {
                "precision": 0.7796610169491526,
                "recall": 0.8394160583941606,
                "f1-score": 0.8084358523725834,
                "support": 274
            },
            "accuracy": 0.7970204841713222,
            "macro avg": {
                "precision": 0.7989214175654854,
                "recall": 0.7961338847103883,
                "f1-score": 0.7962971341070838,
                "support": 537
            },
            "weighted avg": {
                "precision": 0.798526884219527,
                "recall": 0.7970204841713222,
                "f1-score": 0.7965457856916658,
                "support": 537
            },
            "cross-entropy": 0.4515427014522689,
            "roc-auc": 0.8727068357803003,
            "score": 0.7970204841713222
        }
    }
}
