{
    "function": "bin.ensemble.main",
    "config": {
        "seeds": [
            5,
            6,
            7,
            8,
            9
        ]
    },
    "single_model_function": "bin.lightgbm_.main",
    "data": ":data/regression-num-medium-1-wine_quality",
    "prediction_type": null,
    "metrics": {
        "train": {
            "rmse": 0.13022222436430836,
            "mae": 0.08604921416846877,
            "r2": 0.9780811973832355,
            "score": -0.13022222436430836
        },
        "val": {
            "rmse": 0.5981196976781985,
            "mae": 0.42983622442703306,
            "r2": 0.5057645594380968,
            "score": -0.5981196976781985
        },
        "test": {
            "rmse": 0.5938307608082684,
            "mae": 0.4187491484478211,
            "r2": 0.5233070385214351,
            "score": -0.5938307608082684
        }
    }
}
