{
    "function": "bin.tabr.main",
    "gpus": [
        "A100-SXM-80GB"
    ],
    "config": {
        "seed": 9,
        "batch_size": 256,
        "patience": 16,
        "n_epochs": Infinity,
        "context_size": 96,
        "data": {
            "seed": 0,
            "cache": true,
            "path": ":data/classif-num-medium-0-bank-marketing",
            "num_policy": "quantile",
            "cat_policy": null,
            "y_policy": null
        },
        "model": {
            "d_main": 306,
            "context_dropout": 0.06906881242699506,
            "d_multiplier": 2.0,
            "encoder_n_blocks": 0,
            "predictor_n_blocks": 2,
            "mixer_normalization": "auto",
            "dropout0": 0.14331136296012942,
            "dropout1": 0.0,
            "normalization": "LayerNorm",
            "activation": "ReLU",
            "num_embeddings": {
                "type": "PLREmbeddings",
                "n_frequencies": 75,
                "frequency_scale": 0.03237023331008015,
                "d_embedding": 23,
                "lite": true
            }
        },
        "optimizer": {
            "type": "AdamW",
            "lr": 0.00010922226729822344,
            "weight_decay": 9.260795929572922e-06
        }
    },
    "n_parameters": 1276347,
    "prediction_type": "logits",
    "best_epoch": 38,
    "metrics": {
        "train": {
            "0": {
                "precision": 0.8246537396121884,
                "recall": 0.7976956055734191,
                "f1-score": 0.8109506946336148,
                "support": 3732
            },
            "1": {
                "precision": 0.8010015814443858,
                "recall": 0.8276143790849673,
                "f1-score": 0.8140905437985534,
                "support": 3672
            },
            "accuracy": 0.8125337655321447,
            "macro avg": {
                "precision": 0.8128276605282871,
                "recall": 0.8126549923291932,
                "f1-score": 0.8125206192160841,
                "support": 7404
            },
            "weighted avg": {
                "precision": 0.8129234958531161,
                "recall": 0.8125337655321447,
                "f1-score": 0.812507896974735,
                "support": 7404
            },
            "cross-entropy": 0.4107662151287679,
            "roc-auc": 0.8934957512837217,
            "score": 0.8125337655321447
        },
        "val": {
            "0": {
                "precision": 0.8403755868544601,
                "recall": 0.7850877192982456,
                "f1-score": 0.8117913832199547,
                "support": 456
            },
            "1": {
                "precision": 0.8136882129277566,
                "recall": 0.8629032258064516,
                "f1-score": 0.8375733855185911,
                "support": 496
            },
            "accuracy": 0.8256302521008403,
            "macro avg": {
                "precision": 0.8270318998911084,
                "recall": 0.8239954725523486,
                "f1-score": 0.8246823843692729,
                "support": 952
            },
            "weighted avg": {
                "precision": 0.8264712407750011,
                "recall": 0.8256302521008403,
                "f1-score": 0.8252240230730257,
                "support": 952
            },
            "cross-entropy": 0.40812878523484,
            "roc-auc": 0.8937950976230898,
            "score": 0.8256302521008403
        },
        "test": {
            "0": {
                "precision": 0.7998188405797102,
                "recall": 0.8019981834695731,
                "f1-score": 0.800907029478458,
                "support": 1101
            },
            "1": {
                "precision": 0.8050089445438283,
                "recall": 0.8028545941123997,
                "f1-score": 0.80393032603841,
                "support": 1121
            },
            "accuracy": 0.8024302430243024,
            "macro avg": {
                "precision": 0.8024138925617692,
                "recall": 0.8024263887909864,
                "f1-score": 0.802418677758434,
                "support": 2222
            },
            "weighted avg": {
                "precision": 0.8024372503653882,
                "recall": 0.8024302430243024,
                "f1-score": 0.8024322839535732,
                "support": 2222
            },
            "cross-entropy": 0.42990389341441804,
            "roc-auc": 0.8828896931748853,
            "score": 0.8024302430243024
        }
    },
    "time": "0:00:26",
    "chunk_size": null,
    "eval_batch_size": 32768
}