{
    "function": "bin.tabr_design.main",
    "gpus": [
        "GeForce RTX 2080 Ti"
    ],
    "config": {
        "seed": 14,
        "batch_size": 256,
        "patience": 16,
        "n_epochs": Infinity,
        "context_size": 96,
        "data": {
            "seed": 0,
            "cache": true,
            "path": ":data/california",
            "num_policy": "quantile",
            "cat_policy": null,
            "y_policy": "standard"
        },
        "model": {
            "num_embeddings": null,
            "d_main": 230,
            "context_dropout": 0.15275150491334166,
            "d_multiplier": 2.0,
            "encoder_n_blocks": 0,
            "predictor_n_blocks": 1,
            "mixer_normalization": "auto",
            "dropout0": 0.5080042131578109,
            "dropout1": 0.0,
            "normalization": "LayerNorm",
            "activation": "ReLU",
            "dot_product": false,
            "use_Q": true,
            "use_V": true,
            "use_labels": false,
            "use_T": false,
            "self_attention": true,
            "scale_similarities": true
        },
        "optimizer": {
            "type": "AdamW",
            "lr": 0.0004742701667135807,
            "weight_decay": 0.0
        }
    },
    "n_parameters": 374901,
    "prediction_type": null,
    "best_epoch": 71,
    "metrics": {
        "train": {
            "rmse": 0.4224700207332873,
            "mae": 0.28340194039367894,
            "r2": 0.8674944884192619,
            "score": -0.4224700207332873
        },
        "val": {
            "rmse": 0.48165572006056884,
            "mae": 0.31033606353594223,
            "r2": 0.8220740490520342,
            "score": -0.48165572006056884
        },
        "test": {
            "rmse": 0.4882822967957273,
            "mae": 0.3214949363694899,
            "r2": 0.8171565577096602,
            "score": -0.4882822967957273
        }
    },
    "time": "0:00:31",
    "chunk_size": null,
    "eval_batch_size": 32768
}