{
    "function": "bin.ffn.main",
    "gpus": [
        "A100-SXM-80GB"
    ],
    "config": {
        "seed": 13,
        "batch_size": 128,
        "patience": 16,
        "n_epochs": Infinity,
        "data": {
            "seed": 0,
            "cache": true,
            "path": ":data/regression-num-medium-2-isolet",
            "num_policy": "quantile",
            "cat_policy": null,
            "y_policy": "standard"
        },
        "optimizer": {
            "type": "AdamW",
            "lr": 0.00026621185668476905,
            "weight_decay": 3.500283409216044e-06
        },
        "model": {
            "backbone": {
                "type": "MLP",
                "n_blocks": 6,
                "d_layer": 568,
                "dropout": 0.0,
                "activation": "ReLU"
            },
            "num_embeddings": {
                "type": "PLREmbeddings",
                "n_frequencies": 80,
                "frequency_scale": 0.02406769557920673,
                "d_embedding": 61,
                "lite": false
            }
        }
    },
    "n_parameters": 28925634,
    "prediction_type": null,
    "best_epoch": 26,
    "metrics": {
        "train": {
            "rmse": 0.8046723769356675,
            "mae": 0.5856708945633748,
            "r2": 0.9885335298306821,
            "score": -0.8046723769356675
        },
        "val": {
            "rmse": 2.5265333941250514,
            "mae": 1.092564543560961,
            "r2": 0.8835968717882333,
            "score": -2.5265333941250514
        },
        "test": {
            "rmse": 2.01970902763572,
            "mae": 0.9722667671239122,
            "r2": 0.9273194971241708,
            "score": -2.01970902763572
        }
    },
    "time": "0:01:05",
    "chunk_size": null,
    "eval_batch_size": 32768
}
