{
    "function": "bin.ft_transformer.main",
    "gpus": [
        "A100-SXM-80GB"
    ],
    "config": {
        "seed": 0,
        "batch_size": 128,
        "patience": 16,
        "n_epochs": Infinity,
        "data": {
            "seed": 0,
            "cache": true,
            "path": ":data/regression-cat-medium-1-visualizing_soil",
            "num_policy": "quantile",
            "cat_policy": null,
            "y_policy": "standard"
        },
        "optimizer": {
            "type": "AdamW",
            "lr": 6.96497234078436e-05,
            "weight_decay": 0.0
        },
        "model": {
            "d_token": 136,
            "n_blocks": 2,
            "attention_dropout": 0.009856682293569785,
            "ffn_d_hidden_factor": 2.068558977130853,
            "ffn_dropout": 0.013980591329754486,
            "residual_dropout": 0.0
        }
    },
    "n_parameters": 382197,
    "prediction_type": null,
    "best_epoch": 112,
    "metrics": {
        "train": {
            "rmse": 0.11061716407147115,
            "mae": 0.06747261907936686,
            "r2": 0.9999211836491908,
            "score": -0.11061716407147115
        },
        "val": {
            "rmse": 0.11347072229567834,
            "mae": 0.06809409258240517,
            "r2": 0.9999126391664207,
            "score": -0.11347072229567834
        },
        "test": {
            "rmse": 0.12209623116539906,
            "mae": 0.07214664962829787,
            "r2": 0.9999003548947091,
            "score": -0.12209623116539906
        }
    },
    "time": "0:00:55",
    "chunk_size": null,
    "eval_batch_size": 32768
}
