{
    "function": "bin.ensemble.main",
    "config": {
        "seeds": [
            5,
            6,
            7,
            8,
            9
        ]
    },
    "single_model_function": "bin.tabr.main",
    "data": ":data/classif-num-medium-0-MagicTelescope",
    "prediction_type": "probs",
    "metrics": {
        "train": {
            "0": {
                "precision": 0.8613428684942391,
                "recall": 0.9198133220195164,
                "f1-score": 0.8896183832581043,
                "support": 4714
            },
            "1": {
                "precision": 0.9126819126819127,
                "recall": 0.8498601849860185,
                "f1-score": 0.8801514813989751,
                "support": 4649
            },
            "accuracy": 0.8850795685143651,
            "macro avg": {
                "precision": 0.8870123905880759,
                "recall": 0.8848367535027675,
                "f1-score": 0.8848849323285397,
                "support": 9363
            },
            "weighted avg": {
                "precision": 0.8868341871344713,
                "recall": 0.8850795685143651,
                "f1-score": 0.8849177929832895,
                "support": 9363
            },
            "cross-entropy": 0.26884094715068524,
            "roc-auc": 0.95456208254785,
            "score": 0.8850795685143651
        },
        "val": {
            "0": {
                "precision": 0.8514376996805112,
                "recall": 0.9173838209982789,
                "f1-score": 0.8831814415907208,
                "support": 581
            },
            "1": {
                "precision": 0.9168110918544194,
                "recall": 0.8504823151125402,
                "f1-score": 0.8824020016680567,
                "support": 622
            },
            "accuracy": 0.8827930174563591,
            "macro avg": {
                "precision": 0.8841243957674654,
                "recall": 0.8839330680554096,
                "f1-score": 0.8827917216293888,
                "support": 1203
            },
            "weighted avg": {
                "precision": 0.8852384061910439,
                "recall": 0.8827930174563591,
                "f1-score": 0.8827784394029426,
                "support": 1203
            },
            "cross-entropy": 0.29113708542756056,
            "roc-auc": 0.9444908711557298,
            "score": 0.8827930174563591
        },
        "test": {
            "0": {
                "precision": 0.839095744680851,
                "recall": 0.9059583632447954,
                "f1-score": 0.8712461166724197,
                "support": 1393
            },
            "1": {
                "precision": 0.8996937212863706,
                "recall": 0.8292166549047283,
                "f1-score": 0.8630187293426368,
                "support": 1417
            },
            "accuracy": 0.8672597864768683,
            "macro avg": {
                "precision": 0.8693947329836108,
                "recall": 0.8675875090747618,
                "f1-score": 0.8671324230075282,
                "support": 2810
            },
            "weighted avg": {
                "precision": 0.8696535143783676,
                "recall": 0.8672597864768683,
                "f1-score": 0.8670972882573654,
                "support": 2810
            },
            "cross-entropy": 0.31854187047354426,
            "roc-auc": 0.9355047239423248,
            "score": 0.8672597864768683
        }
    }
}