{
    "function": "bin.catboost_.main",
    "gpus": [
        "NVIDIA GeForce RTX 2080 Ti",
        "NVIDIA GeForce RTX 2080 Ti"
    ],
    "config": {
        "seed": 14,
        "data": {
            "seed": 0,
            "num_policy": null,
            "cat_policy": null,
            "cache": true,
            "path": ":data/regression-num-medium-0-pol",
            "y_policy": "standard"
        },
        "model": {
            "iterations": 4000,
            "early_stopping_rounds": 200,
            "od_pval": 0.001,
            "bagging_temperature": 0.5929927090308867,
            "depth": 12,
            "l2_leaf_reg": 6.169747569410684,
            "leaf_estimation_iterations": 5,
            "learning_rate": 0.027776047796661034,
            "task_type": "CPU",
            "thread_count": 4
        },
        "fit": {
            "logging_level": "Verbose"
        }
    },
    "prediction_type": null,
    "time": "0:03:59",
    "best_iteration": 3345,
    "metrics": {
        "train": {
            "rmse": 0.3391104925609047,
            "mae": 0.19862595665032945,
            "r2": 0.9999332081135526,
            "score": -0.3391104925609047
        },
        "val": {
            "rmse": 3.6737240725755314,
            "mae": 1.7823249755829023,
            "r2": 0.9924253790133715,
            "score": -3.6737240725755314
        },
        "test": {
            "rmse": 3.5400685242359295,
            "mae": 1.7155054655217692,
            "r2": 0.9929474742870606,
            "score": -3.5400685242359295
        }
    }
}
