{
    "function": "bin.ffn.main",
    "gpus": [
        "A100-SXM-80GB"
    ],
    "config": {
        "seed": 8,
        "batch_size": 32,
        "patience": 16,
        "n_epochs": Infinity,
        "data": {
            "seed": 0,
            "cache": true,
            "path": ":data/classif-num-medium-4-wine",
            "num_policy": "quantile",
            "cat_policy": null,
            "y_policy": null
        },
        "optimizer": {
            "type": "AdamW",
            "lr": 0.0004422589621759045,
            "weight_decay": 0.0
        },
        "model": {
            "num_embeddings": null,
            "backbone": {
                "type": "MLP",
                "n_blocks": 3,
                "d_layer": 600,
                "dropout": 0.1350954110590768,
                "activation": "ReLU"
            }
        }
    },
    "n_parameters": 729001,
    "prediction_type": "logits",
    "best_epoch": 11,
    "metrics": {
        "train": {
            "0": {
                "precision": 0.8870192307692307,
                "recall": 0.8209121245828699,
                "f1-score": 0.8526863084922012,
                "support": 899
            },
            "1": {
                "precision": 0.831413612565445,
                "recall": 0.8941441441441441,
                "f1-score": 0.8616386326641347,
                "support": 888
            },
            "accuracy": 0.8573027420257414,
            "macro avg": {
                "precision": 0.8592164216673379,
                "recall": 0.857528134363507,
                "f1-score": 0.857162470578168,
                "support": 1787
            },
            "weighted avg": {
                "precision": 0.8593875637491066,
                "recall": 0.8573027420257414,
                "f1-score": 0.8571349172581088,
                "support": 1787
            },
            "cross-entropy": 0.3236212995916795,
            "roc-auc": 0.9329936165308801,
            "score": 0.8573027420257414
        },
        "val": {
            "0": {
                "precision": 0.8715596330275229,
                "recall": 0.7851239669421488,
                "f1-score": 0.826086956521739,
                "support": 121
            },
            "1": {
                "precision": 0.7851239669421488,
                "recall": 0.8715596330275229,
                "f1-score": 0.826086956521739,
                "support": 109
            },
            "accuracy": 0.8260869565217391,
            "macro avg": {
                "precision": 0.8283417999848359,
                "recall": 0.8283417999848359,
                "f1-score": 0.826086956521739,
                "support": 230
            },
            "weighted avg": {
                "precision": 0.8305966434479326,
                "recall": 0.8260869565217391,
                "f1-score": 0.826086956521739,
                "support": 230
            },
            "cross-entropy": 0.48294791220941014,
            "roc-auc": 0.865039047691258,
            "score": 0.8260869565217391
        },
        "test": {
            "0": {
                "precision": 0.773109243697479,
                "recall": 0.7159533073929961,
                "f1-score": 0.7434343434343434,
                "support": 257
            },
            "1": {
                "precision": 0.7558528428093646,
                "recall": 0.8071428571428572,
                "f1-score": 0.7806563039723662,
                "support": 280
            },
            "accuracy": 0.7635009310986964,
            "macro avg": {
                "precision": 0.7644810432534218,
                "recall": 0.7615480822679266,
                "f1-score": 0.7620453237033549,
                "support": 537
            },
            "weighted avg": {
                "precision": 0.7641114927688533,
                "recall": 0.7635009310986964,
                "f1-score": 0.7628424420388991,
                "support": 537
            },
            "cross-entropy": 0.5014575419748896,
            "roc-auc": 0.8435102834908283,
            "score": 0.7635009310986964
        }
    },
    "time": "0:00:04",
    "chunk_size": null,
    "eval_batch_size": 32768
}
