{
    "function": "bin.ft_transformer.main",
    "gpus": [
        "A100-SXM-80GB"
    ],
    "config": {
        "seed": 5,
        "batch_size": 64,
        "patience": 16,
        "n_epochs": Infinity,
        "data": {
            "seed": 0,
            "cache": true,
            "path": ":data/classif-cat-medium-0-rl",
            "num_policy": "quantile",
            "cat_policy": "ordinal",
            "y_policy": null
        },
        "optimizer": {
            "type": "AdamW",
            "lr": 7.963108795296755e-05,
            "weight_decay": 0.0
        },
        "model": {
            "d_token": 160,
            "n_blocks": 4,
            "attention_dropout": 0.052057867261903826,
            "ffn_d_hidden_factor": 1.8578250582421674,
            "ffn_dropout": 0.17394733679503446,
            "residual_dropout": 0.0
        }
    },
    "n_parameters": 995497,
    "prediction_type": "logits",
    "best_epoch": 54,
    "metrics": {
        "train": {
            "0": {
                "precision": 0.9429901105293775,
                "recall": 0.9173740803621958,
                "f1-score": 0.9300057372346529,
                "support": 1767
            },
            "1": {
                "precision": 0.9170454545454545,
                "recall": 0.9427570093457944,
                "f1-score": 0.9297235023041475,
                "support": 1712
            },
            "accuracy": 0.929864903707962,
            "macro avg": {
                "precision": 0.9300177825374161,
                "recall": 0.9300655448539952,
                "f1-score": 0.9298646197694002,
                "support": 3479
            },
            "weighted avg": {
                "precision": 0.9302228638940008,
                "recall": 0.929864903707962,
                "f1-score": 0.9298668507152433,
                "support": 3479
            },
            "cross-entropy": 0.18072214212590118,
            "roc-auc": 0.9827807572896669,
            "score": 0.929864903707962
        },
        "val": {
            "0": {
                "precision": 0.7584541062801933,
                "recall": 0.7336448598130841,
                "f1-score": 0.7458432304038005,
                "support": 214
            },
            "1": {
                "precision": 0.7615062761506276,
                "recall": 0.7844827586206896,
                "f1-score": 0.772823779193206,
                "support": 232
            },
            "accuracy": 0.7600896860986547,
            "macro avg": {
                "precision": 0.7599801912154105,
                "recall": 0.7590638092168869,
                "f1-score": 0.7593335047985033,
                "support": 446
            },
            "weighted avg": {
                "precision": 0.7600417820872353,
                "recall": 0.7600896860986547,
                "f1-score": 0.7598779553346124,
                "support": 446
            },
            "cross-entropy": 0.6071146805090905,
            "roc-auc": 0.827968901063487,
            "score": 0.7600896860986547
        },
        "test": {
            "0": {
                "precision": 0.7751091703056768,
                "recall": 0.7071713147410359,
                "f1-score": 0.7395833333333333,
                "support": 502
            },
            "1": {
                "precision": 0.7482876712328768,
                "recall": 0.8092592592592592,
                "f1-score": 0.7775800711743772,
                "support": 540
            },
            "accuracy": 0.7600767754318618,
            "macro avg": {
                "precision": 0.7616984207692767,
                "recall": 0.7582152870001475,
                "f1-score": 0.7585817022538552,
                "support": 1042
            },
            "weighted avg": {
                "precision": 0.7612093531278341,
                "recall": 0.7600767754318618,
                "f1-score": 0.7592745410436632,
                "support": 1042
            },
            "cross-entropy": 0.6053270840307701,
            "roc-auc": 0.8369263685996754,
            "score": 0.7600767754318618
        }
    },
    "time": "0:02:19",
    "chunk_size": null,
    "eval_batch_size": 32768
}
