{
    "function": "bin.ensemble.main",
    "config": {
        "seeds": [
            5,
            6,
            7,
            8,
            9
        ]
    },
    "single_model_function": "bin.tabr.main",
    "data": ":data/churn",
    "prediction_type": "probs",
    "metrics": {
        "train": {
            "0": {
                "precision": 0.8815318539727989,
                "recall": 0.966640502354788,
                "f1-score": 0.9221265443654062,
                "support": 5096
            },
            "1": {
                "precision": 0.7906403940886699,
                "recall": 0.49233128834355827,
                "f1-score": 0.6068052930056711,
                "support": 1304
            },
            "accuracy": 0.87,
            "macro avg": {
                "precision": 0.8360861240307345,
                "recall": 0.7294858953491732,
                "f1-score": 0.7644659186855387,
                "support": 6400
            },
            "weighted avg": {
                "precision": 0.8630127190214076,
                "recall": 0.87,
                "f1-score": 0.8578798394008601,
                "support": 6400
            },
            "cross-entropy": 0.3268483495412832,
            "roc-auc": 0.8748609519315041,
            "score": 0.87
        },
        "val": {
            "0": {
                "precision": 0.88,
                "recall": 0.967032967032967,
                "f1-score": 0.9214659685863875,
                "support": 1274
            },
            "1": {
                "precision": 0.79,
                "recall": 0.48466257668711654,
                "f1-score": 0.6007604562737643,
                "support": 326
            },
            "accuracy": 0.86875,
            "macro avg": {
                "precision": 0.835,
                "recall": 0.7258477718600418,
                "f1-score": 0.7611132124300759,
                "support": 1600
            },
            "weighted avg": {
                "precision": 0.8616625,
                "recall": 0.86875,
                "f1-score": 0.8561222204526905,
                "support": 1600
            },
            "cross-entropy": 0.33849987204780163,
            "roc-auc": 0.8597528676406854,
            "score": 0.86875
        },
        "test": {
            "0": {
                "precision": 0.8735827664399093,
                "recall": 0.9673571876961707,
                "f1-score": 0.9180816204944892,
                "support": 1593
            },
            "1": {
                "precision": 0.7796610169491526,
                "recall": 0.4520884520884521,
                "f1-score": 0.5723172628304821,
                "support": 407
            },
            "accuracy": 0.8625,
            "macro avg": {
                "precision": 0.8266218916945309,
                "recall": 0.7097228198923115,
                "f1-score": 0.7451994416624856,
                "support": 2000
            },
            "weighted avg": {
                "precision": 0.8544696904185403,
                "recall": 0.8625,
                "f1-score": 0.8477185737098637,
                "support": 2000
            },
            "cross-entropy": 0.34746201853347747,
            "roc-auc": 0.8531690396097176,
            "score": 0.8625
        }
    }
}