{
    "function": "bin.tabr.main",
    "gpus": [
        "A100-SXM-80GB"
    ],
    "config": {
        "seed": 4,
        "batch_size": 256,
        "patience": 16,
        "n_epochs": Infinity,
        "context_size": 96,
        "data": {
            "seed": 0,
            "cache": true,
            "path": ":data/regression-num-medium-0-pol",
            "num_policy": "quantile",
            "cat_policy": null,
            "y_policy": "standard"
        },
        "model": {
            "d_main": 113,
            "context_dropout": 0.564226581629466,
            "d_multiplier": 2.0,
            "encoder_n_blocks": 1,
            "predictor_n_blocks": 2,
            "mixer_normalization": "auto",
            "dropout0": 0.05944371701737573,
            "dropout1": 0.0,
            "normalization": "LayerNorm",
            "activation": "ReLU",
            "num_embeddings": {
                "type": "PLREmbeddings",
                "n_frequencies": 79,
                "frequency_scale": 0.07987611760120829,
                "d_embedding": 15,
                "lite": true
            }
        },
        "optimizer": {
            "type": "AdamW",
            "lr": 0.0006687892184365646,
            "weight_decay": 7.331274831711954e-06
        }
    },
    "n_parameters": 268295,
    "prediction_type": null,
    "best_epoch": 73,
    "metrics": {
        "train": {
            "rmse": 1.710202295234682,
            "mae": 0.7727643192794318,
            "r2": 0.9983012237473226,
            "score": -1.710202295234682
        },
        "val": {
            "rmse": 2.3911517697211395,
            "mae": 0.9896871753095695,
            "r2": 0.9967910562531876,
            "score": -2.3911517697211395
        },
        "test": {
            "rmse": 2.3595011530423173,
            "mae": 0.9458031565745273,
            "r2": 0.9968669903419394,
            "score": -2.3595011530423173
        }
    },
    "time": "0:00:48",
    "chunk_size": null,
    "eval_batch_size": 32768
}