{
    "function": "bin.xgboost_.main",
    "gpus": [
        "NVIDIA GeForce RTX 2080 Ti"
    ],
    "config": {
        "seed": 2,
        "data": {
            "seed": 0,
            "num_policy": null,
            "cache": true,
            "path": ":data/classif-cat-medium-1-compass",
            "cat_policy": "one-hot",
            "y_policy": null
        },
        "model": {
            "booster": "gbtree",
            "n_estimators": 4000,
            "n_jobs": 1,
            "tree_method": "gpu_hist",
            "use_label_encoder": false,
            "colsample_bytree": 0.514023690415401,
            "gamma": 0.0019300292667227086,
            "lambda": 0.0,
            "learning_rate": 0.04535304796252872,
            "max_depth": 14,
            "min_child_weight": 0.0008370024525424845,
            "subsample": 0.8079744122014704
        },
        "fit": {
            "early_stopping_rounds": 200,
            "verbose": true
        },
        "neighbors": null
    },
    "prediction_type": "probs",
    "time": "0:00:05",
    "best_iteration": 173,
    "metrics": {
        "train": {
            "0": {
                "precision": 0.9986100079428117,
                "recall": 1.0,
                "f1-score": 0.9993045206159961,
                "support": 5029
            },
            "1": {
                "precision": 1.0,
                "recall": 0.9985918326292497,
                "f1-score": 0.9992954202315047,
                "support": 4971
            },
            "accuracy": 0.9993,
            "macro avg": {
                "precision": 0.9993050039714059,
                "recall": 0.9992959163146249,
                "f1-score": 0.9992999704237504,
                "support": 10000
            },
            "weighted avg": {
                "precision": 0.9993009729944401,
                "recall": 0.9993,
                "f1-score": 0.9992999968148655,
                "support": 10000
            },
            "cross-entropy": 0.0732574538255474,
            "roc-auc": 0.9999997199905803,
            "score": 0.9993
        },
        "val": {
            "0": {
                "precision": 0.8233502538071066,
                "recall": 0.8267074413863404,
                "f1-score": 0.8250254323499491,
                "support": 981
            },
            "1": {
                "precision": 0.8313492063492064,
                "recall": 0.8280632411067194,
                "f1-score": 0.8297029702970298,
                "support": 1012
            },
            "accuracy": 0.8273958855995986,
            "macro avg": {
                "precision": 0.8273497300781565,
                "recall": 0.82738534124653,
                "f1-score": 0.8273642013234894,
                "support": 1993
            },
            "weighted avg": {
                "precision": 0.8274119396940133,
                "recall": 0.8273958855995986,
                "f1-score": 0.8274005795664297,
                "support": 1993
            },
            "cross-entropy": 0.4045000212880077,
            "roc-auc": 0.8967617942488305,
            "score": 0.8273958855995986
        },
        "test": {
            "0": {
                "precision": 0.8002588438308887,
                "recall": 0.8023356401384083,
                "f1-score": 0.8012958963282939,
                "support": 2312
            },
            "1": {
                "precision": 0.8041148735533648,
                "recall": 0.8020521590423257,
                "f1-score": 0.8030821917808219,
                "support": 2339
            },
            "accuracy": 0.8021930767576865,
            "macro avg": {
                "precision": 0.8021868586921268,
                "recall": 0.802193899590367,
                "f1-score": 0.8021890440545578,
                "support": 4651
            },
            "weighted avg": {
                "precision": 0.8021980512101343,
                "recall": 0.8021930767576865,
                "f1-score": 0.8021942289585805,
                "support": 4651
            },
            "cross-entropy": 0.4260355422806489,
            "roc-auc": 0.8867726019311479,
            "score": 0.8021930767576865
        }
    }
}
