{
    "function": "bin.xgboost_.main",
    "gpus": [
        "NVIDIA GeForce RTX 2080 Ti"
    ],
    "config": {
        "seed": 13,
        "data": {
            "seed": 0,
            "num_policy": null,
            "cache": true,
            "path": ":data/regression-cat-medium-1-yprop_4_1",
            "cat_policy": null,
            "y_policy": "standard"
        },
        "model": {
            "booster": "gbtree",
            "n_estimators": 4000,
            "n_jobs": 1,
            "tree_method": "gpu_hist",
            "use_label_encoder": false,
            "colsample_bytree": 0.8944744189173421,
            "gamma": 0,
            "lambda": 0.4003937404366249,
            "learning_rate": 0.019048015450738618,
            "max_depth": 8,
            "min_child_weight": 0.013027601961927319,
            "subsample": 0.6224546666282615
        },
        "fit": {
            "early_stopping_rounds": 200,
            "verbose": true
        },
        "neighbors": null
    },
    "prediction_type": null,
    "time": "0:00:01",
    "best_iteration": 159,
    "metrics": {
        "train": {
            "rmse": 0.02009313211930823,
            "mae": 0.014610425224429124,
            "r2": 0.5570681975913372,
            "score": -0.02009313211930823
        },
        "val": {
            "rmse": 0.027652548516716197,
            "mae": 0.020051574902662406,
            "r2": 0.09068668792850865,
            "score": -0.027652548516716197
        },
        "test": {
            "rmse": 0.027594403029053784,
            "mae": 0.020283093545154673,
            "r2": 0.06673961969333309,
            "score": -0.027594403029053784
        }
    }
}
