{
    "function": "bin.xgboost_.main",
    "gpus": [
        "NVIDIA GeForce RTX 2080 Ti"
    ],
    "config": {
        "seed": 10,
        "data": {
            "seed": 0,
            "num_policy": null,
            "cache": true,
            "path": ":data/regression-cat-medium-1-analcatdata_supreme",
            "cat_policy": null,
            "y_policy": "standard"
        },
        "model": {
            "booster": "gbtree",
            "n_estimators": 4000,
            "n_jobs": 1,
            "tree_method": "gpu_hist",
            "use_label_encoder": false,
            "colsample_bytree": 0.9017906480135865,
            "gamma": 0.010116279926813932,
            "lambda": 0.0,
            "learning_rate": 0.04041641578047379,
            "max_depth": 3,
            "min_child_weight": 70.02104196899653,
            "subsample": 0.7830667772487184
        },
        "fit": {
            "early_stopping_rounds": 200,
            "verbose": true
        },
        "neighbors": null
    },
    "prediction_type": null,
    "time": "0:00:02",
    "best_iteration": 1747,
    "metrics": {
        "train": {
            "rmse": 0.07942493774805366,
            "mae": 0.020153227430075304,
            "r2": 0.9791937915905988,
            "score": -0.07942493774805366
        },
        "val": {
            "rmse": 0.0453370266702179,
            "mae": 0.016022816082927882,
            "r2": 0.9931810204064799,
            "score": -0.0453370266702179
        },
        "test": {
            "rmse": 0.08989687798619421,
            "mae": 0.023212247655302054,
            "r2": 0.9728446301930267,
            "score": -0.08989687798619421
        }
    }
}
