{
    "function": "bin.tabr_scaling.main",
    "gpus": [
        "NVIDIA A100-SXM4-80GB"
    ],
    "config": {
        "seed": 10,
        "batch_size": 512,
        "patience": 16,
        "n_epochs": Infinity,
        "context_size": 96,
        "freeze_contexts_after_n_epochs": 8,
        "data": {
            "seed": 0,
            "cache": true,
            "path": ":data/otto",
            "num_policy": null,
            "cat_policy": null,
            "y_policy": null
        },
        "model": {
            "num_embeddings": null,
            "d_main": 265,
            "mixer_dropout": 0.38920071545944357,
            "d_multiplier": 2.0,
            "encoder_n_blocks": 0,
            "predictor_n_blocks": 1,
            "mixer_normalization": "auto",
            "dropout0": 0.38852797479169876,
            "dropout1": 0.0,
            "normalization": "LayerNorm",
            "activation": "ReLU"
        },
        "optimizer": {
            "type": "AdamW",
            "lr": 0.0003121273641315169,
            "weight_decay": 1.2260352006404615e-06
        }
    },
    "n_parameters": 664364,
    "prediction_type": "logits",
    "best_epoch": 16,
    "metrics": {
        "train": {
            "0": {
                "precision": 0.8427073403241182,
                "recall": 0.7157894736842105,
                "f1-score": 0.7740805604203154,
                "support": 1235
            },
            "1": {
                "precision": 0.7829430571157003,
                "recall": 0.8781740647412289,
                "f1-score": 0.8278287880864281,
                "support": 10318
            },
            "2": {
                "precision": 0.6896083314466833,
                "recall": 0.5946895743850058,
                "f1-score": 0.6386413670196037,
                "support": 5122
            },
            "3": {
                "precision": 0.8378164556962026,
                "recall": 0.6149825783972126,
                "f1-score": 0.709310113864702,
                "support": 1722
            },
            "4": {
                "precision": 0.9834380354083381,
                "recall": 0.9823160296634341,
                "f1-score": 0.982876712328767,
                "support": 1753
            },
            "5": {
                "precision": 0.9635133636464456,
                "recall": 0.9604244970152553,
                "f1-score": 0.9619664507556883,
                "support": 9046
            },
            "6": {
                "precision": 0.7739583333333333,
                "recall": 0.817831590533847,
                "f1-score": 0.7952903398447952,
                "support": 1817
            },
            "7": {
                "precision": 0.9397370343316289,
                "recall": 0.9499723093963448,
                "f1-score": 0.9448269530891399,
                "support": 5417
            },
            "8": {
                "precision": 0.9183152520740268,
                "recall": 0.9076001261431725,
                "f1-score": 0.9129262490087232,
                "support": 3171
            },
            "accuracy": 0.8578066210449231,
            "macro avg": {
                "precision": 0.8591152448196087,
                "recall": 0.8246422493288568,
                "f1-score": 0.8386386149353515,
                "support": 39601
            },
            "weighted avg": {
                "precision": 0.857118963500499,
                "recall": 0.8578066210449231,
                "f1-score": 0.8553589733537308,
                "support": 39601
            },
            "cross-entropy": 0.36971486865408076,
            "score": 0.8578066210449231
        },
        "val": {
            "0": {
                "precision": 0.6600790513833992,
                "recall": 0.5422077922077922,
                "f1-score": 0.5953654188948306,
                "support": 308
            },
            "1": {
                "precision": 0.7476092896174863,
                "recall": 0.8484496124031008,
                "f1-score": 0.7948438634713144,
                "support": 2580
            },
            "2": {
                "precision": 0.6414922656960873,
                "recall": 0.550351288056206,
                "f1-score": 0.592436974789916,
                "support": 1281
            },
            "3": {
                "precision": 0.7476038338658147,
                "recall": 0.54292343387471,
                "f1-score": 0.6290322580645161,
                "support": 431
            },
            "4": {
                "precision": 0.9769585253456221,
                "recall": 0.9680365296803652,
                "f1-score": 0.9724770642201834,
                "support": 438
            },
            "5": {
                "precision": 0.9515912147019274,
                "recall": 0.9385499557913352,
                "f1-score": 0.9450255953705765,
                "support": 2262
            },
            "6": {
                "precision": 0.7115384615384616,
                "recall": 0.7334801762114538,
                "f1-score": 0.7223427331887203,
                "support": 454
            },
            "7": {
                "precision": 0.9107271418286537,
                "recall": 0.9342688330871491,
                "f1-score": 0.9223477943857091,
                "support": 1354
            },
            "8": {
                "precision": 0.8651399491094147,
                "recall": 0.8575031525851198,
                "f1-score": 0.8613046231792273,
                "support": 793
            },
            "accuracy": 0.8201191798808202,
            "macro avg": {
                "precision": 0.8014155258985407,
                "recall": 0.7684189748774704,
                "f1-score": 0.7816862583961105,
                "support": 9901
            },
            "weighted avg": {
                "precision": 0.817971044618465,
                "recall": 0.8201191798808202,
                "f1-score": 0.8168371191001949,
                "support": 9901
            },
            "cross-entropy": 0.48800570596506676,
            "score": 0.8201191798808202
        },
        "test": {
            "0": {
                "precision": 0.6615384615384615,
                "recall": 0.5569948186528497,
                "f1-score": 0.6047819971870605,
                "support": 386
            },
            "1": {
                "precision": 0.7493051695386326,
                "recall": 0.8362282878411911,
                "f1-score": 0.790384051597772,
                "support": 3224
            },
            "2": {
                "precision": 0.604075691411936,
                "recall": 0.5184259837601499,
                "f1-score": 0.5579831932773109,
                "support": 1601
            },
            "3": {
                "precision": 0.7122302158273381,
                "recall": 0.5520446096654275,
                "f1-score": 0.6219895287958115,
                "support": 538
            },
            "4": {
                "precision": 0.9725274725274725,
                "recall": 0.968978102189781,
                "f1-score": 0.9707495429616088,
                "support": 548
            },
            "5": {
                "precision": 0.9520057306590258,
                "recall": 0.9402193137601698,
                "f1-score": 0.9460758142018153,
                "support": 2827
            },
            "6": {
                "precision": 0.6921797004991681,
                "recall": 0.7323943661971831,
                "f1-score": 0.7117194183062446,
                "support": 568
            },
            "7": {
                "precision": 0.910360884749709,
                "recall": 0.9238038984051978,
                "f1-score": 0.9170331281149222,
                "support": 1693
            },
            "8": {
                "precision": 0.8666666666666667,
                "recall": 0.8789101917255298,
                "f1-score": 0.872745490981964,