{
    "function": "bin.tabr_design.main",
    "gpus": [
        "A100-SXM-80GB"
    ],
    "config": {
        "seed": 10,
        "batch_size": 512,
        "patience": 16,
        "n_epochs": Infinity,
        "context_size": 96,
        "data": {
            "seed": 0,
            "cache": true,
            "path": ":data/diamond",
            "num_policy": "quantile",
            "cat_policy": "ordinal",
            "y_policy": "standard"
        },
        "model": {
            "num_embeddings": null,
            "d_main": 105,
            "context_dropout": 0.22854091014646785,
            "d_multiplier": 2.0,
            "encoder_n_blocks": 0,
            "predictor_n_blocks": 1,
            "mixer_normalization": "auto",
            "dropout0": 0.22836138588968197,
            "dropout1": 0.0,
            "normalization": "LayerNorm",
            "activation": "ReLU",
            "dot_product": true,
            "use_Q": false,
            "use_V": true,
            "use_labels": true,
            "use_T": false,
            "self_attention": true,
            "scale_similarities": true
        },
        "optimizer": {
            "type": "AdamW",
            "lr": 0.00015877438817849687,
            "weight_decay": 1.0745845560686406e-05
        }
    },
    "n_parameters": 70351,
    "prediction_type": null,
    "best_epoch": 140,
    "metrics": {
        "train": {
            "rmse": 0.12529565838203574,
            "mae": 0.0703007539463143,
            "r2": 0.9842268767433285,
            "score": -0.12529565838203574
        },
        "val": {
            "rmse": 0.13694621044111652,
            "mae": 0.07463418510066273,
            "r2": 0.9816803446938891,
            "score": -0.13694621044111652
        },
        "test": {
            "rmse": 0.13973163252230275,
            "mae": 0.07477640505351354,
            "r2": 0.9803966665527912,
            "score": -0.13973163252230275
        }
    },
    "time": "0:01:57",
    "chunk_size": null,
    "eval_batch_size": 32768
}