{
    "function": "bin.ft_transformer.main",
    "gpus": [
        "A100-SXM-80GB"
    ],
    "config": {
        "seed": 14,
        "batch_size": 256,
        "patience": 16,
        "n_epochs": Infinity,
        "data": {
            "seed": 0,
            "cache": true,
            "path": ":data/classif-num-large-0-jannis",
            "num_policy": "quantile",
            "cat_policy": null,
            "y_policy": null
        },
        "optimizer": {
            "type": "AdamW",
            "lr": 0.00018780388785751524,
            "weight_decay": 0.0
        },
        "model": {
            "d_token": 40,
            "n_blocks": 2,
            "attention_dropout": 0.21361235211098384,
            "ffn_d_hidden_factor": 2.074171170480867,
            "ffn_dropout": 0.4007868661795311,
            "residual_dropout": 0.0
        }
    },
    "n_parameters": 37929,
    "prediction_type": "logits",
    "best_epoch": 94,
    "metrics": {
        "train": {
            "0": {
                "precision": 0.850466773462962,
                "recall": 0.7631226765799256,
                "f1-score": 0.8044307435080202,
                "support": 20175
            },
            "1": {
                "precision": 0.7847588163761654,
                "recall": 0.8655307734340073,
                "f1-score": 0.823168139084424,
                "support": 20131
            },
            "accuracy": 0.8142708281645412,
            "macro avg": {
                "precision": 0.8176127949195637,
                "recall": 0.8143267250069665,
                "f1-score": 0.8137994412962222,
                "support": 40306
            },
            "weighted avg": {
                "precision": 0.817648659928642,
                "recall": 0.8142708281645412,
                "f1-score": 0.8137892139677181,
                "support": 40306
            },
            "cross-entropy": 0.40625605164468076,
            "roc-auc": 0.8950741293843787,
            "score": 0.8142708281645412
        },
        "val": {
            "0": {
                "precision": 0.8388646288209607,
                "recall": 0.749219968798752,
                "f1-score": 0.7915121549237741,
                "support": 2564
            },
            "1": {
                "precision": 0.7776625172890733,
                "recall": 0.8590527119938884,
                "f1-score": 0.816333938294011,
                "support": 2618
            },
            "accuracy": 0.8047086067155539,
            "macro avg": {
                "precision": 0.808263573055017,
                "recall": 0.8041363403963202,
                "f1-score": 0.8039230466088926,
                "support": 5182
            },
            "weighted avg": {
                "precision": 0.8079446890312112,
                "recall": 0.8047086067155539,
                "f1-score": 0.8040523766264528,
                "support": 5182
            },
            "cross-entropy": 0.44365285429428614,
            "roc-auc": 0.8734044816338108,
            "score": 0.8047086067155539
        },
        "test": {
            "0": {
                "precision": 0.8344840455308826,
                "recall": 0.7390513964633945,
                "f1-score": 0.7838737949167397,
                "support": 6051
            },
            "1": {
                "precision": 0.7654834397742463,
                "recall": 0.8531700049660652,
                "f1-score": 0.8069516204790983,
                "support": 6041
            },
            "accuracy": 0.7960635130664903,
            "macro avg": {
                "precision": 0.7999837426525644,
                "recall": 0.7961107007147299,
                "f1-score": 0.7954127076979189,
                "support": 12092
            },
            "weighted avg": {
                "precision": 0.8000122741633803,
                "recall": 0.7960635130664903,
                "f1-score": 0.7954031650972069,
                "support": 12092
            },
            "cross-entropy": 0.4448759554036683,
            "roc-auc": 0.8738584143700906,
            "score": 0.7960635130664903
        }
    },
    "time": "0:02:50",
    "chunk_size": null,
    "eval_batch_size": 32768
}
