{
    "function": "bin.tabr.main",
    "gpus": [
        "A100-SXM-80GB"
    ],
    "config": {
        "seed": 5,
        "batch_size": 256,
        "patience": 16,
        "n_epochs": Infinity,
        "context_size": 96,
        "data": {
            "seed": 0,
            "cache": true,
            "path": ":data/regression-cat-large-0-nyc-taxi-green-dec-2016",
            "num_policy": "quantile",
            "cat_policy": "ordinal",
            "y_policy": "standard"
        },
        "model": {
            "num_embeddings": null,
            "d_main": 347,
            "context_dropout": 0.5809812009563559,
            "d_multiplier": 2.0,
            "encoder_n_blocks": 0,
            "predictor_n_blocks": 1,
            "mixer_normalization": "auto",
            "dropout0": 0.32002053363964067,
            "dropout1": 0.0,
            "normalization": "LayerNorm",
            "activation": "ReLU"
        },
        "optimizer": {
            "type": "AdamW",
            "lr": 0.0007729664302546682,
            "weight_decay": 0.0
        }
    },
    "n_parameters": 1097215,
    "prediction_type": null,
    "best_epoch": 131,
    "metrics": {
        "train": {
            "rmse": 0.3540060710219855,
            "mae": 0.2162503016294366,
            "r2": 0.6464776240016623,
            "score": -0.3540060710219855
        },
        "val": {
            "rmse": 0.37449147269864047,
            "mae": 0.22597632113101263,
            "r2": 0.6077091899776806,
            "score": -0.37449147269864047
        },
        "test": {
            "rmse": 0.3743990432927084,
            "mae": 0.2255633997205031,
            "r2": 0.606338393000017,
            "score": -0.3743990432927084
        }
    },
    "time": "0:10:31",
    "chunk_size": null,
    "eval_batch_size": 32768
}