{
    "function": "bin.tabr_add_candidates_after_training.main",
    "gpus": [
        "NVIDIA A100-SXM-80GB"
    ],
    "config": {
        "seed": 3,
        "batch_size": 512,
        "patience": 16,
        "n_epochs": Infinity,
        "context_size": 96,
        "train_subset_pct": 0.04,
        "data": {
            "seed": 0,
            "cache": true,
            "path": ":data/weather-big",
            "num_policy": "quantile",
            "cat_policy": null,
            "y_policy": "standard"
        },
        "model": {
            "num_embeddings": null,
            "d_main": 265,
            "context_dropout": 0.38920071545944357,
            "d_multiplier": 2.0,
            "encoder_n_blocks": 0,
            "predictor_n_blocks": 1,
            "mixer_normalization": "auto",
            "dropout0": 0.38852797479169876,
            "dropout1": 0.0,
            "normalization": "LayerNorm",
            "activation": "ReLU"
        },
        "optimizer": {
            "type": "AdamW",
            "lr": 0.0003121273641315169,
            "weight_decay": 1.2260352006404615e-06
        }
    },
    "n_parameters": 667271,
    "prediction_type": null,
    "best_epoch": 21,
    "time": "0:48:05",
    "chunk_size": null,
    "eval_batch_size": 32768,
    "metrics": {
        "0.04": {
            "test": {
                "rmse": 1.9013588945125341,
                "mae": 1.4040295651575718,
                "r2": 0.9657427487820106,
                "score": -1.9013588945125341
            },
            "val": {
                "rmse": 1.897260735718747,
                "mae": 1.3995920472438144,
                "r2": 0.965844845553108,
                "score": -1.897260735718747
            }
        },
        "0.08": {
            "test": {
                "rmse": 1.8596076707956648,
                "mae": 1.3712296407002214,
                "r2": 0.9672307177240683,
                "score": -1.8596076707956648
            },
            "val": {
                "rmse": 1.8581524135376206,
                "mae": 1.3695857695177978,
                "r2": 0.9672384163012228,
                "score": -1.8581524135376206
            }
        },
        "0.16": {
            "test": {
                "rmse": 1.8127075584403571,
                "mae": 1.3355090994928815,
                "r2": 0.968862782813735,
                "score": -1.8127075584403571
            },
            "val": {
                "rmse": 1.8119904015090704,
                "mae": 1.333425504639095,
                "r2": 0.9688459834778254,
                "score": -1.8119904015090704
            }
        },
        "0.32": {
            "test": {
                "rmse": 1.7596248688887046,
                "mae": 1.2960102429776867,
                "r2": 0.9706596975423385,
                "score": -1.7596248688887046
            },
            "val": {
                "rmse": 1.7550622221450045,
                "mae": 1.2932314528106588,
                "r2": 0.9707727966171048,
                "score": -1.7550622221450045
            }
        },
        "0.64": {
            "test": {
                "rmse": 1.7001048812499728,
                "mae": 1.2521969329757425,
                "r2": 0.9726110297194361,
                "score": -1.7001048812499728
            },
            "val": {
                "rmse": 1.6959839448393423,
                "mae": 1.2492796091755736,
                "r2": 0.9727073509468388,
                "score": -1.6959839448393423
            }
        },
        "1.0": {
            "test": {
                "rmse": 1.6584961907201818,
                "mae": 1.2214348849758352,
                "r2": 0.9739352624840223,
                "score": -1.6584961907201818
            },
            "val": {
                "rmse": 1.6549735793872296,
                "mae": 1.2185262147414733,
                "r2": 0.9740113139850174,
                "score": -1.6549735793872296
            }
        }
    }
}