{
    "function": "bin.ensemble.main",
    "config": {
        "seeds": [
            10,
            11,
            12,
            13,
            14
        ]
    },
    "single_model_function": "bin.xgboost_.main",
    "data": ":data/regression-num-medium-1-wine_quality",
    "prediction_type": null,
    "metrics": {
        "train": {
            "rmse": 0.029805686770148238,
            "mae": 0.022320573552292444,
            "r2": 0.9988517277232972,
            "score": -0.029805686770148238
        },
        "val": {
            "rmse": 0.5861756109564005,
            "mae": 0.4070285642100657,
            "r2": 0.5253066120911412,
            "score": -0.5861756109564005
        },
        "test": {
            "rmse": 0.5838025243637766,
            "mae": 0.39845810336833765,
            "r2": 0.539271307399701,
            "score": -0.5838025243637766
        }
    }
}
