{
    "function": "bin.xgboost_.main",
    "gpus": [
        "A100-SXM-80GB"
    ],
    "config": {
        "seed": 1,
        "data": {
            "seed": 0,
            "num_policy": null,
            "cache": true,
            "path": ":data/diamond",
            "cat_policy": "one-hot",
            "y_policy": "standard"
        },
        "model": {
            "booster": "gbtree",
            "n_estimators": 4000,
            "n_jobs": 1,
            "tree_method": "gpu_hist",
            "use_label_encoder": false,
            "colsample_bytree": 0.988723259077386,
            "gamma": 0.09720761203463069,
            "lambda": 2.551692130198391,
            "learning_rate": 0.02844019876271051,
            "max_depth": 13,
            "min_child_weight": 0.011546211128449689,
            "subsample": 0.6833296344812527
        },
        "fit": {
            "early_stopping_rounds": 200,
            "verbose": true
        },
        "neighbors": null
    },
    "prediction_type": null,
    "time": "0:00:02",
    "metrics": {
        "train": {
            "rmse": 0.0926041726359828,
            "mae": 0.05520604297573354,
            "r2": 0.9913839787012562,
            "score": -0.0926041726359828
        },
        "val": {
            "rmse": 0.13314190361196188,
            "mae": 0.0693017331051508,
            "r2": 0.9826840316245743,
            "score": -0.13314190361196188
        },
        "test": {
            "rmse": 0.13683795950721314,
            "mae": 0.06903233250397368,
            "r2": 0.9812001822112056,
            "score": -0.13683795950721314
        }
    }
}
