{
    "function": "bin.ffn.main",
    "gpus": [
        "A100-SXM-80GB"
    ],
    "config": {
        "seed": 13,
        "batch_size": 512,
        "patience": 16,
        "n_epochs": Infinity,
        "data": {
            "seed": 0,
            "cache": true,
            "path": ":data/otto",
            "num_policy": null,
            "cat_policy": null,
            "y_policy": null
        },
        "optimizer": {
            "type": "AdamW",
            "lr": 4.233525097955956e-05,
            "weight_decay": 1.7868708637908385e-06
        },
        "model": {
            "backbone": {
                "type": "MLP",
                "n_blocks": 2,
                "d_layer": 914,
                "dropout": 0.4368148722492775,
                "activation": "ReLU"
            },
            "num_embeddings": {
                "type": "PLREmbeddings",
                "n_frequencies": 80,
                "frequency_scale": 0.015235819858780933,
                "d_embedding": 46,
                "lite": false
            }
        }
    },
    "n_parameters": 5451749,
    "prediction_type": "logits",
    "best_epoch": 88,
    "metrics": {
        "train": {
            "0": {
                "precision": 0.9033078880407125,
                "recall": 0.8623481781376519,
                "f1-score": 0.8823529411764706,
                "support": 1235
            },
            "1": {
                "precision": 0.839184494423112,
                "recall": 0.8896103896103896,
                "f1-score": 0.8636620248400452,
                "support": 10318
            },
            "2": {
                "precision": 0.7462626262626263,
                "recall": 0.7212026552128075,
                "f1-score": 0.733518665607625,
                "support": 5122
            },
            "3": {
                "precision": 0.8590651558073654,
                "recall": 0.7044134727061556,
                "f1-score": 0.7740906190172304,
                "support": 1722
            },
            "4": {
                "precision": 0.9795221843003413,
                "recall": 0.9823160296634341,
                "f1-score": 0.9809171176303049,
                "support": 1753
            },
            "5": {
                "precision": 0.9822452580502867,
                "recall": 0.9846340924165377,
                "f1-score": 0.9834382245776746,
                "support": 9046
            },
            "6": {
                "precision": 0.8973922902494331,
                "recall": 0.8712162905888827,
                "f1-score": 0.8841105836358559,
                "support": 1817
            },
            "7": {
                "precision": 0.9760667903525047,
                "recall": 0.9712017721986339,
                "f1-score": 0.9736282039418895,
                "support": 5417
            },
            "8": {
                "precision": 0.9579885423297263,
                "recall": 0.9492273730684326,
                "f1-score": 0.9535878346269602,
                "support": 3171
            },
            "accuracy": 0.8998257619757077,
            "macro avg": {
                "precision": 0.9045594699795676,
                "recall": 0.8817966948447695,
                "f1-score": 0.8921451350060062,
                "support": 39601
            },
            "weighted avg": {
                "precision": 0.8998295114026691,
                "recall": 0.8998257619757077,
                "f1-score": 0.8992491888437079,
                "support": 39601
            },
            "cross-entropy": 0.2664724079526576,
            "score": 0.8998257619757077
        },
        "val": {
            "0": {
                "precision": 0.650375939849624,
                "recall": 0.5616883116883117,
                "f1-score": 0.6027874564459931,
                "support": 308
            },
            "1": {
                "precision": 0.7692031586503948,
                "recall": 0.8306201550387597,
                "f1-score": 0.7987327618337683,
                "support": 2580
            },
            "2": {
                "precision": 0.6264462809917355,
                "recall": 0.5917252146760343,
                "f1-score": 0.6085909273384182,
                "support": 1281
            },
            "3": {
                "precision": 0.6925287356321839,
                "recall": 0.5591647331786543,
                "f1-score": 0.6187419768934532,
                "support": 431
            },
            "4": {
                "precision": 0.9745370370370371,
                "recall": 0.9611872146118722,
                "f1-score": 0.967816091954023,
                "support": 438
            },
            "5": {
                "precision": 0.949084412684234,
                "recall": 0.9394341290893015,
                "f1-score": 0.9442346145301044,
                "support": 2262
            },
            "6": {
                "precision": 0.7252747252747253,
                "recall": 0.7268722466960352,
                "f1-score": 0.7260726072607261,
                "support": 454
            },
            "7": {
                "precision": 0.9255711127487104,
                "recall": 0.9276218611521418,
                "f1-score": 0.9265953522685356,
                "support": 1354
            },
            "8": {
                "precision": 0.8589108910891089,
                "recall": 0.8751576292559899,
                "f1-score": 0.8669581511555279,
                "support": 793
            },
            "accuracy": 0.8222401777598223,
            "macro avg": {
                "precision": 0.796881365995306,
                "recall": 0.7748301661541224,
                "f1-score": 0.7845033266311723,
                "support": 9901
            },
            "weighted avg": {
                "precision": 0.8204330897973628,
                "recall": 0.8222401777598223,
                "f1-score": 0.8205412446172446,
                "support": 9901
            },
            "cross-entropy": 0.5002587531958296,
            "score": 0.8222401777598223
        },
        "test": {
            "0": {
                "precision": 0.640117994100295,
                "recall": 0.5621761658031088,
                "f1-score": 0.5986206896551725,
                "support": 386
            },
            "1": {
                "precision": 0.7680906713164778,
                "recall": 0.8197890818858561,
                "f1-score": 0.7930982745686422,
                "support": 3224
            },
            "2": {
                "precision": 0.6005273566249176,
                "recall": 0.5690193628981887,
                "f1-score": 0.5843489416292494,
                "support": 1601
            },
            "3": {
                "precision": 0.6717724288840262,
                "recall": 0.570631970260223,
                "f1-score": 0.6170854271356784,
                "support": 538
            },
            "4": {
                "precision": 0.9761029411764706,
                "recall": 0.968978102189781,
                "f1-score": 0.9725274725274724,
                "support": 548
            },
            "5": {
                "precision": 0.9481718139865105,
                "recall": 0.9448178280863105,
                "f1-score": 0.9464918497519489,
                "support": 2827
            },
            "6": {
                "precision": 0.7351351351351352,
                "recall": 0.7183098591549296,
                "f1-score": 0.7266251113089939,
                "support": 568
            },
            "7": {
                "precision": 0.9208505611340815,
                "recall": 0.9208505611340815,
                "f1-score": 0.9208505611340815,
                "support": 1693
            },
            "8": {
                "precision": 0.8588351431391905,
                "recall": 0.8779011099899092,
                "f1-score": 0.8682634730538923,