{
    "function": "bin.ensemble.main",
    "config": {
        "seeds": [
            5,
            6,
            7,
            8,
            9
        ]
    },
    "single_model_function": "bin.ft_transformer.main",
    "data": ":data/classif-num-medium-1-kdd_ipums_la_97-small",
    "prediction_type": "probs",
    "metrics": {
        "train": {
            "0": {
                "precision": 0.9694960212201591,
                "recall": 0.8131256952169077,
                "f1-score": 0.8844525105868118,
                "support": 1798
            },
            "1": {
                "precision": 0.8417333961375412,
                "recall": 0.9749045280960175,
                "f1-score": 0.9034378159757331,
                "support": 1833
            },
            "accuracy": 0.8947948223629854,
            "macro avg": {
                "precision": 0.9056147086788502,
                "recall": 0.8940151116564625,
                "f1-score": 0.8939451632812725,
                "support": 3631
            },
            "weighted avg": {
                "precision": 0.9049989427909555,
                "recall": 0.8947948223629854,
                "f1-score": 0.8940366650285339,
                "support": 3631
            },
            "cross-entropy": 0.24615057564254783,
            "roc-auc": 0.9542593546687931,
            "score": 0.8947948223629854
        },
        "val": {
            "0": {
                "precision": 0.9760765550239234,
                "recall": 0.8831168831168831,
                "f1-score": 0.9272727272727272,
                "support": 231
            },
            "1": {
                "precision": 0.8953488372093024,
                "recall": 0.9788135593220338,
                "f1-score": 0.9352226720647773,
                "support": 236
            },
            "accuracy": 0.9314775160599572,
            "macro avg": {
                "precision": 0.9357126961166129,
                "recall": 0.9309652212194585,
                "f1-score": 0.9312476996687522,
                "support": 467
            },
            "weighted avg": {
                "precision": 0.9352805348863419,
                "recall": 0.9314775160599572,
                "f1-score": 0.9312902582597161,
                "support": 467
            },
            "cross-entropy": 0.23100298425083257,
            "roc-auc": 0.9580856996111233,
            "score": 0.9314775160599572
        },
        "test": {
            "0": {
                "precision": 0.9548254620123203,
                "recall": 0.8230088495575221,
                "f1-score": 0.8840304182509506,
                "support": 565
            },
            "1": {
                "precision": 0.8341625207296849,
                "recall": 0.9580952380952381,
                "f1-score": 0.8918439716312057,
                "support": 525
            },
            "accuracy": 0.8880733944954129,
            "macro avg": {
                "precision": 0.8944939913710026,
                "recall": 0.8905520438263801,
                "f1-score": 0.8879371949410781,
                "support": 1090
            },
            "weighted avg": {
                "precision": 0.8967079902936198,
                "recall": 0.8880733944954129,
                "f1-score": 0.8877938269891468,
                "support": 1090
            },
            "cross-entropy": 0.26907153013989205,
            "roc-auc": 0.9462857142857143,
            "score": 0.8880733944954129
        }
    }
}
