{
    "function": "bin.ensemble.main",
    "config": {
        "seeds": [
            0,
            1,
            2,
            3,
            4
        ]
    },
    "single_model_function": "bin.tabr_scaling.main",
    "data": ":data/higgs-small",
    "prediction_type": "probs",
    "metrics": {
        "train": {
            "0": {
                "precision": 0.786184093575568,
                "recall": 0.7475153809749172,
                "f1-score": 0.7663622658510806,
                "support": 29582
            },
            "1": {
                "precision": 0.7842825785582255,
                "recall": 0.8186861225843408,
                "f1-score": 0.801115159382237,
                "support": 33169
            },
            "accuracy": 0.7851348982486335,
            "macro avg": {
                "precision": 0.7852333360668967,
                "recall": 0.783100751779629,
                "f1-score": 0.7837387126166588,
                "support": 62751
            },
            "weighted avg": {
                "precision": 0.7851789884519805,
                "recall": 0.7851348982486335,
                "f1-score": 0.7847319926368677,
                "support": 62751
            },
            "cross-entropy": 0.44583641745382324,
            "roc-auc": 0.8723240155808444,
            "score": 0.7851348982486335
        },
        "val": {
            "0": {
                "precision": 0.7322396367364875,
                "recall": 0.6759058950784208,
                "f1-score": 0.7029459326443085,
                "support": 7396
            },
            "1": {
                "precision": 0.7294887710190724,
                "recall": 0.7795465508924264,
                "f1-score": 0.7536874016207078,
                "support": 8292
            },
            "accuracy": 0.7306858745537991,
            "macro avg": {
                "precision": 0.73086420387778,
                "recall": 0.7277262229854236,
                "f1-score": 0.7283166671325081,
                "support": 15688
            },
            "weighted avg": {
                "precision": 0.7307856477940597,
                "recall": 0.7306858745537991,
                "f1-score": 0.7297656840946082,
                "support": 15688
            },
            "cross-entropy": 0.5332273543624961,
            "roc-auc": 0.8109695397989605,
            "score": 0.7306858745537991
        },
        "test": {
            "0": {
                "precision": 0.7168100975329891,
                "recall": 0.675716603569497,
                "f1-score": 0.6956570155902005,
                "support": 9245
            },
            "1": {
                "precision": 0.7248279027076641,
                "recall": 0.7618909792571152,
                "f1-score": 0.7428974600188146,
                "support": 10365
            },
            "accuracy": 0.7212646608873023,
            "macro avg": {
                "precision": 0.7208190001203265,
                "recall": 0.7188037914133061,
                "f1-score": 0.7192772378045076,
                "support": 19610
            },
            "weighted avg": {
                "precision": 0.721047963450149,
                "recall": 0.7212646608873023,
                "f1-score": 0.7206262765031319,
                "support": 19610
            },
            "cross-entropy": 0.5423066101146196,
            "roc-auc": 0.8040523332125395,
            "score": 0.7212646608873023
        }
    }
}