{
    "function": "bin.ensemble.main",
    "config": {
        "seeds": [
            0,
            1,
            2,
            3,
            4
        ]
    },
    "single_model_function": "bin.tabr.main",
    "data": ":data/regression-cat-large-0-SGEMM_GPU_kernel_performance",
    "prediction_type": null,
    "metrics": {
        "train": {
            "rmse": 0.015570135108593251,
            "mae": 0.008393237179869617,
            "r2": 0.999806723643817,
            "score": -0.015570135108593251
        },
        "val": {
            "rmse": 0.015622630697559575,
            "mae": 0.008520186733385504,
            "r2": 0.9998066096741021,
            "score": -0.015622630697559575
        },
        "test": {
            "rmse": 0.015590928138377319,
            "mae": 0.008460671616989934,
            "r2": 0.9998038112043814,
            "score": -0.015590928138377319
        }
    }
}