{
    "function": "bin.ensemble.main",
    "config": {
        "seeds": [
            0,
            1,
            2,
            3,
            4
        ]
    },
    "single_model_function": "bin.xgboost_.main",
    "data": ":data/classif-cat-medium-2-KDDCup09_upselling",
    "prediction_type": "probs",
    "metrics": {
        "train": {
            "0": {
                "precision": 0.8083333333333333,
                "recall": 0.9243273542600897,
                "f1-score": 0.8624476987447698,
                "support": 1784
            },
            "1": {
                "precision": 0.9128469980632666,
                "recall": 0.7833795013850415,
                "f1-score": 0.8431723315444245,
                "support": 1805
            },
            "accuracy": 0.8534410699359153,
            "macro avg": {
                "precision": 0.8605901656982999,
                "recall": 0.8538534278225656,
                "f1-score": 0.8528100151445972,
                "support": 3589
            },
            "weighted avg": {
                "precision": 0.8608959315048378,
                "recall": 0.8534410699359153,
                "f1-score": 0.852753623014309,
                "support": 3589
            },
            "cross-entropy": 0.43442670037393294,
            "roc-auc": 0.9402752071351379,
            "score": 0.8534410699359153
        },
        "val": {
            "0": {
                "precision": 0.8074074074074075,
                "recall": 0.8825910931174089,
                "f1-score": 0.8433268858800774,
                "support": 247
            },
            "1": {
                "precision": 0.8473684210526315,
                "recall": 0.755868544600939,
                "f1-score": 0.7990074441687345,
                "support": 213
            },
            "accuracy": 0.8239130434782609,
            "macro avg": {
                "precision": 0.8273879142300196,
                "recall": 0.819229818859174,
                "f1-score": 0.8211671650244059,
                "support": 460
            },
            "weighted avg": {
                "precision": 0.825911094160522,
                "recall": 0.8239130434782609,
                "f1-score": 0.8228050574354773,
                "support": 460
            },
            "cross-entropy": 0.4548931135968885,
            "roc-auc": 0.9100568322213985,
            "score": 0.8239130434782609
        },
        "test": {
            "0": {
                "precision": 0.7714285714285715,
                "recall": 0.864406779661017,
                "f1-score": 0.8152753108348136,
                "support": 531
            },
            "1": {
                "precision": 0.8506224066390041,
                "recall": 0.7509157509157509,
                "f1-score": 0.7976653696498054,
                "support": 546
            },
            "accuracy": 0.8068709377901578,
            "macro avg": {
                "precision": 0.8110254890337878,
                "recall": 0.8076612652883839,
                "f1-score": 0.8064703402423095,
                "support": 1077
            },
            "weighted avg": {
                "precision": 0.8115769781369245,
                "recall": 0.8068709377901578,
                "f1-score": 0.8063477083399069,
                "support": 1077
            },
            "cross-entropy": 0.45383579269483987,
            "roc-auc": 0.9109186482067839,
            "score": 0.8068709377901578
        }
    }
}
