{
    "function": "bin.catboost_.main",
    "gpus": [],
    "config": {
        "seed": 5,
        "data": {
            "seed": 0,
            "num_policy": null,
            "cat_policy": null,
            "cache": true,
            "path": ":data/adult",
            "y_policy": null
        },
        "model": {
            "iterations": 4000,
            "early_stopping_rounds": 200,
            "od_pval": 0.001,
            "bagging_temperature": 0.6573996271166188,
            "depth": 10,
            "l2_leaf_reg": 9.523421628335239,
            "leaf_estimation_iterations": 5,
            "learning_rate": 0.01775079785751064,
            "task_type": "CPU",
            "thread_count": 4
        },
        "fit": {
            "logging_level": "Verbose"
        }
    },
    "prediction_type": "probs",
    "time": "0:00:50",
    "best_iteration": 1170,
    "metrics": {
        "train": {
            "0": {
                "precision": 0.9066800939912723,
                "recall": 0.9561061946902655,
                "f1-score": 0.930737422467264,
                "support": 19775
            },
            "1": {
                "precision": 0.8329162656400385,
                "recall": 0.6897816036983899,
                "f1-score": 0.754621555633066,
                "support": 6273
            },
            "accuracy": 0.8919686732186732,
            "macro avg": {
                "precision": 0.8697981798156553,
                "recall": 0.8229438991943276,
                "f1-score": 0.842679489050165,
                "support": 26048
            },
            "weighted avg": {
                "precision": 0.8889159472142725,
                "recall": 0.8919686732186732,
                "f1-score": 0.888324383744486,
                "support": 26048
            },
            "cross-entropy": 0.24964265120139387,
            "roc-auc": 0.9449684004834398,
            "score": 0.8919686732186732
        },
        "val": {
            "0": {
                "precision": 0.8945147679324894,
                "recall": 0.943174924165824,
                "f1-score": 0.918200610296289,
                "support": 4945
            },
            "1": {
                "precision": 0.783679753656659,
                "recall": 0.6492346938775511,
                "f1-score": 0.7101499825601675,
                "support": 1568
            },
            "accuracy": 0.8724090280976509,
            "macro avg": {
                "precision": 0.8390972607945741,
                "recall": 0.7962048090216876,
                "f1-score": 0.8141752964282283,
                "support": 6513
            },
            "weighted avg": {
                "precision": 0.867831319078735,
                "recall": 0.8724090280976509,
                "f1-score": 0.8681125734023478,
                "support": 6513
            },
            "cross-entropy": 0.2774699086039123,
            "roc-auc": 0.9295185819524979,
            "score": 0.8724090280976509
        },
        "test": {
            "0": {
                "precision": 0.8961038961038961,
                "recall": 0.9433051869722557,
                "f1-score": 0.9190989226248776,
                "support": 12435
            },
            "1": {
                "precision": 0.7790661234722658,
                "recall": 0.6463858554342173,
                "f1-score": 0.7065510871109847,
                "support": 3846
            },
            "accuracy": 0.8731650390025183,
            "macro avg": {
                "precision": 0.8375850097880809,
                "recall": 0.7948455212032366,
                "f1-score": 0.8128250048679311,
                "support": 16281
            },
            "weighted avg": {
                "precision": 0.8684564989205995,
                "recall": 0.8731650390025183,
                "f1-score": 0.8688895389637736,
                "support": 16281
            },
            "cross-entropy": 0.2805903125175177,
            "roc-auc": 0.9254067171130754,
            "score": 0.8731650390025183
        }
    }
}
