{
    "function": "bin.xgboost_.main",
    "gpus": [
        "A100-SXM-80GB"
    ],
    "config": {
        "seed": 6,
        "data": {
            "seed": 0,
            "num_policy": null,
            "cache": true,
            "path": ":data/churn",
            "cat_policy": "one-hot",
            "y_policy": null
        },
        "model": {
            "booster": "gbtree",
            "n_estimators": 4000,
            "n_jobs": 1,
            "tree_method": "gpu_hist",
            "use_label_encoder": false,
            "colsample_bytree": 0.6930292118359103,
            "gamma": 0,
            "lambda": 0.0,
            "learning_rate": 0.0291825789249002,
            "max_depth": 5,
            "min_child_weight": 0.00752468876543723,
            "subsample": 0.5194689318793099
        },
        "fit": {
            "early_stopping_rounds": 200,
            "verbose": true
        },
        "neighbors": null
    },
    "prediction_type": "probs",
    "time": "0:00:01",
    "metrics": {
        "train": {
            "0": {
                "precision": 0.8793225123500353,
                "recall": 0.978021978021978,
                "f1-score": 0.9260497956150131,
                "support": 5096
            },
            "1": {
                "precision": 0.8469945355191257,
                "recall": 0.4754601226993865,
                "f1-score": 0.6090373280943026,
                "support": 1304
            },
            "accuracy": 0.875625,
            "macro avg": {
                "precision": 0.8631585239345805,
                "recall": 0.7267410503606823,
                "f1-score": 0.7675435618546578,
                "support": 6400
            },
            "weighted avg": {
                "precision": 0.8727356870707375,
                "recall": 0.875625,
                "f1-score": 0.8614585053576682,
                "support": 6400
            },
            "cross-entropy": 0.31592885594739256,
            "roc-auc": 0.9027195484729993,
            "score": 0.875625
        },
        "val": {
            "0": {
                "precision": 0.8747375787263821,
                "recall": 0.9811616954474097,
                "f1-score": 0.9248982611912689,
                "support": 1274
            },
            "1": {
                "precision": 0.8596491228070176,
                "recall": 0.450920245398773,
                "f1-score": 0.5915492957746479,
                "support": 326
            },
            "accuracy": 0.873125,
            "macro avg": {
                "precision": 0.8671933507666998,
                "recall": 0.7160409704230913,
                "f1-score": 0.7582237784829584,
                "support": 1600
            },
            "weighted avg": {
                "precision": 0.8716633058328117,
                "recall": 0.873125,
                "f1-score": 0.8569784094876325,
                "support": 1600
            },
            "cross-entropy": 0.34209366153561505,
            "roc-auc": 0.8667353680500044,
            "score": 0.873125
        },
        "test": {
            "0": {
                "precision": 0.8655133928571429,
                "recall": 0.9736346516007532,
                "f1-score": 0.9163958641063514,
                "support": 1593
            },
            "1": {
                "precision": 0.7980769230769231,
                "recall": 0.40786240786240785,
                "f1-score": 0.5398373983739838,
                "support": 407
            },
            "accuracy": 0.8585,
            "macro avg": {
                "precision": 0.8317951579670331,
                "recall": 0.6907485297315805,
                "f1-score": 0.7281166312401677,
                "support": 2000
            },
            "weighted avg": {
                "precision": 0.8517900712568682,
                "recall": 0.8585,
                "f1-score": 0.8397662163298146,
                "support": 2000
            },
            "cross-entropy": 0.34994713823689333,
            "roc-auc": 0.8589915030592996,
            "score": 0.8585
        }
    }
}
