{
    "function": "bin.ft_transformer.main",
    "gpus": [
        "NVIDIA A100-SXM4-80GB"
    ],
    "config": {
        "seed": 11,
        "batch_size": 64,
        "patience": 16,
        "n_epochs": Infinity,
        "data": {
            "seed": 0,
            "cache": true,
            "path": ":data/regression-cat-medium-3-analcatdata_supreme",
            "num_policy": "quantile",
            "cat_policy": null,
            "y_policy": "standard"
        },
        "optimizer": {
            "type": "AdamW",
            "lr": 0.0003980907002824944,
            "weight_decay": 0.0
        },
        "model": {
            "d_token": 16,
            "n_blocks": 2,
            "attention_dropout": 0.15897204371593432,
            "ffn_d_hidden_factor": 1.5503287872589098,
            "ffn_dropout": 0.15336916700540876,
            "residual_dropout": 0.0
        }
    },
    "n_parameters": 4993,
    "prediction_type": null,
    "best_epoch": 35,
    "metrics": {
        "train": {
            "rmse": 0.0766842241312066,
            "mae": 0.019202464687321896,
            "r2": 0.9807994603712374,
            "score": -0.0766842241312066
        },
        "val": {
            "rmse": 0.09618839108121612,
            "mae": 0.022873701594409823,
            "r2": 0.9689118203499185,
            "score": -0.09618839108121612
        },
        "test": {
            "rmse": 0.0643566393043297,
            "mae": 0.017108427852425834,
            "r2": 0.9856544214371896,
            "score": -0.0643566393043297
        }
    },
    "time": "0:00:18",
    "chunk_size": null,
    "eval_batch_size": 32768
}
