{
    "function": "bin.tabr.main",
    "gpus": [
        "NVIDIA A100-SXM4-80GB"
    ],
    "config": {
        "seed": 7,
        "batch_size": 64,
        "patience": 16,
        "n_epochs": Infinity,
        "context_size": 96,
        "data": {
            "seed": 0,
            "cache": true,
            "path": ":data/classif-num-medium-1-kdd_ipums_la_97-small",
            "num_policy": "quantile",
            "cat_policy": null,
            "y_policy": null
        },
        "model": {
            "num_embeddings": null,
            "d_main": 265,
            "mixer_dropout": 0.38920071545944357,
            "d_multiplier": 2.0,
            "encoder_n_blocks": 0,
            "predictor_n_blocks": 1,
            "mixer_normalization": "auto",
            "dropout0": 0.38852797479169876,
            "dropout1": 0.0,
            "normalization": "LayerNorm",
            "activation": "ReLU"
        },
        "optimizer": {
            "type": "AdamW",
            "lr": 0.0003121273641315169,
            "weight_decay": 1.2260352006404615e-06
        }
    },
    "n_parameters": 641036,
    "prediction_type": "logits",
    "best_epoch": 23,
    "metrics": {
        "train": {
            "0": {
                "precision": 0.9737360472751149,
                "recall": 0.824805339265851,
                "f1-score": 0.8931044866004215,
                "support": 1798
            },
            "1": {
                "precision": 0.8505692599620494,
                "recall": 0.9781778505182761,
                "f1-score": 0.9099213397614818,
                "support": 1833
            },
            "accuracy": 0.9022307904158634,
            "macro avg": {
                "precision": 0.9121526536185821,
                "recall": 0.9014915948920635,
                "f1-score": 0.9015129131809516,
                "support": 3631
            },
            "weighted avg": {
                "precision": 0.9115590378714108,
                "recall": 0.9022307904158634,
                "f1-score": 0.9015939638365064,
                "support": 3631
            },
            "cross-entropy": 0.22518595823272583,
            "roc-auc": 0.9637856089113989,
            "score": 0.9022307904158634
        },
        "val": {
            "0": {
                "precision": 0.9571428571428572,
                "recall": 0.8701298701298701,
                "f1-score": 0.9115646258503401,
                "support": 231
            },
            "1": {
                "precision": 0.8832684824902723,
                "recall": 0.961864406779661,
                "f1-score": 0.920892494929006,
                "support": 236
            },
            "accuracy": 0.9164882226980728,
            "macro avg": {
                "precision": 0.9202056698165648,
                "recall": 0.9159971384547656,
                "f1-score": 0.9162285603896732,
                "support": 467
            },
            "weighted avg": {
                "precision": 0.9198101967188528,
                "recall": 0.9164882226980728,
                "f1-score": 0.9162784954489807,
                "support": 467
            },
            "cross-entropy": 0.24503564931527214,
            "roc-auc": 0.9498312422041235,
            "score": 0.9164882226980728
        },
        "test": {
            "0": {
                "precision": 0.9549180327868853,
                "recall": 0.8247787610619469,
                "f1-score": 0.8850902184235518,
                "support": 565
            },
            "1": {
                "precision": 0.8355481727574751,
                "recall": 0.9580952380952381,
                "f1-score": 0.8926353149955635,
                "support": 525
            },
            "accuracy": 0.8889908256880734,
            "macro avg": {
                "precision": 0.8952331027721802,
                "recall": 0.8914369995785925,
                "f1-score": 0.8888627667095577,
                "support": 1090
            },
            "weighted avg": {
                "precision": 0.8974233754332702,
                "recall": 0.8889908256880734,
                "f1-score": 0.8887243245706217,
                "support": 1090
            },
            "cross-entropy": 0.27081617607122405,
            "roc-auc": 0.945574378423936,
            "score": 0.8889908256880734
        }
    },
    "time": "0:00:43",
    "chunk_size": null,
    "eval_batch_size": 32768
}