{
    "function": "bin.xgboost_.main",
    "gpus": [
        "NVIDIA GeForce RTX 2080 Ti"
    ],
    "config": {
        "seed": 7,
        "data": {
            "seed": 0,
            "num_policy": null,
            "cache": true,
            "path": ":data/classif-num-medium-0-credit",
            "cat_policy": null,
            "y_policy": null
        },
        "model": {
            "booster": "gbtree",
            "n_estimators": 4000,
            "n_jobs": 1,
            "tree_method": "gpu_hist",
            "use_label_encoder": false,
            "colsample_bytree": 0.7732287129967499,
            "gamma": 0.0010351158385936657,
            "lambda": 0.0,
            "learning_rate": 0.07332710134023421,
            "max_depth": 7,
            "min_child_weight": 19.128722031969765,
            "subsample": 0.7541479923859885
        },
        "fit": {
            "early_stopping_rounds": 200,
            "verbose": true
        },
        "neighbors": null
    },
    "prediction_type": "probs",
    "time": "0:00:00",
    "best_iteration": 45,
    "metrics": {
        "train": {
            "0": {
                "precision": 0.7869481765834933,
                "recall": 0.814785373608903,
                "f1-score": 0.8006248779535245,
                "support": 5032
            },
            "1": {
                "precision": 0.8054279749478079,
                "recall": 0.7765700483091788,
                "f1-score": 0.7907358065177291,
                "support": 4968
            },
            "accuracy": 0.7958,
            "macro avg": {
                "precision": 0.7961880757656505,
                "recall": 0.7956777109590409,
                "f1-score": 0.7956803422356269,
                "support": 10000
            },
            "weighted avg": {
                "precision": 0.7961289404108848,
                "recall": 0.7958,
                "f1-score": 0.7957119872642213,
                "support": 10000
            },
            "cross-entropy": 0.4484461152973288,
            "roc-auc": 0.8749891195543369,
            "score": 0.7958
        },
        "val": {
            "0": {
                "precision": 0.77447216890595,
                "recall": 0.813508064516129,
                "f1-score": 0.7935103244837759,
                "support": 992
            },
            "1": {
                "precision": 0.8096707818930041,
                "recall": 0.7700587084148728,
                "f1-score": 0.7893681043129388,
                "support": 1022
            },
            "accuracy": 0.791459781529295,
            "macro avg": {
                "precision": 0.7920714753994771,
                "recall": 0.7917833864655008,
                "f1-score": 0.7914392143983573,
                "support": 2014
            },
            "weighted avg": {
                "precision": 0.7923336299152693,
                "recall": 0.791459781529295,
                "f1-score": 0.7914083637019509,
                "support": 2014
            },
            "cross-entropy": 0.4640840049011202,
            "roc-auc": 0.8633105943437914,
            "score": 0.791459781529295
        },
        "test": {
            "0": {
                "precision": 0.7553278688524591,
                "recall": 0.7899699957136734,
                "f1-score": 0.772260632725749,
                "support": 2333
            },
            "1": {
                "precision": 0.7831858407079646,
                "recall": 0.7477820025348543,
                "f1-score": 0.7650745623514156,
                "support": 2367
            },
            "accuracy": 0.7687234042553192,
            "macro avg": {
                "precision": 0.7692568547802119,
                "recall": 0.7688759991242639,
                "f1-score": 0.7686675975385823,
                "support": 4700
            },
            "weighted avg": {
                "precision": 0.7693576176571361,
                "recall": 0.7687234042553192,
                "f1-score": 0.7686416053691432,
                "support": 4700
            },
            "cross-entropy": 0.48251639318438333,
            "roc-auc": 0.850354685831454,
            "score": 0.7687234042553192
        }
    }
}
