{
    "function": "bin.catboost_.main",
    "gpus": [
        "NVIDIA GeForce RTX 2080 Ti",
        "NVIDIA GeForce RTX 2080 Ti"
    ],
    "config": {
        "seed": 3,
        "data": {
            "seed": 0,
            "num_policy": null,
            "cat_policy": null,
            "cache": true,
            "path": ":data/regression-num-medium-0-MiamiHousing2016",
            "y_policy": "standard"
        },
        "model": {
            "iterations": 4000,
            "early_stopping_rounds": 3999,
            "thread_count": 4,
            "task_type": "CPU",
            "od_pval": 0.001
        },
        "fit": {
            "logging_level": "Verbose"
        }
    },
    "prediction_type": null,
    "time": "0:00:09",
    "best_iteration": 3458,
    "metrics": {
        "train": {
            "rmse": 0.08121155672068608,
            "mae": 0.05944650401316412,
            "r2": 0.9795434256694131,
            "score": -0.08121155672068608
        },
        "val": {
            "rmse": 0.14155737333249005,
            "mae": 0.09578000138669794,
            "r2": 0.9376206280282464,
            "score": -0.14155737333249005
        },
        "test": {
            "rmse": 0.13770732510727535,
            "mae": 0.09487505897584138,
            "r2": 0.9412320516162326,
            "score": -0.13770732510727535
        }
    }
}
