{
    "function": "bin.lightgbm_.main",
    "gpus": [
        "GeForce RTX 2080 Ti",
        "GeForce RTX 2080 Ti"
    ],
    "config": {
        "seed": 5,
        "data": {
            "seed": 0,
            "num_policy": null,
            "cache": true,
            "path": ":data/classif-cat-medium-0-rl",
            "cat_policy": "one-hot",
            "y_policy": null
        },
        "model": {
            "n_estimators": 4000,
            "n_jobs": 4,
            "feature_fraction": 0.8114708066325473,
            "lambda_l2": 3.0510891312664246,
            "learning_rate": 0.030644094728477515,
            "num_leaves": 422,
            "min_sum_hessian_in_leaf": 0.37670407050299126,
            "bagging_fraction": 0.86634871641919
        },
        "fit": {
            "early_stopping_rounds": 200,
            "verbose": true
        }
    },
    "prediction_type": "probs",
    "time": "0:00:01",
    "best_iteration": 374,
    "metrics": {
        "train": {
            "0": {
                "precision": 0.9869466515323496,
                "recall": 0.9841539332201471,
                "f1-score": 0.9855483139699631,
                "support": 1767
            },
            "1": {
                "precision": 0.9836924868957484,
                "recall": 0.9865654205607477,
                "f1-score": 0.9851268591426072,
                "support": 1712
            },
            "accuracy": 0.9853406151192872,
            "macro avg": {
                "precision": 0.9853195692140491,
                "recall": 0.9853596768904473,
                "f1-score": 0.9853375865562852,
                "support": 3479
            },
            "weighted avg": {
                "precision": 0.9853452919871178,
                "recall": 0.9853406151192872,
                "f1-score": 0.9853409179755873,
                "support": 3479
            },
            "cross-entropy": 0.15911492873358196,
            "roc-auc": 0.9992172169948538,
            "score": 0.9853406151192872
        },
        "val": {
            "0": {
                "precision": 0.7725118483412322,
                "recall": 0.7616822429906542,
                "f1-score": 0.7670588235294118,
                "support": 214
            },
            "1": {
                "precision": 0.7829787234042553,
                "recall": 0.7931034482758621,
                "f1-score": 0.7880085653104926,
                "support": 232
            },
            "accuracy": 0.7780269058295964,
            "macro avg": {
                "precision": 0.7777452858727438,
                "recall": 0.7773928456332582,
                "f1-score": 0.7775336944199522,
                "support": 446
            },
            "weighted avg": {
                "precision": 0.7779565008403833,
                "recall": 0.7780269058295964,
                "f1-score": 0.7779564470567902,
                "support": 446
            },
            "cross-entropy": 0.46856653879307364,
            "roc-auc": 0.855684015468901,
            "score": 0.7780269058295964
        },
        "test": {
            "0": {
                "precision": 0.779874213836478,
                "recall": 0.7410358565737052,
                "f1-score": 0.7599591419816139,
                "support": 502
            },
            "1": {
                "precision": 0.7699115044247787,
                "recall": 0.8055555555555556,
                "f1-score": 0.7873303167420814,
                "support": 540
            },
            "accuracy": 0.77447216890595,
            "macro avg": {
                "precision": 0.7748928591306283,
                "recall": 0.7732957060646304,
                "f1-score": 0.7736447293618476,
                "support": 1042
            },
            "weighted avg": {
                "precision": 0.7747111974426992,
                "recall": 0.77447216890595,
                "f1-score": 0.7741438198805126,
                "support": 1042
            },
            "cross-entropy": 0.45057601409293885,
            "roc-auc": 0.8672310756972111,
            "score": 0.77447216890595
        }
    }
}
