{
    "function": "bin.tabr_scaling.main",
    "gpus": [
        "NVIDIA A100-SXM4-80GB"
    ],
    "config": {
        "seed": 2,
        "batch_size": 1024,
        "patience": 16,
        "n_epochs": Infinity,
        "context_size": 96,
        "freeze_contexts_after_n_epochs": 2,
        "data": {
            "seed": 0,
            "cache": true,
            "path": ":data/covtype",
            "num_policy": "quantile",
            "cat_policy": null,
            "y_policy": null
        },
        "model": {
            "num_embeddings": null,
            "d_main": 265,
            "mixer_dropout": 0.38920071545944357,
            "d_multiplier": 2.0,
            "encoder_n_blocks": 0,
            "predictor_n_blocks": 1,
            "mixer_normalization": "auto",
            "dropout0": 0.38852797479169876,
            "dropout1": 0.0,
            "normalization": "LayerNorm",
            "activation": "ReLU"
        },
        "optimizer": {
            "type": "AdamW",
            "lr": 0.0003121273641315169,
            "weight_decay": 1.2260352006404615e-06
        }
    },
    "n_parameters": 652967,
    "prediction_type": "logits",
    "best_epoch": 25,
    "metrics": {
        "train": {
            "0": {
                "precision": 0.9742031924104401,
                "recall": 0.9710056203808878,
                "f1-score": 0.9726017782801585,
                "support": 135578
            },
            "1": {
                "precision": 0.9757944839564257,
                "recall": 0.9791850511824921,
                "f1-score": 0.97748682739901,
                "support": 181312
            },
            "2": {
                "precision": 0.9701621996703964,
                "recall": 0.9776243335372782,
                "f1-score": 0.9738789725729211,
                "support": 22882
            },
            "3": {
                "precision": 0.9101123595505618,
                "recall": 0.9209778283115406,
                "f1-score": 0.9155128567391919,
                "support": 1759
            },
            "4": {
                "precision": 0.9346382978723404,
                "recall": 0.9038683127572017,
                "f1-score": 0.9189958158995816,
                "support": 6075
            },
            "5": {
                "precision": 0.9673843334860284,
                "recall": 0.9499775078722447,
                "f1-score": 0.9586019064911484,
                "support": 11115
            },
            "6": {
                "precision": 0.9704808277541084,
                "recall": 0.9718116714916959,
                "f1-score": 0.9711457936810048,
                "support": 13126
            },
            "accuracy": 0.9734675820969377,
            "macro avg": {
                "precision": 0.9575393849571858,
                "recall": 0.95349290364762,
                "f1-score": 0.9554605644375739,
                "support": 371847
            },
            "weighted avg": {
                "precision": 0.9734456506584958,
                "recall": 0.9734675820969377,
                "f1-score": 0.9734466077998489,
                "support": 371847
            },
            "cross-entropy": 0.06381698101082643,
            "score": 0.9734675820969377
        },
        "val": {
            "0": {
                "precision": 0.9737005407641618,
                "recall": 0.9721779666017584,
                "f1-score": 0.9729386580054624,
                "support": 33894
            },
            "1": {
                "precision": 0.976611535666307,
                "recall": 0.9783136251323685,
                "f1-score": 0.9774618394224941,
                "support": 45328
            },
            "2": {
                "precision": 0.9662688116242865,
                "recall": 0.9764027267960147,
                "f1-score": 0.9713093375065207,
                "support": 5721
            },
            "3": {
                "precision": 0.9164733178654292,
                "recall": 0.8997722095671982,
                "f1-score": 0.9080459770114943,
                "support": 439
            },
            "4": {
                "precision": 0.9218855218855219,
                "recall": 0.9012508229098091,
                "f1-score": 0.9114513981358189,
                "support": 1519
            },
            "5": {
                "precision": 0.9608488840102452,
                "recall": 0.9449442245412019,
                "f1-score": 0.9528301886792453,
                "support": 2779
            },
            "6": {
                "precision": 0.9692448233861145,
                "recall": 0.9698354661791591,
                "f1-score": 0.9695400548279013,
                "support": 3282
            },
            "accuracy": 0.9730319915664465,
            "macro avg": {
                "precision": 0.955004776457438,
                "recall": 0.9489567202467872,
                "f1-score": 0.9519396362269911,
                "support": 92962
            },
            "weighted avg": {
                "precision": 0.9730041752753829,
                "recall": 0.9730319915664465,
                "f1-score": 0.9730116204859611,
                "support": 92962
            },
            "cross-entropy": 0.06648085349336262,
            "score": 0.9730319915664465
        },
        "test": {
            "0": {
                "precision": 0.9738957251582616,
                "recall": 0.9695052870090635,
                "f1-score": 0.9716955467502514,
                "support": 42368
            },
            "1": {
                "precision": 0.9742062446189799,
                "recall": 0.9785390303736256,
                "f1-score": 0.9763678306654693,
                "support": 56661
            },
            "2": {
                "precision": 0.9667405764966741,
                "recall": 0.9755278981960565,
                "f1-score": 0.9711143592956081,
                "support": 7151
            },
            "3": {
                "precision": 0.9014598540145985,
                "recall": 0.8998178506375227,
                "f1-score": 0.900638103919781,
                "support": 549
            },
            "4": {
                "precision": 0.9184782608695652,
                "recall": 0.889942074776198,
                "f1-score": 0.9039850227333512,
                "support": 1899
            },
            "5": {
                "precision": 0.9618768328445748,
                "recall": 0.9444284480276418,
                "f1-score": 0.9530727880284758,
                "support": 3473
            },
            "6": {
                "precision": 0.9699926811417419,
                "recall": 0.9692832764505119,
                "f1-score": 0.9696378490427996,
                "support": 4102
            },
            "accuracy": 0.971894013063346,
            "macro avg": {
                "precision": 0.9523785964491994,
                "recall": 0.9467205522100886,
                "f1-score": 0.949501642919391,
                "support": 116203
            },
            "weighted avg": {
                "precision": 0.9718619645632808,
                "recall": 0.971894013063346,
                "f1-score": 0.9718665394885911,
                "support": 116203
            },
            "cross-entropy": 0.06820935872820981,
            "score": 0.971894013063346
        }
    },
    "time": "0:10:23",
    "chunk_size": null,
    "eval_batch_size": 32768
}