{
    "function": "bin.ensemble.main",
    "config": {
        "seeds": [
            10,
            11,
            12,
            13,
            14
        ]
    },
    "single_model_function": "bin.ffn.main",
    "data": ":data/classif-cat-medium-2-rl",
    "prediction_type": "probs",
    "metrics": {
        "train": {
            "0": {
                "precision": 0.8217821782178217,
                "recall": 0.823220536756126,
                "f1-score": 0.8225007286505391,
                "support": 1714
            },
            "1": {
                "precision": 0.8280363223609535,
                "recall": 0.826628895184136,
                "f1-score": 0.8273320102069748,
                "support": 1765
            },
            "accuracy": 0.8249496981891348,
            "macro avg": {
                "precision": 0.8249092502893876,
                "recall": 0.824924715970131,
                "f1-score": 0.8249163694287569,
                "support": 3479
            },
            "weighted avg": {
                "precision": 0.8249550912424345,
                "recall": 0.8249496981891348,
                "f1-score": 0.8249517812366585,
                "support": 3479
            },
            "cross-entropy": 0.40178432731662406,
            "roc-auc": 0.913731608714767,
            "score": 0.8249496981891348
        },
        "val": {
            "0": {
                "precision": 0.7269076305220884,
                "recall": 0.7669491525423728,
                "f1-score": 0.7463917525773196,
                "support": 236
            },
            "1": {
                "precision": 0.7222222222222222,
                "recall": 0.6777251184834123,
                "f1-score": 0.6992665036674817,
                "support": 211
            },
            "accuracy": 0.7248322147651006,
            "macro avg": {
                "precision": 0.7245649263721553,
                "recall": 0.7223371355128926,
                "f1-score": 0.7228291281224006,
                "support": 447
            },
            "weighted avg": {
                "precision": 0.7246959500941874,
                "recall": 0.7248322147651006,
                "f1-score": 0.7241469482820716,
                "support": 447
            },
            "cross-entropy": 0.5329368281901132,
            "roc-auc": 0.8085388384609206,
            "score": 0.7248322147651006
        },
        "test": {
            "0": {
                "precision": 0.6685606060606061,
                "recall": 0.6622889305816135,
                "f1-score": 0.6654099905749292,
                "support": 533
            },
            "1": {
                "precision": 0.6498054474708171,
                "recall": 0.656188605108055,
                "f1-score": 0.6529814271749756,
                "support": 509
            },
            "accuracy": 0.6593090211132437,
            "macro avg": {
                "precision": 0.6591830267657116,
                "recall": 0.6592387678448343,
                "f1-score": 0.6591957088749525,
                "support": 1042
            },
            "weighted avg": {
                "precision": 0.6593990170757668,
                "recall": 0.6593090211132437,
                "f1-score": 0.6593388401233204,
                "support": 1042
            },
            "cross-entropy": 0.5907419491520345,
            "roc-auc": 0.7529681492976332,
            "score": 0.6593090211132437
        }
    }
}
