{
    "function": "bin.tabr.main",
    "gpus": [
        "NVIDIA A100-SXM4-80GB"
    ],
    "config": {
        "seed": 12,
        "batch_size": 256,
        "patience": 16,
        "n_epochs": Infinity,
        "context_size": 96,
        "data": {
            "seed": 0,
            "cache": true,
            "path": ":data/classif-cat-large-0-covertype",
            "num_policy": "quantile",
            "cat_policy": null,
            "y_policy": null
        },
        "model": {
            "num_embeddings": null,
            "d_main": 265,
            "mixer_dropout": 0.38920071545944357,
            "d_multiplier": 2.0,
            "encoder_n_blocks": 0,
            "predictor_n_blocks": 1,
            "mixer_normalization": "auto",
            "dropout0": 0.38852797479169876,
            "dropout1": 0.0,
            "normalization": "LayerNorm",
            "activation": "ReLU"
        },
        "optimizer": {
            "type": "AdamW",
            "lr": 0.0003121273641315169,
            "weight_decay": 1.2260352006404615e-06
        }
    },
    "n_parameters": 650046,
    "prediction_type": "logits",
    "best_epoch": 37,
    "metrics": {
        "train": {
            "0": {
                "precision": 0.9564152987919894,
                "recall": 0.9569914063127459,
                "f1-score": 0.9567032658222767,
                "support": 24902
            },
            "1": {
                "precision": 0.9573017581628992,
                "recall": 0.956729619890031,
                "f1-score": 0.9570156035152746,
                "support": 25098
            },
            "accuracy": 0.95686,
            "macro avg": {
                "precision": 0.9568585284774442,
                "recall": 0.9568605131013885,
                "f1-score": 0.9568594346687757,
                "support": 50000
            },
            "weighted avg": {
                "precision": 0.9568602659378114,
                "recall": 0.95686,
                "f1-score": 0.9568600468506538,
                "support": 50000
            },
            "cross-entropy": 0.1075153442401724,
            "roc-auc": 0.993212083694163,
            "score": 0.95686
        },
        "val": {
            "0": {
                "precision": 0.9525732794817451,
                "recall": 0.9517740131053221,
                "f1-score": 0.9521734785650046,
                "support": 25028
            },
            "1": {
                "precision": 0.9517064778137878,
                "recall": 0.9525068076245394,
                "f1-score": 0.9521064745321726,
                "support": 24972
            },
            "accuracy": 0.95214,
            "macro avg": {
                "precision": 0.9521398786477664,
                "recall": 0.9521404103649307,
                "f1-score": 0.9521399765485885,
                "support": 50000
            },
            "weighted avg": {
                "precision": 0.9521403640567004,
                "recall": 0.95214,
                "f1-score": 0.9521400140708469,
                "support": 50000
            },
            "cross-entropy": 0.12163181241961535,
            "roc-auc": 0.9908762173551271,
            "score": 0.95214
        },
        "test": {
            "0": {
                "precision": 0.9516186551491858,
                "recall": 0.9537728355837967,
                "f1-score": 0.9526945276394867,
                "support": 25180
            },
            "1": {
                "precision": 0.9529943867867383,
                "recall": 0.9508058017727639,
                "f1-score": 0.9518988362946978,
                "support": 24820
            },
            "accuracy": 0.9523,
            "macro avg": {
                "precision": 0.952306520967962,
                "recall": 0.9522893186782803,
                "f1-score": 0.9522966819670923,
                "support": 50000
            },
            "weighted avg": {
                "precision": 0.9523015683340669,
                "recall": 0.9523,
                "f1-score": 0.9522995464559336,
                "support": 50000
            },
            "cross-entropy": 0.12059050196736254,
            "roc-auc": 0.9909689414299239,
            "score": 0.9523
        }
    },
    "time": "0:03:50",
    "chunk_size": null,
    "eval_batch_size": 32768
}