{
    "function": "bin.tabr.main",
    "gpus": [
        "A100-SXM4-40GB"
    ],
    "config": {
        "seed": 11,
        "batch_size": 256,
        "patience": 16,
        "n_epochs": Infinity,
        "context_size": 96,
        "data": {
            "seed": 0,
            "cache": true,
            "path": ":data/regression-num-medium-0-california",
            "num_policy": "quantile",
            "cat_policy": null,
            "y_policy": "standard"
        },
        "model": {
            "num_embeddings": null,
            "d_main": 187,
            "context_dropout": 0.22364803923174864,
            "d_multiplier": 2.0,
            "encoder_n_blocks": 0,
            "predictor_n_blocks": 1,
            "mixer_normalization": "auto",
            "dropout0": 0.4753857437200488,
            "dropout1": 0.0,
            "normalization": "LayerNorm",
            "activation": "ReLU"
        },
        "optimizer": {
            "type": "AdamW",
            "lr": 0.0005773987437702515,
            "weight_decay": 0.0
        }
    },
    "n_parameters": 318836,
    "prediction_type": null,
    "best_epoch": 68,
    "metrics": {
        "train": {
            "rmse": 0.1058534665133739,
            "mae": 0.07389201604896423,
            "r2": 0.91115822083137,
            "score": -0.1058534665133739
        },
        "val": {
            "rmse": 0.1320156945169904,
            "mae": 0.08632171925506027,
            "r2": 0.8678179602963549,
            "score": -0.1320156945169904
        },
        "test": {
            "rmse": 0.12282706857122765,
            "mae": 0.08219023829663996,
            "r2": 0.880042871490224,
            "score": -0.12282706857122765
        }
    },
    "time": "0:00:32",
    "chunk_size": null,
    "eval_batch_size": 32768
}