{
    "function": "bin.ffn.main",
    "gpus": [
        "A100-SXM-80GB"
    ],
    "config": {
        "seed": 8,
        "batch_size": 64,
        "patience": 16,
        "n_epochs": Infinity,
        "data": {
            "seed": 0,
            "cache": true,
            "path": ":data/regression-cat-medium-1-Mercedes_Benz_Greener_Manufacturing",
            "num_policy": null,
            "cat_policy": "ordinal",
            "y_policy": "standard"
        },
        "optimizer": {
            "type": "AdamW",
            "lr": 0.00017037475029114835,
            "weight_decay": 0.0
        },
        "model": {
            "num_embeddings": null,
            "backbone": {
                "type": "MLP",
                "n_blocks": 6,
                "d_layer": 534,
                "dropout": 0.2348933818924713,
                "activation": "ReLU"
            }
        }
    },
    "n_parameters": 1631905,
    "prediction_type": null,
    "best_epoch": 5,
    "metrics": {
        "train": {
            "rmse": 8.170550355412667,
            "mae": 5.192652709101196,
            "r2": 0.5860481419579564,
            "score": -8.170550355412667
        },
        "val": {
            "rmse": 9.374474367440659,
            "mae": 6.029992868108081,
            "r2": 0.5028742529207466,
            "score": -9.374474367440659
        },
        "test": {
            "rmse": 7.837215436315774,
            "mae": 5.4156109991551205,
            "r2": 0.5951427022140472,
            "score": -7.837215436315774
        }
    },
    "time": "0:00:04",
    "chunk_size": null,
    "eval_batch_size": 32768
}
