{
    "function": "bin.ft_transformer.main",
    "gpus": [
        "A100-SXM-80GB"
    ],
    "config": {
        "seed": 11,
        "batch_size": 128,
        "patience": 16,
        "n_epochs": Infinity,
        "data": {
            "seed": 0,
            "cache": true,
            "path": ":data/regression-num-medium-1-isolet",
            "num_policy": "quantile",
            "cat_policy": null,
            "y_policy": "standard"
        },
        "optimizer": {
            "type": "AdamW",
            "lr": 0.00028755078394374013,
            "weight_decay": 0.0
        },
        "model": {
            "d_token": 176,
            "n_blocks": 2,
            "attention_dropout": 0.30167602078203326,
            "ffn_d_hidden_factor": 1.7645465192306562,
            "ffn_dropout": 0.02680641221427231,
            "residual_dropout": 0.0
        }
    },
    "n_parameters": 795705,
    "prediction_type": null,
    "best_epoch": 64,
    "metrics": {
        "train": {
            "rmse": 0.6786064015134353,
            "mae": 0.4162310340293125,
            "r2": 0.991855666266154,
            "score": -0.6786064015134353
        },
        "val": {
            "rmse": 2.349015782400092,
            "mae": 0.8721143478889921,
            "r2": 0.8999235031995176,
            "score": -2.349015782400092
        },
        "test": {
            "rmse": 2.6088650004115648,
            "mae": 0.9426461523452332,
            "r2": 0.8779321376287397,
            "score": -2.6088650004115648
        }
    },
    "time": "0:04:31",
    "chunk_size": null,
    "eval_batch_size": 32768
}
