{
    "function": "bin.ensemble.main",
    "config": {
        "seeds": [
            10,
            11,
            12,
            13,
            14
        ]
    },
    "single_model_function": "bin.tabr.main",
    "data": ":data/regression-num-medium-1-wine_quality",
    "prediction_type": null,
    "metrics": {
        "train": {
            "rmse": 0.5471051169800428,
            "mae": 0.3995810943805189,
            "r2": 0.6131094134962896,
            "score": -0.5471051169800428
        },
        "val": {
            "rmse": 0.5817201710858102,
            "mae": 0.4381278657280774,
            "r2": 0.5324953668393354,
            "score": -0.5817201710858102
        },
        "test": {
            "rmse": 0.5917723183610721,
            "mae": 0.4309945660031289,
            "r2": 0.526606131534299,
            "score": -0.5917723183610721
        }
    }
}