{
    "function": "bin.lightgbm_.main",
    "gpus": [
        "GeForce RTX 2080 Ti",
        "GeForce RTX 2080 Ti"
    ],
    "config": {
        "seed": 14,
        "data": {
            "seed": 0,
            "num_policy": null,
            "cache": true,
            "path": ":data/regression-cat-medium-1-Brazilian_houses",
            "cat_policy": "one-hot",
            "y_policy": "standard"
        },
        "model": {
            "n_estimators": 4000,
            "n_jobs": 4,
            "feature_fraction": 0.8074600014260751,
            "lambda_l2": 0.0,
            "learning_rate": 0.05343733915895493,
            "num_leaves": 39,
            "min_sum_hessian_in_leaf": 5.86157218187665,
            "bagging_fraction": 0.5397121696388881
        },
        "fit": {
            "early_stopping_rounds": 200,
            "verbose": true
        }
    },
    "prediction_type": null,
    "time": "0:00:03",
    "best_iteration": 4000,
    "metrics": {
        "train": {
            "rmse": 0.0055481837473227505,
            "mae": 0.002896685246824624,
            "r2": 0.9999523944533365,
            "score": -0.0055481837473227505
        },
        "val": {
            "rmse": 0.04449806100435492,
            "mae": 0.01642725501204319,
            "r2": 0.9968035267465444,
            "score": -0.04449806100435492
        },
        "test": {
            "rmse": 0.04419058256154938,
            "mae": 0.0152206982918088,
            "r2": 0.996818174432673,
            "score": -0.04419058256154938
        }
    }
}
