{
    "function": "bin.catboost_.main",
    "gpus": [
        "GeForce RTX 2080 Ti",
        "GeForce RTX 2080 Ti"
    ],
    "config": {
        "seed": 7,
        "data": {
            "seed": 0,
            "num_policy": null,
            "cat_policy": null,
            "cache": true,
            "path": ":data/regression-cat-medium-2-Mercedes_Benz_Greener_Manufacturing",
            "y_policy": "standard"
        },
        "model": {
            "iterations": 4000,
            "early_stopping_rounds": 200,
            "od_pval": 0.001,
            "bagging_temperature": 0.20242686024838977,
            "depth": 4,
            "l2_leaf_reg": 4.278524091792483,
            "leaf_estimation_iterations": 5,
            "learning_rate": 0.14999442197466953,
            "task_type": "CPU",
            "thread_count": 4
        },
        "fit": {
            "logging_level": "Verbose"
        }
    },
    "prediction_type": null,
    "time": "0:00:01",
    "best_iteration": 48,
    "metrics": {
        "train": {
            "rmse": 8.085793850594563,
            "mae": 5.103265670784738,
            "r2": 0.5896323252496638,
            "score": -8.085793850594563
        },
        "val": {
            "rmse": 9.53725372632804,
            "mae": 5.922794923557099,
            "r2": 0.5042280163692019,
            "score": -9.53725372632804
        },
        "test": {
            "rmse": 7.868001753956462,
            "mae": 5.332881661289997,
            "r2": 0.6018520153629914,
            "score": -7.868001753956462
        }
    }
}
