{
    "function": "bin.ffn.main",
    "gpus": [
        "A100-SXM-80GB"
    ],
    "config": {
        "seed": 3,
        "batch_size": 128,
        "patience": 16,
        "n_epochs": Infinity,
        "data": {
            "seed": 0,
            "cache": true,
            "path": ":data/classif-num-medium-0-MagicTelescope",
            "num_policy": "quantile",
            "cat_policy": null,
            "y_policy": null
        },
        "optimizer": {
            "type": "AdamW",
            "lr": 0.0005375700512323035,
            "weight_decay": 1.3040873619910223e-06
        },
        "model": {
            "backbone": {
                "type": "MLP",
                "n_blocks": 5,
                "d_layer": 937,
                "dropout": 0.43514118520387607,
                "activation": "ReLU"
            },
            "num_embeddings": {
                "type": "PLREmbeddings",
                "n_frequencies": 32,
                "frequency_scale": 0.013925382509378772,
                "d_embedding": 45,
                "lite": false
            }
        }
    },
    "n_parameters": 3968719,
    "prediction_type": "logits",
    "best_epoch": 17,
    "metrics": {
        "train": {
            "0": {
                "precision": 0.8570560842275764,
                "recall": 0.8979635129401782,
                "f1-score": 0.8770330467212264,
                "support": 4714
            },
            "1": {
                "precision": 0.8912748643761302,
                "recall": 0.8481393848139385,
                "f1-score": 0.8691722693706602,
                "support": 4649
            },
            "accuracy": 0.8732243938908469,
            "macro avg": {
                "precision": 0.8741654743018533,
                "recall": 0.8730514488770583,
                "f1-score": 0.8731026580459433,
                "support": 9363
            },
            "weighted avg": {
                "precision": 0.8740466971626001,
                "recall": 0.8732243938908469,
                "f1-score": 0.8731299436663528,
                "support": 9363
            },
            "cross-entropy": 0.2908574972750771,
            "roc-auc": 0.94602983492967,
            "score": 0.8732243938908469
        },
        "val": {
            "0": {
                "precision": 0.8538961038961039,
                "recall": 0.9053356282271945,
                "f1-score": 0.8788638262322472,
                "support": 581
            },
            "1": {
                "precision": 0.9063032367972743,
                "recall": 0.8553054662379421,
                "f1-score": 0.880066170388751,
                "support": 622
            },
            "accuracy": 0.8794679966749792,
            "macro avg": {
                "precision": 0.8800996703466891,
                "recall": 0.8803205472325684,
                "f1-score": 0.8794649983104992,
                "support": 1203
            },
            "weighted avg": {
                "precision": 0.8809927262273824,
                "recall": 0.8794679966749792,
                "f1-score": 0.8794854871344462,
                "support": 1203
            },
            "cross-entropy": 0.31330015285247126,
            "roc-auc": 0.9365906436955909,
            "score": 0.8794679966749792
        },
        "test": {
            "0": {
                "precision": 0.834478021978022,
                "recall": 0.8722182340272793,
                "f1-score": 0.8529308529308529,
                "support": 1393
            },
            "1": {
                "precision": 0.8685376661742984,
                "recall": 0.8299223712067749,
                "f1-score": 0.8487910501623963,
                "support": 1417
            },
            "accuracy": 0.8508896797153025,
            "macro avg": {
                "precision": 0.8515078440761602,
                "recall": 0.8510703026170271,
                "f1-score": 0.8508609515466246,
                "support": 2810
            },
            "weighted avg": {
                "precision": 0.8516532945140091,
                "recall": 0.8508896797153025,
                "f1-score": 0.8508432726735922,
                "support": 2810
            },
            "cross-entropy": 0.3396718268380462,
            "roc-auc": 0.9257908658120728,
            "score": 0.8508896797153025
        }
    },
    "time": "0:00:11",
    "chunk_size": null,
    "eval_batch_size": 32768
}
