{
    "function": "bin.ensemble.main",
    "config": {
        "seeds": [
            5,
            6,
            7,
            8,
            9
        ]
    },
    "single_model_function": "bin.xgboost_.main",
    "data": ":data/regression-num-medium-0-elevators",
    "prediction_type": null,
    "metrics": {
        "train": {
            "rmse": 0.000569574287836946,
            "mae": 0.00039693890242020746,
            "r2": 0.9926551951564345,
            "score": -0.000569574287836946
        },
        "val": {
            "rmse": 0.0023786159725252814,
            "mae": 0.0017385231961969116,
            "r2": 0.8755945756425483,
            "score": -0.0023786159725252814
        },
        "test": {
            "rmse": 0.002372810406037919,
            "mae": 0.0017258849888442673,
            "r2": 0.8802173712790031,
            "score": -0.002372810406037919
        }
    }
}
