{
    "function": "bin.ffn.main",
    "gpus": [
        "A100-SXM-80GB"
    ],
    "config": {
        "seed": 14,
        "batch_size": 256,
        "patience": 16,
        "n_epochs": Infinity,
        "data": {
            "seed": 0,
            "cache": true,
            "path": ":data/regression-num-medium-0-pol",
            "num_policy": "quantile",
            "cat_policy": null,
            "y_policy": "standard"
        },
        "optimizer": {
            "type": "AdamW",
            "lr": 0.0005305368495479556,
            "weight_decay": 7.48744703383493e-06
        },
        "model": {
            "num_embeddings": null,
            "backbone": {
                "type": "MLP",
                "n_blocks": 6,
                "d_layer": 785,
                "dropout": 0.0,
                "activation": "ReLU"
            }
        }
    },
    "n_parameters": 3107031,
    "prediction_type": null,
    "best_epoch": 62,
    "metrics": {
        "train": {
            "rmse": 1.4090379381529798,
            "mae": 0.8035243730243167,
            "r2": 0.9988468477636792,
            "score": -1.4090379381529798
        },
        "val": {
            "rmse": 5.126958767917479,
            "mae": 2.005834048453977,
            "r2": 0.9852474363904187,
            "score": -5.126958767917479
        },
        "test": {
            "rmse": 6.344575526774044,
            "mae": 2.1677871477149324,
            "r2": 0.9773469582154651,
            "score": -6.344575526774044
        }
    },
    "time": "0:00:11",
    "chunk_size": null,
    "eval_batch_size": 32768
}
