{
    "function": "bin.catboost_.main",
    "gpus": [
        "GeForce RTX 2080 Ti",
        "GeForce RTX 2080 Ti"
    ],
    "config": {
        "seed": 14,
        "data": {
            "seed": 0,
            "num_policy": null,
            "cat_policy": null,
            "cache": true,
            "path": ":data/regression-cat-medium-0-house_sales",
            "y_policy": "standard"
        },
        "model": {
            "iterations": 4000,
            "early_stopping_rounds": 200,
            "od_pval": 0.001,
            "bagging_temperature": 0.9775115912912169,
            "depth": 8,
            "l2_leaf_reg": 7.939004121928139,
            "leaf_estimation_iterations": 3,
            "learning_rate": 0.010439886331838986,
            "task_type": "CPU",
            "thread_count": 4
        },
        "fit": {
            "logging_level": "Verbose"
        }
    },
    "prediction_type": null,
    "time": "0:00:18",
    "best_iteration": 3977,
    "metrics": {
        "train": {
            "rmse": 0.10484874320334858,
            "mae": 0.07718278340130601,
            "r2": 0.9605026676548237,
            "score": -0.10484874320334858
        },
        "val": {
            "rmse": 0.1682539773975573,
            "mae": 0.1187783395552836,
            "r2": 0.8990514894633839,
            "score": -0.1682539773975573
        },
        "test": {
            "rmse": 0.1667743983702036,
            "mae": 0.11776785906830772,
            "r2": 0.8988142958319317,
            "score": -0.1667743983702036
        }
    }
}
