{
    "function": "bin.ensemble.main",
    "config": {
        "seeds": [
            5,
            6,
            7,
            8,
            9
        ]
    },
    "single_model_function": "bin.tabr_design.main",
    "data": ":data/adult",
    "prediction_type": "probs",
    "metrics": {
        "train": {
            "0": {
                "precision": 0.9051888872556225,
                "recall": 0.9342098609355246,
                "f1-score": 0.9194704359944256,
                "support": 19775
            },
            "1": {
                "precision": 0.7692853342791275,
                "recall": 0.6915351506456241,
                "f1-score": 0.7283411685695098,
                "support": 6273
            },
            "accuracy": 0.8757678132678133,
            "macro avg": {
                "precision": 0.8372371107673751,
                "recall": 0.8128725057905744,
                "f1-score": 0.8239058022819676,
                "support": 26048
            },
            "weighted avg": {
                "precision": 0.8724599641973626,
                "recall": 0.8757678132678133,
                "f1-score": 0.8734418006075821,
                "support": 26048
            },
            "cross-entropy": 0.27254590083753977,
            "roc-auc": 0.9334381551742936,
            "score": 0.8757678132678133
        },
        "val": {
            "0": {
                "precision": 0.8955752212389381,
                "recall": 0.9209302325581395,
                "f1-score": 0.9080757726819542,
                "support": 4945
            },
            "1": {
                "precision": 0.7261904761904762,
                "recall": 0.6613520408163265,
                "f1-score": 0.6922563417890522,
                "support": 1568
            },
            "accuracy": 0.8584369722094273,
            "macro avg": {
                "precision": 0.8108828487147071,
                "recall": 0.791141136687233,
                "f1-score": 0.8001660572355032,
                "support": 6513
            },
            "weighted avg": {
                "precision": 0.8547959674026125,
                "recall": 0.8584369722094273,
                "f1-score": 0.8561174020938886,
                "support": 6513
            },
            "cross-entropy": 0.30805989113438664,
            "roc-auc": 0.9162371546191782,
            "score": 0.8584369722094273
        },
        "test": {
            "0": {
                "precision": 0.8943140160673895,
                "recall": 0.9220747889022919,
                "f1-score": 0.9079822616407982,
                "support": 12435
            },
            "1": {
                "precision": 0.7199421965317919,
                "recall": 0.6476859074362975,
                "f1-score": 0.6819052833287709,
                "support": 3846
            },
            "accuracy": 0.8572569252502917,
            "macro avg": {
                "precision": 0.8071281062995908,
                "recall": 0.7848803481692948,
                "f1-score": 0.7949437724847845,
                "support": 16281
            },
            "weighted avg": {
                "precision": 0.853122810494396,
                "recall": 0.8572569252502917,
                "f1-score": 0.8545769389586497,
                "support": 16281
            },
            "cross-entropy": 0.31298593291689925,
            "roc-auc": 0.9116640644717062,
            "score": 0.8572569252502917
        }
    }
}