{
    "function": "bin.ffn.main",
    "gpus": [
        "A100-SXM-80GB"
    ],
    "config": {
        "seed": 10,
        "batch_size": 32,
        "patience": 16,
        "n_epochs": Infinity,
        "data": {
            "seed": 0,
            "cache": true,
            "path": ":data/classif-num-medium-4-wine",
            "num_policy": "quantile",
            "cat_policy": null,
            "y_policy": null
        },
        "optimizer": {
            "type": "AdamW",
            "lr": 0.0004422589621759045,
            "weight_decay": 0.0
        },
        "model": {
            "num_embeddings": null,
            "backbone": {
                "type": "MLP",
                "n_blocks": 3,
                "d_layer": 600,
                "dropout": 0.1350954110590768,
                "activation": "ReLU"
            }
        }
    },
    "n_parameters": 729001,
    "prediction_type": "logits",
    "best_epoch": 11,
    "metrics": {
        "train": {
            "0": {
                "precision": 0.8488241881298992,
                "recall": 0.8431590656284761,
                "f1-score": 0.8459821428571429,
                "support": 899
            },
            "1": {
                "precision": 0.8422818791946308,
                "recall": 0.847972972972973,
                "f1-score": 0.845117845117845,
                "support": 888
            },
            "accuracy": 0.8455512031337437,
            "macro avg": {
                "precision": 0.845553033662265,
                "recall": 0.8455660193007246,
                "f1-score": 0.845549993987494,
                "support": 1787
            },
            "weighted avg": {
                "precision": 0.8455731694759998,
                "recall": 0.8455512031337437,
                "f1-score": 0.8455526541092433,
                "support": 1787
            },
            "cross-entropy": 0.3368615508958421,
            "roc-auc": 0.9322182304662838,
            "score": 0.8455512031337437
        },
        "val": {
            "0": {
                "precision": 0.8648648648648649,
                "recall": 0.7933884297520661,
                "f1-score": 0.8275862068965518,
                "support": 121
            },
            "1": {
                "precision": 0.7899159663865546,
                "recall": 0.8623853211009175,
                "f1-score": 0.8245614035087718,
                "support": 109
            },
            "accuracy": 0.8260869565217391,
            "macro avg": {
                "precision": 0.8273904156257097,
                "recall": 0.8278868754264919,
                "f1-score": 0.8260738052026618,
                "support": 230
            },
            "weighted avg": {
                "precision": 0.8293456042816657,
                "recall": 0.8260869565217391,
                "f1-score": 0.8261527131171257,
                "support": 230
            },
            "cross-entropy": 0.4622468130032356,
            "roc-auc": 0.8664796421260142,
            "score": 0.8260869565217391
        },
        "test": {
            "0": {
                "precision": 0.76,
                "recall": 0.7392996108949417,
                "f1-score": 0.7495069033530571,
                "support": 257
            },
            "1": {
                "precision": 0.7665505226480837,
                "recall": 0.7857142857142857,
                "f1-score": 0.7760141093474427,
                "support": 280
            },
            "accuracy": 0.7635009310986964,
            "macro avg": {
                "precision": 0.7632752613240419,
                "recall": 0.7625069483046136,
                "f1-score": 0.76276050635025,
                "support": 537
            },
            "weighted avg": {
                "precision": 0.7634155425353137,
                "recall": 0.7635009310986964,
                "f1-score": 0.763328165324059,
                "support": 537
            },
            "cross-entropy": 0.48778119829663147,
            "roc-auc": 0.8442745969983324,
            "score": 0.7635009310986964
        }
    },
    "time": "0:00:04",
    "chunk_size": null,
    "eval_batch_size": 32768
}
