{
    "function": "bin.xgboost_.main",
    "gpus": [
        "GeForce RTX 2080 Ti"
    ],
    "config": {
        "seed": 5,
        "data": {
            "seed": 0,
            "num_policy": null,
            "cache": true,
            "path": ":data/adult",
            "cat_policy": "one-hot",
            "y_policy": null
        },
        "neighbors": {
            "k": 96,
            "path": ":data/_exp/neighbors/adult/raw"
        },
        "model": {
            "booster": "gbtree",
            "n_estimators": 4000,
            "n_jobs": 1,
            "tree_method": "gpu_hist",
            "use_label_encoder": false,
            "colsample_bytree": 0.8204955816651455,
            "gamma": 0.07735879019402904,
            "lambda": 0.0,
            "learning_rate": 0.026572479655083595,
            "max_depth": 8,
            "min_child_weight": 0.0010882049732596323,
            "subsample": 0.9136526759116994
        },
        "fit": {
            "early_stopping_rounds": 200,
            "verbose": true
        }
    },
    "prediction_type": "probs",
    "time": "0:00:02",
    "best_iteration": 243,
    "metrics": {
        "train": {
            "0": {
                "precision": 0.9187050706807546,
                "recall": 0.9629329962073325,
                "f1-score": 0.940299244481754,
                "support": 19775
            },
            "1": {
                "precision": 0.86224393910919,
                "recall": 0.7313884903554918,
                "f1-score": 0.7914438502673797,
                "support": 6273
            },
            "accuracy": 0.9071713759213759,
            "macro avg": {
                "precision": 0.8904745048949723,
                "recall": 0.8471607432814121,
                "f1-score": 0.8658715473745668,
                "support": 26048
            },
            "weighted avg": {
                "precision": 0.9051078394788034,
                "recall": 0.9071713759213759,
                "f1-score": 0.9044511990307876,
                "support": 26048
            },
            "cross-entropy": 0.20920869222227328,
            "roc-auc": 0.9684298509676552,
            "score": 0.9071713759213759
        },
        "val": {
            "0": {
                "precision": 0.8926586160628713,
                "recall": 0.9417593528816987,
                "f1-score": 0.9165518598701042,
                "support": 4945
            },
            "1": {
                "precision": 0.7777777777777778,
                "recall": 0.6428571428571429,
                "f1-score": 0.7039106145251396,
                "support": 1568
            },
            "accuracy": 0.8697988638108398,
            "macro avg": {
                "precision": 0.8352181969203245,
                "recall": 0.7923082478694208,
                "f1-score": 0.8102312371976219,
                "support": 6513
            },
            "weighted avg": {
                "precision": 0.8650011380295494,
                "recall": 0.8697988638108398,
                "f1-score": 0.8653586351348201,
                "support": 6513
            },
            "cross-entropy": 0.2836005883430894,
            "roc-auc": 0.9256687723117558,
            "score": 0.8697988638108398
        },
        "test": {
            "0": {
                "precision": 0.8924363359939187,
                "recall": 0.9441093687173301,
                "f1-score": 0.9175459163735835,
                "support": 12435
            },
            "1": {
                "precision": 0.7776711452335253,
                "recall": 0.6320852834113364,
                "f1-score": 0.6973608720596673,
                "support": 3846
            },
            "accuracy": 0.8704010810146797,
            "macro avg": {
                "precision": 0.835053740613722,
                "recall": 0.7880973260643332,
                "f1-score": 0.8074533942166254,
                "support": 16281
            },
            "weighted avg": {
                "precision": 0.8653257823630316,
                "recall": 0.8704010810146797,
                "f1-score": 0.8655324233184074,
                "support": 16281
            },
            "cross-entropy": 0.28463829105945393,
            "roc-auc": 0.9229376219680875,
            "score": 0.8704010810146797
        }
    }
}
