{
    "function": "bin.lightgbm_.main",
    "gpus": [
        "GeForce RTX 2080 Ti",
        "GeForce RTX 2080 Ti"
    ],
    "config": {
        "seed": 4,
        "data": {
            "seed": 0,
            "num_policy": null,
            "cache": true,
            "path": ":data/classif-cat-medium-1-rl",
            "cat_policy": "one-hot",
            "y_policy": null
        },
        "model": {
            "n_estimators": 4000,
            "n_jobs": 4,
            "feature_fraction": 0.7660282129118546,
            "lambda_l2": 0.0,
            "learning_rate": 0.022306024791532434,
            "num_leaves": 449,
            "min_sum_hessian_in_leaf": 0.3078776904648341,
            "bagging_fraction": 0.878701607342957
        },
        "fit": {
            "early_stopping_rounds": 200,
            "verbose": true
        }
    },
    "prediction_type": "probs",
    "time": "0:00:02",
    "best_iteration": 255,
    "metrics": {
        "train": {
            "0": {
                "precision": 0.9877764842840512,
                "recall": 0.9780979827089337,
                "f1-score": 0.9829134086301766,
                "support": 1735
            },
            "1": {
                "precision": 0.9784213515048268,
                "recall": 0.9879587155963303,
                "f1-score": 0.9831669044222539,
                "support": 1744
            },
            "accuracy": 0.9830411037654498,
            "macro avg": {
                "precision": 0.9830989178944389,
                "recall": 0.9830283491526319,
                "f1-score": 0.9830401565262152,
                "support": 3479
            },
            "weighted avg": {
                "precision": 0.98308681726279,
                "recall": 0.9830411037654498,
                "f1-score": 0.9830404844167195,
                "support": 3479
            },
            "cross-entropy": 0.1816208558408281,
            "roc-auc": 0.9990402665045078,
            "score": 0.9830411037654498
        },
        "val": {
            "0": {
                "precision": 0.8458149779735683,
                "recall": 0.8240343347639485,
                "f1-score": 0.8347826086956521,
                "support": 233
            },
            "1": {
                "precision": 0.8136363636363636,
                "recall": 0.8364485981308412,
                "f1-score": 0.8248847926267282,
                "support": 214
            },
            "accuracy": 0.8299776286353467,
            "macro avg": {
                "precision": 0.829725670804966,
                "recall": 0.8302414664473948,
                "f1-score": 0.8298337006611902,
                "support": 447
            },
            "weighted avg": {
                "precision": 0.830409556344571,
                "recall": 0.8299776286353467,
                "f1-score": 0.8300440569311114,
                "support": 447
            },
            "cross-entropy": 0.4125006513840509,
            "roc-auc": 0.895631944165898,
            "score": 0.8299776286353467
        },
        "test": {
            "0": {
                "precision": 0.8061224489795918,
                "recall": 0.7640232108317214,
                "f1-score": 0.7845084409136048,
                "support": 517
            },
            "1": {
                "precision": 0.779783393501805,
                "recall": 0.8197343453510436,
                "f1-score": 0.7992599444958371,
                "support": 527
            },
            "accuracy": 0.7921455938697318,
            "macro avg": {
                "precision": 0.7929529212406985,
                "recall": 0.7918787780913825,
                "f1-score": 0.791884192704721,
                "support": 1044
            },
            "weighted avg": {
                "precision": 0.7928267763389849,
                "recall": 0.7921455938697318,
                "f1-score": 0.7919548416682375,
                "support": 1044
            },
            "cross-entropy": 0.44955304910903177,
            "roc-auc": 0.8691436142685688,
            "score": 0.7921455938697318
        }
    }
}
