{
    "function": "bin.lightgbm_.main",
    "gpus": [
        "GeForce RTX 2080 Ti",
        "GeForce RTX 2080 Ti"
    ],
    "config": {
        "seed": 1,
        "data": {
            "seed": 0,
            "num_policy": null,
            "cache": true,
            "path": ":data/classif-num-medium-2-phoneme",
            "cat_policy": null,
            "y_policy": null
        },
        "model": {
            "n_estimators": 4000,
            "n_jobs": 4,
            "feature_fraction": 0.7557804992083084,
            "lambda_l2": 0.0,
            "learning_rate": 0.13901041725676688,
            "num_leaves": 292,
            "min_sum_hessian_in_leaf": 0.131823711317675,
            "bagging_fraction": 0.5434105421811946
        },
        "fit": {
            "early_stopping_rounds": 200,
            "verbose": true
        }
    },
    "prediction_type": "probs",
    "time": "0:00:00",
    "best_iteration": 30,
    "metrics": {
        "train": {
            "0": {
                "precision": 0.9829749103942652,
                "recall": 0.9614373356704645,
                "f1-score": 0.9720868409393,
                "support": 1141
            },
            "1": {
                "precision": 0.9601449275362319,
                "recall": 0.9823911028730306,
                "f1-score": 0.9711406321575813,
                "support": 1079
            },
            "accuracy": 0.9716216216216216,
            "macro avg": {
                "precision": 0.9715599189652486,
                "recall": 0.9719142192717476,
                "f1-score": 0.9716137365484406,
                "support": 2220
            },
            "weighted avg": {
                "precision": 0.9718787160231761,
                "recall": 0.9716216216216216,
                "f1-score": 0.9716269493737709,
                "support": 2220
            },
            "cross-entropy": 0.13305073651215782,
            "roc-auc": 0.9978743261321427,
            "score": 0.9716216216216216
        },
        "val": {
            "0": {
                "precision": 0.8702290076335878,
                "recall": 0.8321167883211679,
                "f1-score": 0.8507462686567164,
                "support": 137
            },
            "1": {
                "precision": 0.8506493506493507,
                "recall": 0.8851351351351351,
                "f1-score": 0.8675496688741722,
                "support": 148
            },
            "accuracy": 0.8596491228070176,
            "macro avg": {
                "precision": 0.8604391791414692,
                "recall": 0.8586259617281515,
                "f1-score": 0.8591479687654443,
                "support": 285
            },
            "weighted avg": {
                "precision": 0.8600613261119487,
                "recall": 0.8596491228070176,
                "f1-score": 0.8594722449099916,
                "support": 285
            },
            "cross-entropy": 0.31224824146362956,
            "roc-auc": 0.9367232195699349,
            "score": 0.8596491228070176
        },
        "test": {
            "0": {
                "precision": 0.9,
                "recall": 0.8474025974025974,
                "f1-score": 0.8729096989966556,
                "support": 308
            },
            "1": {
                "precision": 0.8753315649867374,
                "recall": 0.9192200557103064,
                "f1-score": 0.8967391304347826,
                "support": 359
            },
            "accuracy": 0.8860569715142429,
            "macro avg": {
                "precision": 0.8876657824933687,
                "recall": 0.8833113265564518,
                "f1-score": 0.8848244147157192,
                "support": 667
            },
            "weighted avg": {
                "precision": 0.886722686402157,
                "recall": 0.8860569715142429,
                "f1-score": 0.8857354349581062,
                "support": 667
            },
            "cross-entropy": 0.3053891198653877,
            "roc-auc": 0.9444434395687877,
            "score": 0.8860569715142429
        }
    }
}
