{
    "function": "bin.lightgbm_.main",
    "gpus": [
        "GeForce RTX 2080 Ti",
        "GeForce RTX 2080 Ti"
    ],
    "config": {
        "seed": 10,
        "data": {
            "seed": 0,
            "num_policy": null,
            "cache": true,
            "path": ":data/regression-cat-medium-0-Brazilian_houses",
            "cat_policy": "one-hot",
            "y_policy": "standard"
        },
        "model": {
            "n_estimators": 4000,
            "n_jobs": 4,
            "feature_fraction": 0.596085292183541,
            "lambda_l2": 0.0,
            "learning_rate": 0.21158462224683156,
            "num_leaves": 8,
            "min_sum_hessian_in_leaf": 1.2904583419671263,
            "bagging_fraction": 0.5914864531164561
        },
        "fit": {
            "early_stopping_rounds": 200,
            "verbose": true
        }
    },
    "prediction_type": null,
    "time": "0:00:01",
    "best_iteration": 2862,
    "metrics": {
        "train": {
            "rmse": 0.007850399946282581,
            "mae": 0.00570635887849802,
            "r2": 0.9999042706238617,
            "score": -0.007850399946282581
        },
        "val": {
            "rmse": 0.10674502202822338,
            "mae": 0.022400707206980525,
            "r2": 0.9823429308355152,
            "score": -0.10674502202822338
        },
        "test": {
            "rmse": 0.0427880044040503,
            "mae": 0.016795863786909414,
            "r2": 0.9970045935839362,
            "score": -0.0427880044040503
        }
    }
}
