{
    "function": "bin.ensemble.main",
    "config": {
        "seeds": [
            10,
            11,
            12,
            13,
            14
        ]
    },
    "single_model_function": "bin.ffn.main",
    "data": ":data/black-friday",
    "prediction_type": null,
    "metrics": {
        "train": {
            "rmse": 0.649795459867414,
            "mae": 0.5030040344947823,
            "r2": 0.5770500153685785,
            "score": -0.649795459867414
        },
        "val": {
            "rmse": 0.6829324336975928,
            "mae": 0.5278813708010509,
            "r2": 0.5322754464978732,
            "score": -0.6829324336975928
        },
        "test": {
            "rmse": 0.6844096776353924,
            "mae": 0.5302066714080923,
            "r2": 0.5351202745361396,
            "score": -0.6844096776353924
        }
    }
}
