{
    "function": "bin.xgboost_.main",
    "gpus": [
        "GeForce RTX 2080 Ti"
    ],
    "config": {
        "seed": 11,
        "data": {
            "seed": 0,
            "num_policy": null,
            "cache": true,
            "path": ":data/adult",
            "cat_policy": "one-hot",
            "y_policy": null
        },
        "neighbors": {
            "k": 96,
            "path": ":data/_exp/neighbors/adult/raw"
        },
        "model": {
            "booster": "gbtree",
            "n_estimators": 4000,
            "n_jobs": 1,
            "tree_method": "gpu_hist",
            "use_label_encoder": false,
            "colsample_bytree": 0.8204955816651455,
            "gamma": 0.07735879019402904,
            "lambda": 0.0,
            "learning_rate": 0.026572479655083595,
            "max_depth": 8,
            "min_child_weight": 0.0010882049732596323,
            "subsample": 0.9136526759116994
        },
        "fit": {
            "early_stopping_rounds": 200,
            "verbose": true
        }
    },
    "prediction_type": "probs",
    "time": "0:00:02",
    "best_iteration": 212,
    "metrics": {
        "train": {
            "0": {
                "precision": 0.9154171472510573,
                "recall": 0.963236409608091,
                "f1-score": 0.9387181824902052,
                "support": 19775
            },
            "1": {
                "precision": 0.8612595419847329,
                "recall": 0.7194324884425315,
                "f1-score": 0.7839833231998611,
                "support": 6273
            },
            "accuracy": 0.9045224201474201,
            "macro avg": {
                "precision": 0.8883383446178951,
                "recall": 0.8413344490253112,
                "f1-score": 0.8613507528450332,
                "support": 26048
            },
            "weighted avg": {
                "precision": 0.9023746619226001,
                "recall": 0.9045224201474201,
                "f1-score": 0.9014542170291976,
                "support": 26048
            },
            "cross-entropy": 0.2172816562053823,
            "roc-auc": 0.9654375795933164,
            "score": 0.9045224201474201
        },
        "val": {
            "0": {
                "precision": 0.8912213740458015,
                "recall": 0.9443882709807887,
                "f1-score": 0.917034855179185,
                "support": 4945
            },
            "1": {
                "precision": 0.783974862529458,
                "recall": 0.6364795918367347,
                "f1-score": 0.7025695177754312,
                "support": 1568
            },
            "accuracy": 0.8702594810379242,
            "macro avg": {
                "precision": 0.8375981182876298,
                "recall": 0.7904339314087617,
                "f1-score": 0.8098021864773082,
                "support": 6513
            },
            "weighted avg": {
                "precision": 0.8654018546142604,
                "recall": 0.8702594810379242,
                "f1-score": 0.8654024816110772,
                "support": 6513
            },
            "cross-entropy": 0.28480469532655894,
            "roc-auc": 0.9250207641196013,
            "score": 0.8702594810379242
        },
        "test": {
            "0": {
                "precision": 0.8907919666540356,
                "recall": 0.9452352231604343,
                "f1-score": 0.9172063987514631,
                "support": 12435
            },
            "1": {
                "precision": 0.7793259883344135,
                "recall": 0.62532501300052,
                "f1-score": 0.6938834391229083,
                "support": 3846
            },
            "accuracy": 0.8696640255512561,
            "macro avg": {
                "precision": 0.8350589774942245,
                "recall": 0.7852801180804772,
                "f1-score": 0.8055449189371857,
                "support": 16281
            },
            "weighted avg": {
                "precision": 0.8644607736918547,
                "recall": 0.8696640255512561,
                "f1-score": 0.864451647647021,
                "support": 16281
            },
            "cross-entropy": 0.28601441248057796,
            "roc-auc": 0.9221568066582735,
            "score": 0.8696640255512561
        }
    }
}
