{
    "function": "bin.ensemble.main",
    "config": {
        "seeds": [
            0,
            1,
            2,
            3,
            4
        ]
    },
    "single_model_function": "bin.ffn.main",
    "data": ":data/adult",
    "prediction_type": "probs",
    "metrics": {
        "train": {
            "0": {
                "precision": 0.9099622422306128,
                "recall": 0.9505941845764855,
                "f1-score": 0.9298345410926718,
                "support": 19775
            },
            "1": {
                "precision": 0.8187384044526902,
                "recall": 0.7034911525585844,
                "f1-score": 0.7567521220955158,
                "support": 6273
            },
            "accuracy": 0.891085687960688,
            "macro avg": {
                "precision": 0.8643503233416515,
                "recall": 0.8270426685675349,
                "f1-score": 0.8432933315940938,
                "support": 26048
            },
            "weighted avg": {
                "precision": 0.8879932951183237,
                "recall": 0.891085687960688,
                "f1-score": 0.888152031327271,
                "support": 26048
            },
            "cross-entropy": 0.2490328571209494,
            "roc-auc": 0.9438537927581998,
            "score": 0.891085687960688
        },
        "val": {
            "0": {
                "precision": 0.8958814472671286,
                "recall": 0.9413549039433772,
                "f1-score": 0.9180554185977714,
                "support": 4945
            },
            "1": {
                "precision": 0.7798025816249051,
                "recall": 0.6549744897959183,
                "f1-score": 0.7119584055459272,
                "support": 1568
            },
            "accuracy": 0.8724090280976509,
            "macro avg": {
                "precision": 0.8378420144460168,
                "recall": 0.7981646968696477,
                "f1-score": 0.8150069120718493,
                "support": 6513
            },
            "weighted avg": {
                "precision": 0.8679355450213115,
                "recall": 0.8724090280976509,
                "f1-score": 0.8684377130142781,
                "support": 6513
            },
            "cross-entropy": 0.2764445428536537,
            "roc-auc": 0.9299575947669261,
            "score": 0.8724090280976509
        },
        "test": {
            "0": {
                "precision": 0.9001774280644912,
                "recall": 0.938399678327302,
                "f1-score": 0.9188912512796283,
                "support": 12435
            },
            "1": {
                "precision": 0.7691380349608198,
                "recall": 0.6635465418616745,
                "f1-score": 0.7124511446119486,
                "support": 3846
            },
            "accuracy": 0.8734721454456115,
            "macro avg": {
                "precision": 0.8346577315126555,
                "recall": 0.8009731100944882,
                "f1-score": 0.8156711979457885,
                "support": 16281
            },
            "weighted avg": {
                "precision": 0.8692224802187373,
                "recall": 0.8734721454456115,
                "f1-score": 0.8701246736588497,
                "support": 16281
            },
            "cross-entropy": 0.2771903687569974,
            "roc-auc": 0.927402304777354,
            "score": 0.8734721454456115
        }
    }
}
