{
    "function": "bin.catboost_.main",
    "gpus": [
        "NVIDIA GeForce RTX 2080 Ti",
        "NVIDIA GeForce RTX 2080 Ti"
    ],
    "config": {
        "seed": 9,
        "data": {
            "seed": 0,
            "num_policy": null,
            "cat_policy": null,
            "cache": true,
            "path": ":data/regression-num-medium-0-pol",
            "y_policy": "standard"
        },
        "model": {
            "iterations": 4000,
            "early_stopping_rounds": 3999,
            "thread_count": 4,
            "task_type": "CPU",
            "od_pval": 0.001
        },
        "fit": {
            "logging_level": "Verbose"
        }
    },
    "prediction_type": null,
    "time": "0:00:08",
    "best_iteration": 3999,
    "metrics": {
        "train": {
            "rmse": 2.3590224241647255,
            "mae": 1.426679137036581,
            "r2": 0.9967677466613809,
            "score": -2.3590224241647255
        },
        "val": {
            "rmse": 4.890774683095254,
            "mae": 2.5037850183800052,
            "r2": 0.9865753445056142,
            "score": -4.890774683095254
        },
        "test": {
            "rmse": 4.498865453622886,
            "mae": 2.361291652566716,
            "r2": 0.9886099048779661,
            "score": -4.498865453622886
        }
    }
}
