{
    "function": "bin.tabr.main",
    "gpus": [
        "A100-SXM-80GB"
    ],
    "config": {
        "seed": 3,
        "batch_size": 128,
        "patience": 16,
        "n_epochs": Infinity,
        "context_size": 96,
        "data": {
            "seed": 0,
            "cache": true,
            "path": ":data/regression-num-medium-1-cpu_act",
            "num_policy": "quantile",
            "cat_policy": null,
            "y_policy": "standard"
        },
        "model": {
            "num_embeddings": null,
            "d_main": 98,
            "context_dropout": 0.4116677522145172,
            "d_multiplier": 2.0,
            "encoder_n_blocks": 0,
            "predictor_n_blocks": 1,
            "mixer_normalization": "auto",
            "dropout0": 0.1270054262332081,
            "dropout1": 0.0,
            "normalization": "LayerNorm",
            "activation": "ReLU"
        },
        "optimizer": {
            "type": "AdamW",
            "lr": 0.00017740399039065005,
            "weight_decay": 0.0
        }
    },
    "n_parameters": 89867,
    "prediction_type": null,
    "best_epoch": 95,
    "metrics": {
        "train": {
            "rmse": 1.7752727078032975,
            "mae": 1.3260467670962441,
            "r2": 0.9901596673764609,
            "score": -1.7752727078032975
        },
        "val": {
            "rmse": 2.1038284534154794,
            "mae": 1.5302530032302002,
            "r2": 0.9901280560939447,
            "score": -2.1038284534154794
        },
        "test": {
            "rmse": 2.34876694526536,
            "mae": 1.6697923178787875,
            "r2": 0.9843178140155907,
            "score": -2.34876694526536
        }
    },
    "time": "0:00:48",
    "chunk_size": null,
    "eval_batch_size": 32768
}