{
    "function": "bin.catboost_.main",
    "gpus": [
        "GeForce RTX 2080 Ti",
        "GeForce RTX 2080 Ti"
    ],
    "config": {
        "seed": 0,
        "data": {
            "seed": 0,
            "num_policy": null,
            "cat_policy": null,
            "cache": true,
            "path": ":data/regression-num-medium-0-houses",
            "y_policy": "standard"
        },
        "model": {
            "iterations": 4000,
            "early_stopping_rounds": 200,
            "od_pval": 0.001,
            "bagging_temperature": 0.7428567671604421,
            "depth": 8,
            "l2_leaf_reg": 1.4792769680015252,
            "leaf_estimation_iterations": 4,
            "learning_rate": 0.060961574716510904,
            "task_type": "CPU",
            "thread_count": 4
        },
        "fit": {
            "logging_level": "Verbose"
        }
    },
    "prediction_type": null,
    "time": "0:00:16",
    "best_iteration": 3492,
    "metrics": {
        "train": {
            "rmse": 0.03395990134981447,
            "mae": 0.02549804015376207,
            "r2": 0.9964070626603139,
            "score": -0.03395990134981447
        },
        "val": {
            "rmse": 0.22721930337683072,
            "mae": 0.15167730998336867,
            "r2": 0.8462008369030048,
            "score": -0.22721930337683072
        },
        "test": {
            "rmse": 0.2167071158734369,
            "mae": 0.14921300746979899,
            "r2": 0.854488319018918,
            "score": -0.2167071158734369
        }
    }
}
