{
    "function": "bin.ft_transformer.main",
    "gpus": [
        "A100-SXM-80GB"
    ],
    "config": {
        "seed": 12,
        "batch_size": 128,
        "patience": 16,
        "n_epochs": Infinity,
        "data": {
            "seed": 0,
            "cache": true,
            "path": ":data/regression-num-medium-1-wine_quality",
            "num_policy": "quantile",
            "cat_policy": null,
            "y_policy": "standard"
        },
        "optimizer": {
            "type": "AdamW",
            "lr": 1.2367699746161981e-05,
            "weight_decay": 0.0
        },
        "model": {
            "d_token": 232,
            "n_blocks": 4,
            "attention_dropout": 0.016907699355516892,
            "ffn_d_hidden_factor": 2.388807978711011,
            "ffn_dropout": 9.368760256749445e-05,
            "residual_dropout": 0.0
        }
    },
    "n_parameters": 2421873,
    "prediction_type": null,
    "best_epoch": 38,
    "metrics": {
        "train": {
            "rmse": 0.3911236216013139,
            "mae": 0.2965065097638053,
            "r2": 0.8022690410479048,
            "score": -0.3911236216013139
        },
        "val": {
            "rmse": 0.6567045259129977,
            "mae": 0.5090000801574845,
            "r2": 0.4042038816416108,
            "score": -0.6567045259129977
        },
        "test": {
            "rmse": 0.6523476767653051,
            "mae": 0.4904756041877789,
            "r2": 0.4247301969809879,
            "score": -0.6523476767653051
        }
    },
    "time": "0:00:34",
    "chunk_size": null,
    "eval_batch_size": 32768
}
