{
    "function": "bin.tabr_design.main",
    "gpus": [
        "A100-SXM-80GB"
    ],
    "config": {
        "seed": 3,
        "batch_size": 1024,
        "patience": 16,
        "n_epochs": Infinity,
        "context_size": 96,
        "data": {
            "seed": 0,
            "cache": true,
            "path": ":data/weather-small",
            "num_policy": "quantile",
            "cat_policy": null,
            "y_policy": "standard"
        },
        "model": {
            "num_embeddings": null,
            "d_main": 96,
            "context_dropout": 0.043164267740483375,
            "d_multiplier": 2.0,
            "encoder_n_blocks": 0,
            "predictor_n_blocks": 1,
            "mixer_normalization": "auto",
            "dropout0": 0.0944938280296096,
            "dropout1": 0.0,
            "normalization": "LayerNorm",
            "activation": "ReLU",
            "dot_product": false,
            "use_Q": false,
            "use_V": true,
            "use_labels": true,
            "use_T": false,
            "self_attention": true,
            "scale_similarities": true
        },
        "optimizer": {
            "type": "AdamW",
            "lr": 0.0006916122598346932,
            "weight_decay": 0.0
        }
    },
    "n_parameters": 68065,
    "prediction_type": null,
    "best_epoch": 66,
    "metrics": {
        "train": {
            "rmse": 1.678220910930125,
            "mae": 1.247739858436745,
            "r2": 0.9732904262254308,
            "score": -1.678220910930125
        },
        "val": {
            "rmse": 1.8033786491446229,
            "mae": 1.3298012172044764,
            "r2": 0.9691414083245795,
            "score": -1.8033786491446229
        },
        "test": {
            "rmse": 1.8082261648133358,
            "mae": 1.3318087821353402,
            "r2": 0.9690586174203817,
            "score": -1.8082261648133358
        }
    },
    "time": "0:10:01",
    "chunk_size": null,
    "eval_batch_size": 32768
}