{
    "function": "bin.xgboost_.main",
    "gpus": [
        "NVIDIA GeForce RTX 2080 Ti"
    ],
    "config": {
        "seed": 10,
        "data": {
            "seed": 0,
            "num_policy": null,
            "cache": true,
            "path": ":data/classif-num-medium-2-phoneme",
            "cat_policy": null,
            "y_policy": null
        },
        "model": {
            "booster": "gbtree",
            "n_estimators": 4000,
            "n_jobs": 1,
            "tree_method": "gpu_hist",
            "use_label_encoder": false,
            "colsample_bytree": 0.7747989836716701,
            "gamma": 0.11249153536450064,
            "lambda": 0.2982472274669867,
            "learning_rate": 0.04415798727280966,
            "max_depth": 11,
            "min_child_weight": 0.18800331881538332,
            "subsample": 0.6780736382143654
        },
        "fit": {
            "early_stopping_rounds": 200,
            "verbose": true
        },
        "neighbors": null
    },
    "prediction_type": "probs",
    "time": "0:00:01",
    "best_iteration": 93,
    "metrics": {
        "train": {
            "0": {
                "precision": 1.0,
                "recall": 0.9982471516213848,
                "f1-score": 0.9991228070175439,
                "support": 1141
            },
            "1": {
                "precision": 0.9981498612395929,
                "recall": 1.0,
                "f1-score": 0.999074074074074,
                "support": 1079
            },
            "accuracy": 0.9990990990990991,
            "macro avg": {
                "precision": 0.9990749306197965,
                "recall": 0.9991235758106924,
                "f1-score": 0.999098440545809,
                "support": 2220
            },
            "weighted avg": {
                "precision": 0.9991007658907751,
                "recall": 0.9990990990990991,
                "f1-score": 0.9990991210508754,
                "support": 2220
            },
            "cross-entropy": 0.07831735545104805,
            "roc-auc": 0.9999983754880643,
            "score": 0.9990990990990991
        },
        "val": {
            "0": {
                "precision": 0.8863636363636364,
                "recall": 0.8540145985401459,
                "f1-score": 0.8698884758364311,
                "support": 137
            },
            "1": {
                "precision": 0.869281045751634,
                "recall": 0.8986486486486487,
                "f1-score": 0.8837209302325582,
                "support": 148
            },
            "accuracy": 0.8771929824561403,
            "macro avg": {
                "precision": 0.8778223410576351,
                "recall": 0.8763316235943973,
                "f1-score": 0.8768047030344946,
                "support": 285
            },
            "weighted avg": {
                "precision": 0.8774926770282808,
                "recall": 0.8771929824561403,
                "f1-score": 0.8770716451368761,
                "support": 285
            },
            "cross-entropy": 0.31044022578486136,
            "roc-auc": 0.9406194515683567,
            "score": 0.8771929824561403
        },
        "test": {
            "0": {
                "precision": 0.9059233449477352,
                "recall": 0.8441558441558441,
                "f1-score": 0.8739495798319327,
                "support": 308
            },
            "1": {
                "precision": 0.8736842105263158,
                "recall": 0.924791086350975,
                "f1-score": 0.8985115020297699,
                "support": 359
            },
            "accuracy": 0.8875562218890555,
            "macro avg": {
                "precision": 0.8898037777370256,
                "recall": 0.8844734652534095,
                "f1-score": 0.8862305409308513,
                "support": 667
            },
            "weighted avg": {
                "precision": 0.8885712471107194,
                "recall": 0.8875562218890555,
                "f1-score": 0.8871695649429125,
                "support": 667
            },
            "cross-entropy": 0.30459259554708024,
            "roc-auc": 0.9453387837788951,
            "score": 0.8875562218890555
        }
    }
}
