{
    "function": "bin.ffn.main",
    "gpus": [
        "A100-SXM-80GB"
    ],
    "config": {
        "seed": 12,
        "batch_size": 128,
        "patience": 16,
        "n_epochs": Infinity,
        "data": {
            "seed": 0,
            "cache": true,
            "path": ":data/regression-cat-medium-1-visualizing_soil",
            "num_policy": "quantile",
            "cat_policy": null,
            "y_policy": "standard"
        },
        "optimizer": {
            "type": "AdamW",
            "lr": 1.1606358215402464e-05,
            "weight_decay": 0.0
        },
        "model": {
            "num_embeddings": null,
            "backbone": {
                "type": "MLP",
                "n_blocks": 6,
                "d_layer": 681,
                "dropout": 0.0,
                "activation": "ReLU"
            }
        }
    },
    "n_parameters": 2326297,
    "prediction_type": null,
    "best_epoch": 125,
    "metrics": {
        "train": {
            "rmse": 0.10980297896827444,
            "mae": 0.06811539205613037,
            "r2": 0.9999223396141965,
            "score": -0.10980297896827444
        },
        "val": {
            "rmse": 0.1170852174795681,
            "mae": 0.07251124138257303,
            "r2": 0.9999069849371349,
            "score": -0.1170852174795681
        },
        "test": {
            "rmse": 0.148947670001203,
            "mae": 0.08000390422183568,
            "r2": 0.9998517075941152,
            "score": -0.148947670001203
        }
    },
    "time": "0:00:24",
    "chunk_size": null,
    "eval_batch_size": 32768
}
