{
    "function": "bin.tabr.main",
    "gpus": [
        "A100-SXM-80GB"
    ],
    "config": {
        "seed": 3,
        "batch_size": 64,
        "patience": 16,
        "n_epochs": Infinity,
        "context_size": 96,
        "data": {
            "seed": 0,
            "cache": true,
            "path": ":data/regression-cat-medium-3-analcatdata_supreme",
            "num_policy": "quantile",
            "cat_policy": null,
            "y_policy": "standard"
        },
        "model": {
            "num_embeddings": null,
            "d_main": 242,
            "context_dropout": 0.032411797800509345,
            "d_multiplier": 2.0,
            "encoder_n_blocks": 0,
            "predictor_n_blocks": 1,
            "mixer_normalization": "auto",
            "dropout0": 0.28213117726838305,
            "dropout1": 0.0,
            "normalization": "LayerNorm",
            "activation": "ReLU"
        },
        "optimizer": {
            "type": "AdamW",
            "lr": 0.00034120364985297557,
            "weight_decay": 4.872086670599718e-06
        }
    },
    "n_parameters": 532159,
    "prediction_type": null,
    "best_epoch": 76,
    "metrics": {
        "train": {
            "rmse": 0.04772923949490122,
            "mae": 0.019817311054160847,
            "r2": 0.9925617568179379,
            "score": -0.04772923949490122
        },
        "val": {
            "rmse": 0.07848329578014436,
            "mae": 0.027001076930905032,
            "r2": 0.9793031425119215,
            "score": -0.07848329578014436
        },
        "test": {
            "rmse": 0.07978878750833257,
            "mae": 0.025459353284206454,
            "r2": 0.9779496698307699,
            "score": -0.07978878750833257
        }
    },
    "time": "0:00:35",
    "chunk_size": null,
    "eval_batch_size": 32768
}