{
    "function": "bin.tabr_scaling.main",
    "gpus": [
        "A100-SXM-80GB"
    ],
    "config": {
        "seed": 9,
        "batch_size": 1024,
        "patience": 16,
        "n_epochs": Infinity,
        "context_size": 96,
        "freeze_contexts_after_n_epochs": 5,
        "data": {
            "seed": 0,
            "cache": true,
            "path": ":data/weather-small",
            "num_policy": "quantile",
            "cat_policy": null,
            "y_policy": "standard"
        },
        "model": {
            "num_embeddings": null,
            "d_main": 265,
            "mixer_dropout": 0.38920071545944357,
            "d_multiplier": 2.0,
            "encoder_n_blocks": 0,
            "predictor_n_blocks": 1,
            "mixer_normalization": "auto",
            "dropout0": 0.38852797479169876,
            "dropout1": 0.0,
            "normalization": "LayerNorm",
            "activation": "ReLU"
        },
        "optimizer": {
            "type": "AdamW",
            "lr": 0.0003121273641315169,
            "weight_decay": 1.2260352006404615e-06
        }
    },
    "n_parameters": 667271,
    "prediction_type": null,
    "best_epoch": 45,
    "metrics": {
        "train": {
            "rmse": 1.643698139335044,
            "mae": 1.2196602680912463,
            "r2": 0.974378013791588,
            "score": -1.643698139335044
        },
        "val": {
            "rmse": 1.763578445432955,
            "mae": 1.3008577006699795,
            "r2": 0.970488463380693,
            "score": -1.763578445432955
        },
        "test": {
            "rmse": 1.764975190977283,
            "mae": 1.300200651598857,
            "r2": 0.9705210876159273,
            "score": -1.764975190977283
        }
    },
    "time": "0:09:52",
    "chunk_size": null,
    "eval_batch_size": 32768
}