{
    "function": "bin.ensemble.main",
    "config": {
        "seeds": [
            0,
            1,
            2,
            3,
            4
        ]
    },
    "single_model_function": "bin.ffn.main",
    "data": ":data/regression-num-medium-1-isolet",
    "prediction_type": null,
    "metrics": {
        "train": {
            "rmse": 0.27067612186117745,
            "mae": 0.19035043141210206,
            "r2": 0.9987042550569413,
            "score": -0.27067612186117745
        },
        "val": {
            "rmse": 2.0670531020174936,
            "mae": 0.7579871822224007,
            "r2": 0.922506813158796,
            "score": -2.0670531020174936
        },
        "test": {
            "rmse": 2.174143953449319,
            "mae": 0.7708848192797042,
            "r2": 0.915223656207202,
            "score": -2.174143953449319
        }
    }
}
