{
    "function": "bin.tabr_design.main",
    "gpus": [
        "A100-SXM-80GB"
    ],
    "config": {
        "seed": 5,
        "batch_size": 256,
        "patience": 16,
        "n_epochs": Infinity,
        "context_size": 96,
        "data": {
            "seed": 0,
            "cache": true,
            "path": ":data/churn",
            "num_policy": "quantile",
            "cat_policy": "ordinal",
            "y_policy": null
        },
        "model": {
            "num_embeddings": null,
            "d_main": 363,
            "context_dropout": 0.5172479433224154,
            "d_multiplier": 2.0,
            "encoder_n_blocks": 0,
            "predictor_n_blocks": 1,
            "mixer_normalization": "auto",
            "dropout0": 0.33467556715245494,
            "dropout1": 0.0,
            "normalization": "LayerNorm",
            "activation": "ReLU",
            "dot_product": false,
            "use_Q": false,
            "use_V": false,
            "use_labels": true,
            "use_T": true,
            "self_attention": true,
            "scale_similarities": true
        },
        "optimizer": {
            "type": "AdamW",
            "lr": 0.000999330052660409,
            "weight_decay": 0.0
        }
    },
    "n_parameters": 1196086,
    "prediction_type": "logits",
    "best_epoch": 2,
    "metrics": {
        "train": {
            "0": {
                "precision": 0.8810644460535844,
                "recall": 0.9550627943485086,
                "f1-score": 0.9165725047080979,
                "support": 5096
            },
            "1": {
                "precision": 0.7385844748858448,
                "recall": 0.49616564417177916,
                "f1-score": 0.5935779816513761,
                "support": 1304
            },
            "accuracy": 0.8615625,
            "macro avg": {
                "precision": 0.8098244604697146,
                "recall": 0.7256142192601439,
                "f1-score": 0.755075243179737,
                "support": 6400
            },
            "weighted avg": {
                "precision": 0.8520341519281573,
                "recall": 0.8615625,
                "f1-score": 0.8507623706352908,
                "support": 6400
            },
            "cross-entropy": 0.33741541117107515,
            "roc-auc": 0.8640781052864752,
            "score": 0.8615625
        },
        "val": {
            "0": {
                "precision": 0.8823953823953824,
                "recall": 0.9599686028257457,
                "f1-score": 0.9195488721804511,
                "support": 1274
            },
            "1": {
                "precision": 0.7616822429906542,
                "recall": 0.5,
                "f1-score": 0.6037037037037037,
                "support": 326
            },
            "accuracy": 0.86625,
            "macro avg": {
                "precision": 0.8220388126930183,
                "recall": 0.7299843014128728,
                "f1-score": 0.7616262879420774,
                "support": 1600
            },
            "weighted avg": {
                "precision": 0.857800080241669,
                "recall": 0.86625,
                "f1-score": 0.8551954191033139,
                "support": 1600
            },
            "cross-entropy": 0.34304696506580323,
            "roc-auc": 0.8553803777291947,
            "score": 0.86625
        },
        "test": {
            "0": {
                "precision": 0.8746422438465942,
                "recall": 0.9591964846202135,
                "f1-score": 0.9149700598802395,
                "support": 1593
            },
            "1": {
                "precision": 0.7430830039525692,
                "recall": 0.4619164619164619,
                "f1-score": 0.5696969696969697,
                "support": 407
            },
            "accuracy": 0.858,
            "macro avg": {
                "precision": 0.8088626238995817,
                "recall": 0.7105564732683377,
                "f1-score": 0.7423335147886045,
                "support": 2000
            },
            "weighted avg": {
                "precision": 0.8478699385281601,
                "recall": 0.858,
                "f1-score": 0.8447069860279441,
                "support": 2000
            },
            "cross-entropy": 0.34750754441125853,
            "roc-auc": 0.8525813949542762,
            "score": 0.858
        }
    },
    "time": "0:00:09",
    "chunk_size": null,
    "eval_batch_size": 32768
}