{
    "function": "bin.tabr.main",
    "gpus": [
        "A100-SXM-80GB"
    ],
    "config": {
        "seed": 6,
        "batch_size": 64,
        "patience": 16,
        "n_epochs": Infinity,
        "context_size": 96,
        "data": {
            "seed": 0,
            "cache": true,
            "path": ":data/classif-cat-medium-1-rl",
            "num_policy": "quantile",
            "cat_policy": "ordinal",
            "y_policy": null
        },
        "model": {
            "d_main": 273,
            "context_dropout": 0.2434308558720418,
            "d_multiplier": 2.0,
            "encoder_n_blocks": 0,
            "predictor_n_blocks": 1,
            "mixer_normalization": "auto",
            "dropout0": 0.597452572151445,
            "dropout1": 0.0,
            "normalization": "LayerNorm",
            "activation": "ReLU",
            "num_embeddings": {
                "type": "PLREmbeddings",
                "n_frequencies": 83,
                "frequency_scale": 0.01984606183820628,
                "d_embedding": 64,
                "lite": true
            }
        },
        "optimizer": {
            "type": "AdamW",
            "lr": 0.0008250821310255442,
            "weight_decay": 0.0
        }
    },
    "n_parameters": 781510,
    "prediction_type": "logits",
    "best_epoch": 12,
    "metrics": {
        "train": {
            "0": {
                "precision": 0.8897864974033468,
                "recall": 0.8887608069164266,
                "f1-score": 0.889273356401384,
                "support": 1735
            },
            "1": {
                "precision": 0.8894616265750286,
                "recall": 0.8904816513761468,
                "f1-score": 0.889971346704871,
                "support": 1744
            },
            "accuracy": 0.8896234550158092,
            "macro avg": {
                "precision": 0.8896240619891878,
                "recall": 0.8896212291462866,
                "f1-score": 0.8896223515531275,
                "support": 3479
            },
            "weighted avg": {
                "precision": 0.8896236417768487,
                "recall": 0.8896234550158092,
                "f1-score": 0.8896232543862306,
                "support": 3479
            },
            "cross-entropy": 0.3045712336648987,
            "roc-auc": 0.9423859159770511,
            "score": 0.8896234550158092
        },
        "val": {
            "0": {
                "precision": 0.9122807017543859,
                "recall": 0.8927038626609443,
                "f1-score": 0.9023861171366595,
                "support": 233
            },
            "1": {
                "precision": 0.8858447488584474,
                "recall": 0.9065420560747663,
                "f1-score": 0.8960739030023094,
                "support": 214
            },
            "accuracy": 0.8993288590604027,
            "macro avg": {
                "precision": 0.8990627253064167,
                "recall": 0.8996229593678553,
                "f1-score": 0.8992300100694844,
                "support": 447
            },
            "weighted avg": {
                "precision": 0.8996245632314982,
                "recall": 0.8993288590604027,
                "f1-score": 0.8993641622714449,
                "support": 447
            },
            "cross-entropy": 0.3165549704523965,
            "roc-auc": 0.9367654727046649,
            "score": 0.8993288590604027
        },
        "test": {
            "0": {
                "precision": 0.8956692913385826,
                "recall": 0.8800773694390716,
                "f1-score": 0.8878048780487805,
                "support": 517
            },
            "1": {
                "precision": 0.8843283582089553,
                "recall": 0.8994307400379506,
                "f1-score": 0.8918156161806208,
                "support": 527
            },
            "accuracy": 0.8898467432950191,
            "macro avg": {
                "precision": 0.8899988247737689,
                "recall": 0.8897540547385111,
                "f1-score": 0.8898102471147007,
                "support": 1044
            },
            "weighted avg": {
                "precision": 0.8899445099599298,
                "recall": 0.8898467432950191,
                "f1-score": 0.8898294556306577,
                "support": 1044
            },
            "cross-entropy": 0.31033763710135936,
            "roc-auc": 0.9410920542173318,
            "score": 0.8898467432950191
        }
    },
    "time": "0:00:18",
    "chunk_size": null,
    "eval_batch_size": 32768
}