{
    "function": "bin.tabr_design.main",
    "gpus": [
        "A100-SXM-80GB"
    ],
    "config": {
        "seed": 2,
        "batch_size": 512,
        "patience": 16,
        "n_epochs": Infinity,
        "context_size": 96,
        "data": {
            "seed": 0,
            "cache": true,
            "path": ":data/otto",
            "num_policy": null,
            "cat_policy": null,
            "y_policy": null
        },
        "model": {
            "num_embeddings": null,
            "d_main": 343,
            "context_dropout": 0.11636077121418828,
            "d_multiplier": 2.0,
            "encoder_n_blocks": 0,
            "predictor_n_blocks": 1,
            "mixer_normalization": "auto",
            "dropout0": 0.5743971441291,
            "dropout1": 0.0,
            "normalization": "LayerNorm",
            "activation": "ReLU",
            "dot_product": true,
            "use_Q": true,
            "use_V": true,
            "use_labels": false,
            "use_T": false,
            "self_attention": true,
            "scale_similarities": true
        },
        "optimizer": {
            "type": "AdamW",
            "lr": 0.0008875220633977548,
            "weight_decay": 1.8311655008654914e-06
        }
    },
    "n_parameters": 862311,
    "prediction_type": "logits",
    "best_epoch": 36,
    "metrics": {
        "train": {
            "0": {
                "precision": 0.9776744186046512,
                "recall": 0.8510121457489879,
                "f1-score": 0.90995670995671,
                "support": 1235
            },
            "1": {
                "precision": 0.8379150303463049,
                "recall": 0.9098662531498353,
                "f1-score": 0.8724096273580523,
                "support": 10318
            },
            "2": {
                "precision": 0.7686599738105631,
                "recall": 0.6876220226474034,
                "f1-score": 0.7258862324814508,
                "support": 5122
            },
            "3": {
                "precision": 0.8951388888888889,
                "recall": 0.7485481997677119,
                "f1-score": 0.8153067678684377,
                "support": 1722
            },
            "4": {
                "precision": 0.9864253393665159,
                "recall": 0.9948659440958357,
                "f1-score": 0.9906276625958536,
                "support": 1753
            },
            "5": {
                "precision": 0.9788005272407733,
                "recall": 0.9850762768074287,
                "f1-score": 0.9819283746556474,
                "support": 9046
            },
            "6": {
                "precision": 0.9189655172413793,
                "recall": 0.880022014309301,
                "f1-score": 0.8990722518976667,
                "support": 1817
            },
            "7": {
                "precision": 0.975699558173785,
                "recall": 0.9784013291489755,
                "f1-score": 0.9770485759056133,
                "support": 5417
            },
            "8": {
                "precision": 0.9444103194103194,
                "recall": 0.9697256385998108,
                "f1-score": 0.9569005756962812,
                "support": 3171
            },
            "accuracy": 0.9060124744324638,
            "macro avg": {
                "precision": 0.920409952564798,
                "recall": 0.8894599804750322,
                "f1-score": 0.9032374198239681,
                "support": 39601
            },
            "weighted avg": {
                "precision": 0.9056545013067582,
                "recall": 0.9060124744324638,
                "f1-score": 0.9046988490566794,
                "support": 39601
            },
            "cross-entropy": 0.23779172119625766,
            "score": 0.9060124744324638
        },
        "val": {
            "0": {
                "precision": 0.6791666666666667,
                "recall": 0.5292207792207793,
                "f1-score": 0.5948905109489051,
                "support": 308
            },
            "1": {
                "precision": 0.7492977528089888,
                "recall": 0.8271317829457364,
                "f1-score": 0.7862932940309507,
                "support": 2580
            },
            "2": {
                "precision": 0.6029035012809565,
                "recall": 0.5511319281811085,
                "f1-score": 0.5758564437194127,
                "support": 1281
            },
            "3": {
                "precision": 0.7272727272727273,
                "recall": 0.5382830626450116,
                "f1-score": 0.6186666666666667,
                "support": 431
            },
            "4": {
                "precision": 0.9659863945578231,
                "recall": 0.9726027397260274,
                "f1-score": 0.9692832764505118,
                "support": 438
            },
            "5": {
                "precision": 0.9427684117125111,
                "recall": 0.9394341290893015,
                "f1-score": 0.9410983170947742,
                "support": 2262
            },
            "6": {
                "precision": 0.7596153846153846,
                "recall": 0.6960352422907489,
                "f1-score": 0.7264367816091953,
                "support": 454
            },
            "7": {
                "precision": 0.9158810732414794,
                "recall": 0.9327917282127031,
                "f1-score": 0.9242590559824369,
                "support": 1354
            },
            "8": {
                "precision": 0.8427370948379351,
                "recall": 0.8852459016393442,
                "f1-score": 0.8634686346863469,
                "support": 793
            },
            "accuracy": 0.8147661852338147,
            "macro avg": {
                "precision": 0.7984032229993858,
                "recall": 0.7635419215500845,
                "f1-score": 0.7778058867988,
                "support": 9901
            },
            "weighted avg": {
                "precision": 0.8117410896148703,
                "recall": 0.8147661852338147,
                "f1-score": 0.8115817159903835,
                "support": 9901
            },
            "cross-entropy": 0.5316475218517993,
            "score": 0.8147661852338147
        },
        "test": {
            "0": {
                "precision": 0.7017543859649122,
                "recall": 0.5181347150259067,
                "f1-score": 0.5961251862891206,
                "support": 386
            },
            "1": {
                "precision": 0.7563994374120956,
                "recall": 0.8340570719602978,
                "f1-score": 0.7933323499041157,
                "support": 3224
            },
            "2": {
                "precision": 0.5984081041968162,
                "recall": 0.5165521549031855,
                "f1-score": 0.5544753603754609,
                "support": 1601
            },
            "3": {
                "precision": 0.6674057649667405,
                "recall": 0.5594795539033457,
                "f1-score": 0.608695652173913,
                "support": 538
            },
            "4": {
                "precision": 0.9690909090909091,
                "recall": 0.9726277372262774,
                "f1-score": 0.970856102003643,
                "support": 548
            },
            "5": {
                "precision": 0.938353765323993,
                "recall": 0.9476476830562434,
                "f1-score": 0.9429778247096092,
                "support": 2827
            },
            "6": {
                "precision": 0.7524557956777996,
                "recall": 0.6742957746478874,
                "f1-score": 0.7112349117920148,
                "support": 568
            },
            "7": {
                "precision": 0.915746658919233,
                "recall": 0.9308919078558772,
                "f1-score": 0.9232571763327476,
                "support": 1693
            },