{
    "function": "bin.tabr.main",
    "gpus": [
        "NVIDIA A100-SXM4-80GB"
    ],
    "config": {
        "seed": 5,
        "batch_size": 128,
        "patience": 16,
        "n_epochs": Infinity,
        "context_size": 96,
        "data": {
            "seed": 0,
            "cache": true,
            "path": ":data/regression-num-medium-2-wine_quality",
            "num_policy": "quantile",
            "cat_policy": null,
            "y_policy": "standard"
        },
        "model": {
            "num_embeddings": null,
            "d_main": 265,
            "mixer_dropout": 0.38920071545944357,
            "d_multiplier": 2.0,
            "encoder_n_blocks": 0,
            "predictor_n_blocks": 1,
            "mixer_normalization": "auto",
            "dropout0": 0.38852797479169876,
            "dropout1": 0.0,
            "normalization": "LayerNorm",
            "activation": "ReLU"
        },
        "optimizer": {
            "type": "AdamW",
            "lr": 0.0003121273641315169,
            "weight_decay": 1.2260352006404615e-06
        }
    },
    "n_parameters": 638651,
    "prediction_type": null,
    "best_epoch": 15,
    "metrics": {
        "train": {
            "rmse": 0.5634866688490462,
            "mae": 0.41690296560575923,
            "r2": 0.5878953663853219,
            "score": -0.5634866688490462
        },
        "val": {
            "rmse": 0.5957046024093743,
            "mae": 0.4469562688919595,
            "r2": 0.5248064193327264,
            "score": -0.5957046024093743
        },
        "test": {
            "rmse": 0.6458491702845444,
            "mae": 0.4665917728071385,
            "r2": 0.4365473692822076,
            "score": -0.6458491702845444
        }
    },
    "time": "0:00:09",
    "chunk_size": null,
    "eval_batch_size": 32768
}