{
    "function": "bin.tabr.main",
    "gpus": [
        "A100-SXM-80GB"
    ],
    "config": {
        "seed": 11,
        "batch_size": 64,
        "patience": 16,
        "n_epochs": Infinity,
        "context_size": 96,
        "data": {
            "seed": 0,
            "cache": true,
            "path": ":data/classif-cat-medium-2-KDDCup09_upselling",
            "num_policy": "quantile",
            "cat_policy": "ordinal",
            "y_policy": null
        },
        "model": {
            "num_embeddings": null,
            "d_main": 29,
            "context_dropout": 0.5811355923098162,
            "d_multiplier": 2.0,
            "encoder_n_blocks": 0,
            "predictor_n_blocks": 1,
            "mixer_normalization": "auto",
            "dropout0": 0.20186045195229632,
            "dropout1": 0.0,
            "normalization": "LayerNorm",
            "activation": "ReLU"
        },
        "optimizer": {
            "type": "AdamW",
            "lr": 0.00026377346512468456,
            "weight_decay": 1.0244817453287676e-06
        }
    },
    "n_parameters": 10905,
    "prediction_type": "logits",
    "best_epoch": 29,
    "metrics": {
        "train": {
            "0": {
                "precision": 0.7804646752015173,
                "recall": 0.922645739910314,
                "f1-score": 0.845620344207552,
                "support": 1784
            },
            "1": {
                "precision": 0.9067567567567567,
                "recall": 0.7434903047091412,
                "f1-score": 0.8170471841704717,
                "support": 1805
            },
            "accuracy": 0.8325438840902758,
            "macro avg": {
                "precision": 0.8436107159791371,
                "recall": 0.8330680223097275,
                "f1-score": 0.831333764189012,
                "support": 3589
            },
            "weighted avg": {
                "precision": 0.84398019685301,
                "recall": 0.8325438840902758,
                "f1-score": 0.8312501703800429,
                "support": 3589
            },
            "cross-entropy": 0.3317677019588075,
            "roc-auc": 0.9282064022458791,
            "score": 0.8325438840902758
        },
        "val": {
            "0": {
                "precision": 0.7713310580204779,
                "recall": 0.9149797570850202,
                "f1-score": 0.8370370370370371,
                "support": 247
            },
            "1": {
                "precision": 0.874251497005988,
                "recall": 0.6854460093896714,
                "f1-score": 0.768421052631579,
                "support": 213
            },
            "accuracy": 0.808695652173913,
            "macro avg": {
                "precision": 0.8227912775132329,
                "recall": 0.8002128832373459,
                "f1-score": 0.8027290448343081,
                "support": 460
            },
            "weighted avg": {
                "precision": 0.8189876960724641,
                "recall": 0.808695652173913,
                "f1-score": 0.8052648529536401,
                "support": 460
            },
            "cross-entropy": 0.4187933332286281,
            "roc-auc": 0.874360875102165,
            "score": 0.808695652173913
        },
        "test": {
            "0": {
                "precision": 0.7544715447154472,
                "recall": 0.8738229755178908,
                "f1-score": 0.8097731239092495,
                "support": 531
            },
            "1": {
                "precision": 0.854978354978355,
                "recall": 0.7234432234432234,
                "f1-score": 0.7837301587301588,
                "support": 546
            },
            "accuracy": 0.797585886722377,
            "macro avg": {
                "precision": 0.8047249498469011,
                "recall": 0.798633099480557,
                "f1-score": 0.7967516413197042,
                "support": 1077
            },
            "weighted avg": {
                "precision": 0.8054248579963642,
                "recall": 0.797585886722377,
                "f1-score": 0.7965702836234709,
                "support": 1077
            },
            "cross-entropy": 0.39412066948897495,
            "roc-auc": 0.8905444837648226,
            "score": 0.797585886722377
        }
    },
    "time": "0:00:22",
    "chunk_size": null,
    "eval_batch_size": 32768
}