{
    "function": "bin.ensemble.main",
    "config": {
        "seeds": [
            0,
            1,
            2,
            3,
            4
        ]
    },
    "single_model_function": "bin.catboost_.main",
    "data": ":data/regression-cat-medium-2-Mercedes_Benz_Greener_Manufacturing",
    "prediction_type": null,
    "metrics": {
        "train": {
            "rmse": 8.036711623131122,
            "mae": 5.05440080608585,
            "r2": 0.5945992160385212,
            "score": -8.036711623131122
        },
        "val": {
            "rmse": 9.520937401532041,
            "mae": 5.925757666714014,
            "r2": 0.5059228978232566,
            "score": -9.520937401532041
        },
        "test": {
            "rmse": 7.848955214400528,
            "mae": 5.299713176539588,
            "r2": 0.6037773231737358,
            "score": -7.848955214400528
        }
    }
}
