{
    "function": "bin.ensemble.main",
    "config": {
        "seeds": [
            10,
            11,
            12,
            13,
            14
        ]
    },
    "single_model_function": "bin.ft_transformer.main",
    "data": ":data/classif-cat-large-0-covertype",
    "prediction_type": "probs",
    "metrics": {
        "train": {
            "0": {
                "precision": 0.9956616052060737,
                "recall": 0.9953417396193077,
                "f1-score": 0.995501646718612,
                "support": 24902
            },
            "1": {
                "precision": 0.9953795905361268,
                "recall": 0.9956968682763567,
                "f1-score": 0.9955382041271611,
                "support": 25098
            },
            "accuracy": 0.99552,
            "macro avg": {
                "precision": 0.9955205978711003,
                "recall": 0.9955193039478323,
                "f1-score": 0.9955199254228866,
                "support": 50000
            },
            "weighted avg": {
                "precision": 0.995520045122347,
                "recall": 0.99552,
                "f1-score": 0.9955199970754073,
                "support": 50000
            },
            "cross-entropy": 0.02086273060012604,
            "roc-auc": 0.9999023552995525,
            "score": 0.99552
        },
        "val": {
            "0": {
                "precision": 0.9492629139866565,
                "recall": 0.9493766980981301,
                "f1-score": 0.9493198026328932,
                "support": 25028
            },
            "1": {
                "precision": 0.9492570787776843,
                "recall": 0.9491430402050296,
                "f1-score": 0.949200056066158,
                "support": 24972
            },
            "accuracy": 0.94926,
            "macro avg": {
                "precision": 0.9492599963821704,
                "recall": 0.9492598691515799,
                "f1-score": 0.9492599293495256,
                "support": 50000
            },
            "weighted avg": {
                "precision": 0.9492599996498873,
                "recall": 0.94926,
                "f1-score": 0.9492599964076031,
                "support": 50000
            },
            "cross-entropy": 0.14109326867170874,
            "roc-auc": 0.9896049037603915,
            "score": 0.94926
        },
        "test": {
            "0": {
                "precision": 0.9490180519738147,
                "recall": 0.9499602859412232,
                "f1-score": 0.949488935198968,
                "support": 25180
            },
            "1": {
                "precision": 0.9491833030852994,
                "recall": 0.9482272360999194,
                "f1-score": 0.9487050287211528,
                "support": 24820
            },
            "accuracy": 0.9491,
            "macro avg": {
                "precision": 0.9491006775295571,
                "recall": 0.9490937610205713,
                "f1-score": 0.9490969819600604,
                "support": 50000
            },
            "weighted avg": {
                "precision": 0.9491000826255558,
                "recall": 0.9491,
                "f1-score": 0.9490998040233806,
                "support": 50000
            },
            "cross-entropy": 0.14018286125188778,
            "roc-auc": 0.9896746711349516,
            "score": 0.9491
        }
    }
}
