{
    "function": "bin.tabr_design.main",
    "gpus": [
        "A100-SXM-80GB"
    ],
    "config": {
        "seed": 11,
        "batch_size": 512,
        "patience": 16,
        "n_epochs": Infinity,
        "context_size": 96,
        "data": {
            "seed": 0,
            "cache": true,
            "path": ":data/higgs-small",
            "num_policy": "quantile",
            "cat_policy": null,
            "y_policy": null
        },
        "model": {
            "num_embeddings": null,
            "d_main": 173,
            "context_dropout": 0.41634253132502,
            "d_multiplier": 2.0,
            "encoder_n_blocks": 0,
            "predictor_n_blocks": 1,
            "mixer_normalization": "auto",
            "dropout0": 0.31286868528062006,
            "dropout1": 0.0,
            "normalization": "LayerNorm",
            "activation": "ReLU",
            "dot_product": true,
            "use_Q": false,
            "use_V": true,
            "use_labels": true,
            "use_T": false,
            "self_attention": true,
            "scale_similarities": true
        },
        "optimizer": {
            "type": "AdamW",
            "lr": 9.25427498805025e-05,
            "weight_decay": 0.0
        }
    },
    "n_parameters": 186841,
    "prediction_type": "logits",
    "best_epoch": 56,
    "metrics": {
        "train": {
            "0": {
                "precision": 0.7445238175847242,
                "recall": 0.7433912514366845,
                "f1-score": 0.7439571034692738,
                "support": 29582
            },
            "1": {
                "precision": 0.7714517974348166,
                "recall": 0.7724984171967801,
                "f1-score": 0.7719747525721947,
                "support": 33169
            },
            "accuracy": 0.7587767525617122,
            "macro avg": {
                "precision": 0.7579878075097704,
                "recall": 0.7579448343167323,
                "f1-score": 0.7579659280207343,
                "support": 62751
            },
            "weighted avg": {
                "precision": 0.7587574419675662,
                "recall": 0.7587767525617122,
                "f1-score": 0.7587667065528069,
                "support": 62751
            },
            "cross-entropy": 0.4865633591843633,
            "roc-auc": 0.8432626022207268,
            "score": 0.7587767525617122
        },
        "val": {
            "0": {
                "precision": 0.7141662018962632,
                "recall": 0.6925365062195782,
                "f1-score": 0.7031850631521143,
                "support": 7396
            },
            "1": {
                "precision": 0.7329732268670738,
                "recall": 0.7527737578388809,
                "f1-score": 0.7427415516420752,
                "support": 8292
            },
            "accuracy": 0.7243753187149413,
            "macro avg": {
                "precision": 0.7235697143816685,
                "recall": 0.7226551320292296,
                "f1-score": 0.7229633073970947,
                "support": 15688
            },
            "weighted avg": {
                "precision": 0.7241067839371836,
                "recall": 0.7243753187149413,
                "f1-score": 0.7240929164513721,
                "support": 15688
            },
            "cross-entropy": 0.5374278377200169,
            "roc-auc": 0.8024188672407897,
            "score": 0.7243753187149413
        },
        "test": {
            "0": {
                "precision": 0.7012261878694985,
                "recall": 0.6928069226608978,
                "f1-score": 0.6969911311823277,
                "support": 9245
            },
            "1": {
                "precision": 0.7289041618938527,
                "recall": 0.7367100820067535,
                "f1-score": 0.7327863346288566,
                "support": 10365
            },
            "accuracy": 0.7160122386537481,
            "macro avg": {
                "precision": 0.7150651748816756,
                "recall": 0.7147585023338257,
                "f1-score": 0.7148887329055922,
                "support": 19610
            },
            "weighted avg": {
                "precision": 0.7158555708762518,
                "recall": 0.7160122386537481,
                "f1-score": 0.7159109314741824,
                "support": 19610
            },
            "cross-entropy": 0.545818272590653,
            "roc-auc": 0.7955290209150746,
            "score": 0.7160122386537481
        }
    },
    "time": "0:01:55",
    "chunk_size": null,
    "eval_batch_size": 32768
}