{
    "function": "bin.tabr.main",
    "gpus": [
        "A100-SXM-80GB"
    ],
    "config": {
        "seed": 12,
        "batch_size": 32,
        "patience": 16,
        "n_epochs": Infinity,
        "context_size": 96,
        "data": {
            "seed": 0,
            "cache": true,
            "path": ":data/classif-num-medium-3-wine",
            "num_policy": "quantile",
            "cat_policy": null,
            "y_policy": null
        },
        "model": {
            "num_embeddings": null,
            "d_main": 294,
            "context_dropout": 0.16248238490007796,
            "d_multiplier": 2.0,
            "encoder_n_blocks": 0,
            "predictor_n_blocks": 1,
            "mixer_normalization": "auto",
            "dropout0": 0.5991214917935388,
            "dropout1": 0.0,
            "normalization": "LayerNorm",
            "activation": "ReLU"
        },
        "optimizer": {
            "type": "AdamW",
            "lr": 0.000441539963772049,
            "weight_decay": 0.0
        }
    },
    "n_parameters": 785275,
    "prediction_type": "logits",
    "best_epoch": 6,
    "metrics": {
        "train": {
            "0": {
                "precision": 0.8760429082240763,
                "recall": 0.8157602663706992,
                "f1-score": 0.8448275862068965,
                "support": 901
            },
            "1": {
                "precision": 0.8248945147679325,
                "recall": 0.8826185101580135,
                "f1-score": 0.8527808069792803,
                "support": 886
            },
            "accuracy": 0.8489087856743145,
            "macro avg": {
                "precision": 0.8504687114960043,
                "recall": 0.8491893882643564,
                "f1-score": 0.8488041965930884,
                "support": 1787
            },
            "weighted avg": {
                "precision": 0.8506833801870627,
                "recall": 0.8489087856743145,
                "f1-score": 0.8487708170990801,
                "support": 1787
            },
            "cross-entropy": 0.3332640344394461,
            "roc-auc": 0.9340173822414524,
            "score": 0.8489087856743145
        },
        "val": {
            "0": {
                "precision": 0.822429906542056,
                "recall": 0.7787610619469026,
                "f1-score": 0.7999999999999999,
                "support": 113
            },
            "1": {
                "precision": 0.7967479674796748,
                "recall": 0.8376068376068376,
                "f1-score": 0.8166666666666667,
                "support": 117
            },
            "accuracy": 0.808695652173913,
            "macro avg": {
                "precision": 0.8095889370108654,
                "recall": 0.8081839497768701,
                "f1-score": 0.8083333333333333,
                "support": 230
            },
            "weighted avg": {
                "precision": 0.8093656158016274,
                "recall": 0.808695652173913,
                "f1-score": 0.8084782608695652,
                "support": 230
            },
            "cross-entropy": 0.4257635589019551,
            "roc-auc": 0.8855608501626201,
            "score": 0.808695652173913
        },
        "test": {
            "0": {
                "precision": 0.8244897959183674,
                "recall": 0.7680608365019012,
                "f1-score": 0.795275590551181,
                "support": 263
            },
            "1": {
                "precision": 0.791095890410959,
                "recall": 0.843065693430657,
                "f1-score": 0.8162544169611308,
                "support": 274
            },
            "accuracy": 0.8063314711359404,
            "macro avg": {
                "precision": 0.8077928431646632,
                "recall": 0.8055632649662791,
                "f1-score": 0.8057650037561559,
                "support": 537
            },
            "weighted avg": {
                "precision": 0.8074508199238983,
                "recall": 0.8063314711359404,
                "f1-score": 0.8059798706933156,
                "support": 537
            },
            "cross-entropy": 0.4192300089164982,
            "roc-auc": 0.8903027948155755,
            "score": 0.8063314711359404
        }
    },
    "time": "0:00:11",
    "chunk_size": null,
    "eval_batch_size": 32768
}