{
    "function": "bin.ensemble.main",
    "config": {
        "seeds": [
            10,
            11,
            12,
            13,
            14
        ]
    },
    "single_model_function": "bin.ffn.main",
    "data": ":data/classif-num-medium-2-MagicTelescope",
    "prediction_type": "probs",
    "metrics": {
        "train": {
            "0": {
                "precision": 0.8833432362844128,
                "recall": 0.9558508358336906,
                "f1-score": 0.9181677817807514,
                "support": 4666
            },
            "1": {
                "precision": 0.9522484932777006,
                "recall": 0.8746008090270385,
                "f1-score": 0.9117744978359783,
                "support": 4697
            },
            "accuracy": 0.9150913168856136,
            "macro avg": {
                "precision": 0.9177958647810567,
                "recall": 0.9152258224303645,
                "f1-score": 0.9149711398083649,
                "support": 9363
            },
            "weighted avg": {
                "precision": 0.9179099341480753,
                "recall": 0.9150913168856136,
                "f1-score": 0.9149605560316754,
                "support": 9363
            },
            "cross-entropy": NaN,
            "roc-auc": 0.9759787302562736,
            "score": 0.9150913168856136
        },
        "val": {
            "0": {
                "precision": 0.8282208588957055,
                "recall": 0.9,
                "f1-score": 0.8626198083067093,
                "support": 600
            },
            "1": {
                "precision": 0.8911070780399274,
                "recall": 0.814262023217247,
                "f1-score": 0.8509532062391681,
                "support": 603
            },
            "accuracy": 0.857024106400665,
            "macro avg": {
                "precision": 0.8596639684678165,
                "recall": 0.8571310116086235,
                "f1-score": 0.8567865072729387,
                "support": 1203
            },
            "weighted avg": {
                "precision": 0.8597423802123854,
                "recall": 0.857024106400665,
                "f1-score": 0.8567719603875678,
                "support": 1203
            },
            "cross-entropy": NaN,
            "roc-auc": 0.9309203980099502,
            "score": 0.857024106400665
        },
        "test": {
            "0": {
                "precision": 0.8352564102564103,
                "recall": 0.9163150492264416,
                "f1-score": 0.8739101274312541,
                "support": 1422
            },
            "1": {
                "precision": 0.9048,
                "recall": 0.8148414985590778,
                "f1-score": 0.857467778620167,
                "support": 1388
            },
            "accuracy": 0.8661921708185053,
            "macro avg": {
                "precision": 0.8700282051282051,
                "recall": 0.8655782738927598,
                "f1-score": 0.8656889530257106,
                "support": 2810
            },
            "weighted avg": {
                "precision": 0.8696074787845607,
                "recall": 0.8661921708185053,
                "f1-score": 0.8657884263103327,
                "support": 2810
            },
            "cross-entropy": NaN,
            "roc-auc": 0.9370685846536719,
            "score": 0.8661921708185053
        }
    }
}
