{
    "function": "bin.tabr.main",
    "gpus": [
        "A100-SXM-80GB"
    ],
    "config": {
        "seed": 7,
        "batch_size": 256,
        "patience": 16,
        "n_epochs": Infinity,
        "context_size": 96,
        "data": {
            "seed": 0,
            "cache": true,
            "path": ":data/regression-num-medium-1-MiamiHousing2016",
            "num_policy": "quantile",
            "cat_policy": null,
            "y_policy": "standard"
        },
        "model": {
            "num_embeddings": null,
            "d_main": 355,
            "context_dropout": 0.4669132583117469,
            "d_multiplier": 2.0,
            "encoder_n_blocks": 0,
            "predictor_n_blocks": 1,
            "mixer_normalization": "auto",
            "dropout0": 0.502377616409753,
            "dropout1": 0.0,
            "normalization": "LayerNorm",
            "activation": "ReLU"
        },
        "optimizer": {
            "type": "AdamW",
            "lr": 0.00017647163693170897,
            "weight_decay": 8.24257178306762e-05
        }
    },
    "n_parameters": 1143811,
    "prediction_type": null,
    "best_epoch": 22,
    "metrics": {
        "train": {
            "rmse": 0.1391140497133499,
            "mae": 0.09655840296424145,
            "r2": 0.9405825588977026,
            "score": -0.1391140497133499
        },
        "val": {
            "rmse": 0.13106536666798063,
            "mae": 0.09298385248639551,
            "r2": 0.9421736542715466,
            "score": -0.13106536666798063
        },
        "test": {
            "rmse": 0.14446713111149712,
            "mae": 0.09973702278191787,
            "r2": 0.9351798796296702,
            "score": -0.14446713111149712
        }
    },
    "time": "0:00:20",
    "chunk_size": null,
    "eval_batch_size": 32768
}