{
    "function": "bin.tabr.main",
    "gpus": [
        "A100-SXM-80GB"
    ],
    "config": {
        "seed": 7,
        "batch_size": 256,
        "patience": 16,
        "n_epochs": Infinity,
        "context_size": 96,
        "data": {
            "seed": 0,
            "cache": true,
            "path": ":data/classif-cat-medium-1-compass",
            "num_policy": "quantile",
            "cat_policy": "ordinal",
            "y_policy": null
        },
        "model": {
            "num_embeddings": null,
            "d_main": 146,
            "context_dropout": 0.008514886024567986,
            "d_multiplier": 2.0,
            "encoder_n_blocks": 0,
            "predictor_n_blocks": 1,
            "mixer_normalization": "auto",
            "dropout0": 0.5848070754715678,
            "dropout1": 0.0,
            "normalization": "LayerNorm",
            "activation": "ReLU"
        },
        "optimizer": {
            "type": "AdamW",
            "lr": 0.00011687120390911033,
            "weight_decay": 0.0
        }
    },
    "n_parameters": 202357,
    "prediction_type": "logits",
    "best_epoch": 39,
    "metrics": {
        "train": {
            "0": {
                "precision": 0.8465091490495648,
                "recall": 0.9475044740505071,
                "f1-score": 0.8941640082567086,
                "support": 5029
            },
            "1": {
                "precision": 0.939601921757035,
                "recall": 0.8261919130959565,
                "f1-score": 0.8792549775208734,
                "support": 4971
            },
            "accuracy": 0.8872,
            "macro avg": {
                "precision": 0.8930555354032998,
                "recall": 0.8868481935732317,
                "f1-score": 0.8867094928887911,
                "support": 10000
            },
            "weighted avg": {
                "precision": 0.8927855663624483,
                "recall": 0.8872,
                "f1-score": 0.8867527290779249,
                "support": 10000
            },
            "cross-entropy": 0.26458377068498895,
            "roc-auc": 0.9531605443207108,
            "score": 0.8872
        },
        "val": {
            "0": {
                "precision": 0.8391019644527596,
                "recall": 0.9143730886850153,
                "f1-score": 0.8751219512195122,
                "support": 981
            },
            "1": {
                "precision": 0.9090909090909091,
                "recall": 0.8300395256916996,
                "f1-score": 0.8677685950413223,
                "support": 1012
            },
            "accuracy": 0.8715504264927245,
            "macro avg": {
                "precision": 0.8740964367718344,
                "recall": 0.8722063071883575,
                "f1-score": 0.8714452731304172,
                "support": 1993
            },
            "weighted avg": {
                "precision": 0.8746407562108164,
                "recall": 0.8715504264927245,
                "f1-score": 0.8713880844596886,
                "support": 1993
            },
            "cross-entropy": 0.30243234215283565,
            "roc-auc": 0.9387543161974754,
            "score": 0.8715504264927245
        },
        "test": {
            "0": {
                "precision": 0.8241885625965997,
                "recall": 0.9225778546712803,
                "f1-score": 0.8706122448979593,
                "support": 2312
            },
            "1": {
                "precision": 0.9132331555986427,
                "recall": 0.8054724241128688,
                "f1-score": 0.8559745570195365,
                "support": 2339
            },
            "accuracy": 0.8636852289830144,
            "macro avg": {
                "precision": 0.8687108590976211,
                "recall": 0.8640251393920746,
                "f1-score": 0.8632934009587478,
                "support": 4651
            },
            "weighted avg": {
                "precision": 0.8689693200749439,
                "recall": 0.8636852289830144,
                "f1-score": 0.8632509135826226,
                "support": 4651
            },
            "cross-entropy": 0.3172061688322618,
            "roc-auc": 0.932363962359332,
            "score": 0.8636852289830144
        }
    },
    "time": "0:00:25",
    "chunk_size": null,
    "eval_batch_size": 32768
}