{
    "function": "bin.tabr.main",
    "gpus": [
        "A100-SXM-80GB"
    ],
    "config": {
        "seed": 2,
        "batch_size": 128,
        "patience": 16,
        "n_epochs": Infinity,
        "context_size": 96,
        "data": {
            "seed": 0,
            "cache": true,
            "path": ":data/regression-num-medium-0-wine_quality",
            "num_policy": "quantile",
            "cat_policy": null,
            "y_policy": "standard"
        },
        "model": {
            "num_embeddings": null,
            "d_main": 310,
            "context_dropout": 0.2768876173517591,
            "d_multiplier": 2.0,
            "encoder_n_blocks": 0,
            "predictor_n_blocks": 1,
            "mixer_normalization": "auto",
            "dropout0": 0.46831750577187325,
            "dropout1": 0.0,
            "normalization": "LayerNorm",
            "activation": "ReLU"
        },
        "optimizer": {
            "type": "AdamW",
            "lr": 4.54191355323843e-05,
            "weight_decay": 0.0
        }
    },
    "n_parameters": 872651,
    "prediction_type": null,
    "best_epoch": 97,
    "metrics": {
        "train": {
            "rmse": 0.5053205581365289,
            "mae": 0.371222345107741,
            "r2": 0.6605469909979664,
            "score": -0.5053205581365289
        },
        "val": {
            "rmse": 0.6341749999659603,
            "mae": 0.45719401891854616,
            "r2": 0.5296833417064466,
            "score": -0.6341749999659603
        },
        "test": {
            "rmse": 0.6353663233330159,
            "mae": 0.45887719020913664,
            "r2": 0.4661490777943603,
            "score": -0.6353663233330159
        }
    },
    "time": "0:00:38",
    "chunk_size": null,
    "eval_batch_size": 32768
}