{
    "function": "bin.lightgbm_.main",
    "gpus": [
        "GeForce RTX 2080 Ti",
        "GeForce RTX 2080 Ti"
    ],
    "config": {
        "seed": 4,
        "data": {
            "seed": 0,
            "num_policy": null,
            "cache": true,
            "path": ":data/classif-cat-medium-1-KDDCup09_upselling",
            "cat_policy": "one-hot",
            "y_policy": null
        },
        "model": {
            "n_estimators": 4000,
            "n_jobs": 4,
            "feature_fraction": 0.7633279815411195,
            "lambda_l2": 0.11196478376476059,
            "learning_rate": 0.061611622764242244,
            "num_leaves": 376,
            "min_sum_hessian_in_leaf": 47.64403360872116,
            "bagging_fraction": 0.8663861468517989
        },
        "fit": {
            "early_stopping_rounds": 200,
            "verbose": true
        }
    },
    "prediction_type": "probs",
    "time": "0:00:01",
    "best_iteration": 22,
    "metrics": {
        "train": {
            "0": {
                "precision": 0.7941767068273092,
                "recall": 0.885282596530498,
                "f1-score": 0.8372585340037046,
                "support": 1787
            },
            "1": {
                "precision": 0.8716343143393863,
                "recall": 0.7724750277469479,
                "f1-score": 0.8190644307149162,
                "support": 1802
            },
            "accuracy": 0.8286430760657565,
            "macro avg": {
                "precision": 0.8329055105833478,
                "recall": 0.8288788121387229,
                "f1-score": 0.8281614823593104,
                "support": 3589
            },
            "weighted avg": {
                "precision": 0.8330673751852816,
                "recall": 0.8286430760657565,
                "f1-score": 0.8281234618035384,
                "support": 3589
            },
            "cross-entropy": 0.4298278623385699,
            "roc-auc": 0.9203634648314035,
            "score": 0.8286430760657565
        },
        "val": {
            "0": {
                "precision": 0.8181818181818182,
                "recall": 0.9152542372881356,
                "f1-score": 0.8640000000000001,
                "support": 236
            },
            "1": {
                "precision": 0.8984771573604061,
                "recall": 0.7866666666666666,
                "f1-score": 0.838862559241706,
                "support": 225
            },
            "accuracy": 0.8524945770065075,
            "macro avg": {
                "precision": 0.8583294877711122,
                "recall": 0.8509604519774011,
                "f1-score": 0.8514312796208531,
                "support": 461
            },
            "weighted avg": {
                "precision": 0.8573715173470726,
                "recall": 0.8524945770065075,
                "f1-score": 0.8517311840116787,
                "support": 461
            },
            "cross-entropy": 0.4074570194539543,
            "roc-auc": 0.9355178907721281,
            "score": 0.8524945770065075
        },
        "test": {
            "0": {
                "precision": 0.7597955706984668,
                "recall": 0.8243992606284658,
                "f1-score": 0.7907801418439715,
                "support": 541
            },
            "1": {
                "precision": 0.8065173116089613,
                "recall": 0.7374301675977654,
                "f1-score": 0.7704280155642023,
                "support": 537
            },
            "accuracy": 0.7810760667903525,
            "macro avg": {
                "precision": 0.7831564411537141,
                "recall": 0.7809147141131156,
                "f1-score": 0.7806040787040869,
                "support": 1078
            },
            "weighted avg": {
                "precision": 0.783069758888574,
                "recall": 0.7810760667903525,
                "f1-score": 0.7806418377509882,
                "support": 1078
            },
            "cross-entropy": 0.4412503659212357,
            "roc-auc": 0.8977323185906505,
            "score": 0.7810760667903525
        }
    }
}
