{
    "function": "bin.ffn.main",
    "gpus": [
        "A100-SXM-80GB"
    ],
    "config": {
        "seed": 6,
        "batch_size": 256,
        "patience": 16,
        "n_epochs": Infinity,
        "data": {
            "seed": 0,
            "cache": true,
            "path": ":data/classif-num-medium-0-MagicTelescope",
            "num_policy": "quantile",
            "cat_policy": null,
            "y_policy": null
        },
        "optimizer": {
            "type": "AdamW",
            "lr": 0.000339051281941639,
            "weight_decay": 0.0
        },
        "model": {
            "num_embeddings": null,
            "backbone": {
                "type": "MLP",
                "n_blocks": 4,
                "d_layer": 942,
                "dropout": 0.10454089249508279,
                "activation": "ReLU"
            }
        }
    },
    "n_parameters": 2676223,
    "prediction_type": "logits",
    "best_epoch": 10,
    "metrics": {
        "train": {
            "0": {
                "precision": 0.8687868576242629,
                "recall": 0.8750530335171829,
                "f1-score": 0.8719086873811033,
                "support": 4714
            },
            "1": {
                "precision": 0.8723726977248104,
                "recall": 0.8659926865992686,
                "f1-score": 0.8691709844559584,
                "support": 4649
            },
            "accuracy": 0.8705543095161807,
            "macro avg": {
                "precision": 0.8705797776745366,
                "recall": 0.8705228600582258,
                "f1-score": 0.8705398359185308,
                "support": 9363
            },
            "weighted avg": {
                "precision": 0.8705673308302274,
                "recall": 0.8705543095161807,
                "f1-score": 0.8705493387856746,
                "support": 9363
            },
            "cross-entropy": 0.289947966308023,
            "roc-auc": 0.9470921935849087,
            "score": 0.8705543095161807
        },
        "val": {
            "0": {
                "precision": 0.8497495826377296,
                "recall": 0.8760757314974182,
                "f1-score": 0.8627118644067796,
                "support": 581
            },
            "1": {
                "precision": 0.8807947019867549,
                "recall": 0.8553054662379421,
                "f1-score": 0.867862969004894,
                "support": 622
            },
            "accuracy": 0.8653366583541147,
            "macro avg": {
                "precision": 0.8652721423122423,
                "recall": 0.8656905988676802,
                "f1-score": 0.8652874167058369,
                "support": 1203
            },
            "weighted avg": {
                "precision": 0.8658011738555964,
                "recall": 0.8653366583541147,
                "f1-score": 0.8653751952962452,
                "support": 1203
            },
            "cross-entropy": 0.3158321335035829,
            "roc-auc": 0.935718989877747,
            "score": 0.8653366583541147
        },
        "test": {
            "0": {
                "precision": 0.8413842826243692,
                "recall": 0.8377602297200287,
                "f1-score": 0.839568345323741,
                "support": 1393
            },
            "1": {
                "precision": 0.8411806043569923,
                "recall": 0.844742413549753,
                "f1-score": 0.8429577464788732,
                "support": 1417
            },
            "accuracy": 0.8412811387900356,
            "macro avg": {
                "precision": 0.8412824434906807,
                "recall": 0.8412513216348909,
                "f1-score": 0.8412630459013071,
                "support": 2810
            },
            "weighted avg": {
                "precision": 0.8412815736902507,
                "recall": 0.8412811387900356,
                "f1-score": 0.8412775202122899,
                "support": 2810
            },
            "cross-entropy": 0.3530587091623405,
            "roc-auc": 0.9225875318724888,
            "score": 0.8412811387900356
        }
    },
    "time": "0:00:04",
    "chunk_size": null,
    "eval_batch_size": 32768
}
