{
    "function": "bin.catboost_.main",
    "gpus": [
        "NVIDIA GeForce RTX 2080 Ti",
        "NVIDIA GeForce RTX 2080 Ti"
    ],
    "config": {
        "seed": 0,
        "data": {
            "seed": 0,
            "num_policy": null,
            "cat_policy": null,
            "cache": true,
            "path": ":data/regression-cat-medium-1-visualizing_soil",
            "y_policy": "standard"
        },
        "model": {
            "iterations": 4000,
            "early_stopping_rounds": 3999,
            "thread_count": 4,
            "task_type": "CPU",
            "od_pval": 0.001
        },
        "fit": {
            "logging_level": "Verbose"
        }
    },
    "prediction_type": null,
    "time": "0:00:05",
    "best_iteration": 3999,
    "metrics": {
        "train": {
            "rmse": 0.041115036501413474,
            "mae": 0.028833389328298327,
            "r2": 0.9999891113845588,
            "score": -0.041115036501413474
        },
        "val": {
            "rmse": 0.06106794146571287,
            "mae": 0.04038950867534835,
            "r2": 0.9999746967862113,
            "score": -0.06106794146571287
        },
        "test": {
            "rmse": 0.06401636725335433,
            "mae": 0.03890233065037934,
            "r2": 0.9999726073828615,
            "score": -0.06401636725335433
        }
    }
}
