{
    "function": "bin.tabr_scaling.main",
    "gpus": [
        "NVIDIA A100-SXM4-80GB"
    ],
    "config": {
        "seed": 7,
        "batch_size": 256,
        "patience": 16,
        "n_epochs": Infinity,
        "context_size": 96,
        "freeze_contexts_after_n_epochs": 2,
        "data": {
            "seed": 0,
            "cache": true,
            "path": ":data/adult",
            "num_policy": "quantile",
            "cat_policy": "ordinal",
            "y_policy": null
        },
        "model": {
            "num_embeddings": null,
            "d_main": 265,
            "mixer_dropout": 0.38920071545944357,
            "d_multiplier": 2.0,
            "encoder_n_blocks": 0,
            "predictor_n_blocks": 1,
            "mixer_normalization": "auto",
            "dropout0": 0.38852797479169876,
            "dropout1": 0.0,
            "normalization": "LayerNorm",
            "activation": "ReLU"
        },
        "optimizer": {
            "type": "AdamW",
            "lr": 0.0003121273641315169,
            "weight_decay": 1.2260352006404615e-06
        }
    },
    "n_parameters": 664091,
    "prediction_type": "logits",
    "best_epoch": 4,
    "metrics": {
        "train": {
            "0": {
                "precision": 0.8857537114579368,
                "recall": 0.9413400758533502,
                "f1-score": 0.9127013311759947,
                "support": 19775
            },
            "1": {
                "precision": 0.7694753577106518,
                "recall": 0.6172485254264307,
                "f1-score": 0.6850066342326404,
                "support": 6273
            },
            "accuracy": 0.8632908476658476,
            "macro avg": {
                "precision": 0.8276145345842942,
                "recall": 0.7792943006398905,
                "f1-score": 0.7988539827043175,
                "support": 26048
            },
            "weighted avg": {
                "precision": 0.8577510197711771,
                "recall": 0.8632908476658476,
                "f1-score": 0.857866839701576,
                "support": 26048
            },
            "cross-entropy": 0.29489600472767896,
            "roc-auc": 0.9209861338592565,
            "score": 0.8632908476658476
        },
        "val": {
            "0": {
                "precision": 0.8826111853407139,
                "recall": 0.9350859453993934,
                "f1-score": 0.908091123330715,
                "support": 4945
            },
            "1": {
                "precision": 0.7480376766091051,
                "recall": 0.607780612244898,
                "f1-score": 0.6706544686840253,
                "support": 1568
            },
            "accuracy": 0.8562874251497006,
            "macro avg": {
                "precision": 0.8153244309749095,
                "recall": 0.7714332788221456,
                "f1-score": 0.7893727960073702,
                "support": 6513
            },
            "weighted avg": {
                "precision": 0.8502127112594668,
                "recall": 0.8562874251497006,
                "f1-score": 0.8509284218895957,
                "support": 6513
            },
            "cross-entropy": 0.3065426402891182,
            "roc-auc": 0.9143396236148656,
            "score": 0.8562874251497006
        },
        "test": {
            "0": {
                "precision": 0.8812457479779273,
                "recall": 0.9375150784077202,
                "f1-score": 0.9085099750623441,
                "support": 12435
            },
            "1": {
                "precision": 0.7454128440366973,
                "recall": 0.5915236609464378,
                "f1-score": 0.6596114815888663,
                "support": 3846
            },
            "accuracy": 0.8557828143234445,
            "macro avg": {
                "precision": 0.8133292960073123,
                "recall": 0.764519369677079,
                "f1-score": 0.7840607283256051,
                "support": 16281
            },
            "weighted avg": {
                "precision": 0.8491584469179205,
                "recall": 0.8557828143234445,
                "f1-score": 0.8497136108403064,
                "support": 16281
            },
            "cross-entropy": 0.3101545670542002,
            "roc-auc": 0.9105231028702345,
            "score": 0.8557828143234445
        }
    },
    "time": "0:00:25",
    "chunk_size": null,
    "eval_batch_size": 32768
}