{
    "function": "bin.ensemble.main",
    "config": {
        "seeds": [
            10,
            11,
            12,
            13,
            14
        ]
    },
    "single_model_function": "bin.tabr.main",
    "data": ":data/regression-cat-large-0-diamonds",
    "prediction_type": null,
    "metrics": {
        "train": {
            "rmse": 0.0781234504292205,
            "mae": 0.055053047320703374,
            "r2": 0.9940535659048417,
            "score": -0.0781234504292205
        },
        "val": {
            "rmse": 0.07731308099300586,
            "mae": 0.054642821650414675,
            "r2": 0.9942231005755758,
            "score": -0.07731308099300586
        },
        "test": {
            "rmse": 0.08070594617739316,
            "mae": 0.05658629760736611,
            "r2": 0.9936896196828701,
            "score": -0.08070594617739316
        }
    }
}