{
    "function": "bin.xgboost_.main",
    "gpus": [
        "GeForce RTX 2080 Ti"
    ],
    "config": {
        "seed": 1,
        "data": {
            "seed": 0,
            "num_policy": null,
            "cache": true,
            "path": ":data/churn",
            "cat_policy": "one-hot",
            "y_policy": null
        },
        "neighbors": {
            "k": 96,
            "path": ":data/_exp/neighbors/churn/raw"
        },
        "model": {
            "booster": "gbtree",
            "n_estimators": 4000,
            "n_jobs": 1,
            "tree_method": "gpu_hist",
            "use_label_encoder": false,
            "colsample_bytree": 0.6991105311080459,
            "gamma": 0,
            "lambda": 0.0,
            "learning_rate": 0.029605774428600143,
            "max_depth": 5,
            "min_child_weight": 0.0033584500281308334,
            "subsample": 0.5290145801619378
        },
        "fit": {
            "early_stopping_rounds": 200,
            "verbose": true
        }
    },
    "prediction_type": "probs",
    "time": "0:00:01",
    "best_iteration": 239,
    "metrics": {
        "train": {
            "0": {
                "precision": 0.9010097367472052,
                "recall": 0.9805729984301413,
                "f1-score": 0.9391091900018794,
                "support": 5096
            },
            "1": {
                "precision": 0.8840749414519906,
                "recall": 0.5789877300613497,
                "f1-score": 0.6997219647822057,
                "support": 1304
            },
            "accuracy": 0.89875,
            "macro avg": {
                "precision": 0.8925423390995979,
                "recall": 0.7797803642457455,
                "f1-score": 0.8194155773920426,
                "support": 6400
            },
            "weighted avg": {
                "precision": 0.8975592722058053,
                "recall": 0.89875,
                "f1-score": 0.8903340428633709,
                "support": 6400
            },
            "cross-entropy": 0.237558371984279,
            "roc-auc": 0.9566230220261772,
            "score": 0.89875
        },
        "val": {
            "0": {
                "precision": 0.8798283261802575,
                "recall": 0.9654631083202512,
                "f1-score": 0.9206586826347306,
                "support": 1274
            },
            "1": {
                "precision": 0.7821782178217822,
                "recall": 0.48466257668711654,
                "f1-score": 0.5984848484848484,
                "support": 326
            },
            "accuracy": 0.8675,
            "macro avg": {
                "precision": 0.8310032720010199,
                "recall": 0.7250628425036838,
                "f1-score": 0.7595717655597896,
                "support": 1600
            },
            "weighted avg": {
                "precision": 0.8599321166022181,
                "recall": 0.8675,
                "f1-score": 0.8550157639266921,
                "support": 1600
            },
            "cross-entropy": 0.3372474627138247,
            "roc-auc": 0.8590401710471823,
            "score": 0.8675
        },
        "test": {
            "0": {
                "precision": 0.8741457858769932,
                "recall": 0.9635907093534212,
                "f1-score": 0.9166915497163332,
                "support": 1593
            },
            "1": {
                "precision": 0.7622950819672131,
                "recall": 0.457002457002457,
                "f1-score": 0.5714285714285714,
                "support": 407
            },
            "accuracy": 0.8605,
            "macro avg": {
                "precision": 0.8182204339221031,
                "recall": 0.7102965831779391,
                "f1-score": 0.7440600605724523,
                "support": 2000
            },
            "weighted avg": {
                "precision": 0.8513841676313529,
                "recall": 0.8605,
                "f1-score": 0.8464305336347736,
                "support": 2000
            },
            "cross-entropy": 0.3475839399694501,
            "roc-auc": 0.8500117991643416,
            "score": 0.8605
        }
    }
}
