{
    "function": "bin.ensemble.main",
    "config": {
        "seeds": [
            5,
            6,
            7,
            8,
            9
        ]
    },
    "single_model_function": "bin.tabr.main",
    "data": ":data/california",
    "prediction_type": null,
    "metrics": {
        "train": {
            "rmse": 0.3591863963054899,
            "mae": 0.22955377260918297,
            "r2": 0.9042184398671659,
            "score": -0.3591863963054899
        },
        "val": {
            "rmse": 0.4106307643566813,
            "mae": 0.24922290298068184,
            "r2": 0.8706790958983975,
            "score": -0.4106307643566813
        },
        "test": {
            "rmse": 0.3954675014346702,
            "mae": 0.24629647457182813,
            "r2": 0.8800613844685894,
            "score": -0.3954675014346702
        }
    }
}