{
    "function": "bin.ensemble.main",
    "config": {
        "seeds": [
            10,
            11,
            12,
            13,
            14
        ]
    },
    "single_model_function": "bin.tabr.main",
    "data": ":data/regression-cat-medium-0-Mercedes_Benz_Greener_Manufacturing",
    "prediction_type": null,
    "metrics": {
        "train": {
            "rmse": 7.772430099201716,
            "mae": 5.195651204683742,
            "r2": 0.61020674349664,
            "score": -7.772430099201716
        },
        "val": {
            "rmse": 8.212428652924471,
            "mae": 5.602257575030961,
            "r2": 0.5662807097978133,
            "score": -8.212428652924471
        },
        "test": {
            "rmse": 9.851567644936704,
            "mae": 5.587872266428917,
            "r2": 0.46613092493091457,
            "score": -9.851567644936704
        }
    }
}