{
    "function": "bin.saint.main",
    "gpus": [
        "A100-SXM-80GB"
    ],
    "config": {
        "seed": 11,
        "batch_size": 512,
        "patience": 16,
        "n_epochs": Infinity,
        "data": {
            "seed": 0,
            "cache": true,
            "path": ":data/diamond",
            "num_policy": "quantile",
            "cat_policy": "ordinal",
            "y_policy": "standard"
        },
        "model": {
            "depth": 1,
            "heads": 8,
            "attentiontype": "colrow",
            "dim": 8,
            "dim_head": 8,
            "ffn_mult": 1.3665284726825346,
            "attn_dropout": 0.0022203198371913424,
            "ff_dropout": 0.45118297850933625
        },
        "optimizer": {
            "type": "AdamW",
            "lr": 0.00015301899292998012,
            "weight_decay": 0
        }
    },
    "n_parameters": 82643,
    "prediction_type": null,
    "best_epoch": 98,
    "metrics": {
        "train": {
            "rmse": 0.12749677447055435,
            "mae": 0.07145367394862401,
            "r2": 0.983667824145745,
            "score": -0.12749677447055435
        },
        "val": {
            "rmse": 0.13362924311532018,
            "mae": 0.07362106098969362,
            "r2": 0.982557036300138,
            "score": -0.13362924311532018
        },
        "test": {
            "rmse": 0.13797828127327422,
            "mae": 0.07366496604876833,
            "r2": 0.9808855448654689,
            "score": -0.13797828127327422
        }
    },
    "time": "0:01:41",
    "chunk_size": null,
    "eval_batch_size": 8192
}
