{
    "function": "bin.ft_transformer.main",
    "gpus": [
        "A100-SXM-80GB"
    ],
    "config": {
        "seed": 1,
        "batch_size": 128,
        "patience": 16,
        "n_epochs": Infinity,
        "data": {
            "seed": 0,
            "cache": true,
            "path": ":data/regression-cat-medium-0-yprop_4_1",
            "num_policy": "quantile",
            "cat_policy": null,
            "y_policy": "standard"
        },
        "optimizer": {
            "type": "AdamW",
            "lr": 0.0002705814224904123,
            "weight_decay": 0.0
        },
        "model": {
            "d_token": 248,
            "n_blocks": 4,
            "attention_dropout": 0.35073724666080297,
            "ffn_d_hidden_factor": 0.7660632032568204,
            "ffn_dropout": 0.4309793715944217,
            "residual_dropout": 0.0
        }
    },
    "n_parameters": 1588217,
    "prediction_type": null,
    "best_epoch": 40,
    "metrics": {
        "train": {
            "rmse": 0.02825298068198524,
            "mae": 0.019115496494801043,
            "r2": 0.14606561985633393,
            "score": -0.02825298068198524
        },
        "val": {
            "rmse": 0.02732014354110656,
            "mae": 0.019962642047135937,
            "r2": 0.1038141177692048,
            "score": -0.02732014354110656
        },
        "test": {
            "rmse": 0.0266638036302122,
            "mae": 0.019510354480259506,
            "r2": 0.041447909567798646,
            "score": -0.0266638036302122
        }
    },
    "time": "0:01:05",
    "chunk_size": null,
    "eval_batch_size": 32768
}
