{
    "function": "bin.tabr.main",
    "gpus": [
        "A100-SXM-80GB"
    ],
    "config": {
        "seed": 6,
        "batch_size": 128,
        "patience": 16,
        "n_epochs": Infinity,
        "context_size": 96,
        "data": {
            "seed": 0,
            "cache": true,
            "path": ":data/regression-num-medium-1-wine_quality",
            "num_policy": "quantile",
            "cat_policy": null,
            "y_policy": "standard"
        },
        "model": {
            "num_embeddings": null,
            "d_main": 38,
            "context_dropout": 0.22804405606748412,
            "d_multiplier": 2.0,
            "encoder_n_blocks": 0,
            "predictor_n_blocks": 1,
            "mixer_normalization": "auto",
            "dropout0": 0.030325862754714286,
            "dropout1": 0.0,
            "normalization": "LayerNorm",
            "activation": "ReLU"
        },
        "optimizer": {
            "type": "AdamW",
            "lr": 0.00011901216985597425,
            "weight_decay": 0.0
        }
    },
    "n_parameters": 13947,
    "prediction_type": null,
    "best_epoch": 179,
    "metrics": {
        "train": {
            "rmse": 0.5550239891009958,
            "mae": 0.40995090977542503,
            "r2": 0.6018285684214325,
            "score": -0.5550239891009958
        },
        "val": {
            "rmse": 0.6123979631055891,
            "mae": 0.45979687381354495,
            "r2": 0.48188623213469495,
            "score": -0.6123979631055891
        },
        "test": {
            "rmse": 0.6137042254161394,
            "mae": 0.4492145971171979,
            "r2": 0.4908665975813551,
            "score": -0.6137042254161394
        }
    },
    "time": "0:00:46",
    "chunk_size": null,
    "eval_batch_size": 32768
}