{
    "function": "bin.ensemble.main",
    "config": {
        "seeds": [
            10,
            11,
            12,
            13,
            14
        ]
    },
    "single_model_function": "bin.xgboost_.main",
    "data": ":data/covtype",
    "prediction_type": "probs",
    "metrics": {
        "train": {
            "0": {
                "precision": 1.0,
                "recall": 1.0,
                "f1-score": 1.0,
                "support": 135578
            },
            "1": {
                "precision": 1.0,
                "recall": 1.0,
                "f1-score": 1.0,
                "support": 181312
            },
            "2": {
                "precision": 1.0,
                "recall": 1.0,
                "f1-score": 1.0,
                "support": 22882
            },
            "3": {
                "precision": 1.0,
                "recall": 1.0,
                "f1-score": 1.0,
                "support": 1759
            },
            "4": {
                "precision": 1.0,
                "recall": 1.0,
                "f1-score": 1.0,
                "support": 6075
            },
            "5": {
                "precision": 1.0,
                "recall": 1.0,
                "f1-score": 1.0,
                "support": 11115
            },
            "6": {
                "precision": 1.0,
                "recall": 1.0,
                "f1-score": 1.0,
                "support": 13126
            },
            "accuracy": 1.0,
            "macro avg": {
                "precision": 1.0,
                "recall": 1.0,
                "f1-score": 1.0,
                "support": 371847
            },
            "weighted avg": {
                "precision": 1.0,
                "recall": 1.0,
                "f1-score": 1.0,
                "support": 371847
            },
            "cross-entropy": 9.769532836743177e-06,
            "score": 1.0
        },
        "val": {
            "0": {
                "precision": 0.9664681357951161,
                "recall": 0.9575146043547531,
                "f1-score": 0.9619705367993598,
                "support": 33894
            },
            "1": {
                "precision": 0.9632829373650108,
                "recall": 0.9740998941051888,
                "f1-score": 0.9686612186694454,
                "support": 45328
            },
            "2": {
                "precision": 0.9583477959041999,
                "recall": 0.9652158713511624,
                "f1-score": 0.9617695724113907,
                "support": 5721
            },
            "3": {
                "precision": 0.8936170212765957,
                "recall": 0.8610478359908884,
                "f1-score": 0.877030162412993,
                "support": 439
            },
            "4": {
                "precision": 0.922566371681416,
                "recall": 0.8235681369321922,
                "f1-score": 0.8702608695652173,
                "support": 1519
            },
            "5": {
                "precision": 0.9373415429192321,
                "recall": 0.9312702410939186,
                "f1-score": 0.9342960288808663,
                "support": 2779
            },
            "6": {
                "precision": 0.9673142152328091,
                "recall": 0.9558196221815966,
                "f1-score": 0.9615325670498083,
                "support": 3282
            },
            "accuracy": 0.9625868634495816,
            "macro avg": {
                "precision": 0.9441340028820543,
                "recall": 0.9240766008585287,
                "f1-score": 0.9336458508270116,
                "support": 92962
            },
            "weighted avg": {
                "precision": 0.9625130839803353,
                "recall": 0.9625868634495816,
                "f1-score": 0.9624781079298851,
                "support": 92962
            },
            "cross-entropy": 0.16059949703870469,
            "score": 0.9625868634495816
        },
        "test": {
            "0": {
                "precision": 0.9664599236641221,
                "recall": 0.9562405589123867,
                "f1-score": 0.9613230827638573,
                "support": 42368
            },
            "1": {
                "precision": 0.961437931274831,
                "recall": 0.9737738479730326,
                "f1-score": 0.9675665722627993,
                "support": 56661
            },
            "2": {
                "precision": 0.9546085508051083,
                "recall": 0.9616836806041114,
                "f1-score": 0.9581330546847789,
                "support": 7151
            },
            "3": {
                "precision": 0.8833333333333333,
                "recall": 0.8688524590163934,
                "f1-score": 0.8760330578512396,
                "support": 549
            },
            "4": {
                "precision": 0.9297200714711138,
                "recall": 0.8220115850447604,
                "f1-score": 0.8725544997205144,
                "support": 1899
            },
            "5": {
                "precision": 0.933488237002614,
                "recall": 0.92542470486611,
                "f1-score": 0.929438982070561,
                "support": 3473
            },
            "6": {
                "precision": 0.9712087366592207,
                "recall": 0.9539249146757679,
                "f1-score": 0.9624892387160251,
                "support": 4102
            },
            "accuracy": 0.9615156235209074,
            "macro avg": {
                "precision": 0.9428938263157632,
                "recall": 0.9231302501560803,
                "f1-score": 0.9325054982956822,
                "support": 116203
            },
            "weighted avg": {
                "precision": 0.9614709234458827,
                "recall": 0.9615156235209074,
                "f1-score": 0.9614057380725645,
                "support": 116203
            },
            "cross-entropy": 0.1646758089588163,
            "score": 0.9615156235209074
        }
    }
}
