{
    "function": "bin.ffn.main",
    "gpus": [
        "A100-SXM-80GB"
    ],
    "config": {
        "seed": 12,
        "batch_size": 256,
        "patience": 16,
        "n_epochs": Infinity,
        "data": {
            "seed": 0,
            "cache": true,
            "path": ":data/classif-num-large-0-jannis",
            "num_policy": "quantile",
            "cat_policy": null,
            "y_policy": null
        },
        "optimizer": {
            "type": "AdamW",
            "lr": 0.0001709873893213748,
            "weight_decay": 0.0
        },
        "model": {
            "num_embeddings": null,
            "backbone": {
                "type": "MLP",
                "n_blocks": 2,
                "d_layer": 194,
                "dropout": 0.49694454045889114,
                "activation": "ReLU"
            }
        }
    },
    "n_parameters": 48695,
    "prediction_type": "logits",
    "best_epoch": 74,
    "metrics": {
        "train": {
            "0": {
                "precision": 0.8292128753043008,
                "recall": 0.7597521685254027,
                "f1-score": 0.7929643041903778,
                "support": 20175
            },
            "1": {
                "precision": 0.7778745245405801,
                "recall": 0.8431771894093686,
                "f1-score": 0.8092105263157895,
                "support": 20131
            },
            "accuracy": 0.8014191435518285,
            "macro avg": {
                "precision": 0.8035436999224405,
                "recall": 0.8014646789673856,
                "f1-score": 0.8010874152530836,
                "support": 40306
            },
            "weighted avg": {
                "precision": 0.8035717216491511,
                "recall": 0.8014191435518285,
                "f1-score": 0.8010785476679411,
                "support": 40306
            },
            "cross-entropy": 0.4298416823010847,
            "roc-auc": 0.884135193294331,
            "score": 0.8014191435518285
        },
        "val": {
            "0": {
                "precision": 0.8144329896907216,
                "recall": 0.7394695787831513,
                "f1-score": 0.7751430907604252,
                "support": 2564
            },
            "1": {
                "precision": 0.7659425367904695,
                "recall": 0.8349885408708938,
                "f1-score": 0.7989766081871346,
                "support": 2618
            },
            "accuracy": 0.7877267464299498,
            "macro avg": {
                "precision": 0.7901877632405956,
                "recall": 0.7872290598270226,
                "f1-score": 0.7870598494737799,
                "support": 5182
            },
            "weighted avg": {
                "precision": 0.7899351113246739,
                "recall": 0.7877267464299498,
                "f1-score": 0.7871840302863081,
                "support": 5182
            },
            "cross-entropy": 0.4605714149706063,
            "roc-auc": 0.8630132027282619,
            "score": 0.7877267464299498
        },
        "test": {
            "0": {
                "precision": 0.8075607560756075,
                "recall": 0.741365063625847,
                "f1-score": 0.7730484232293642,
                "support": 6051
            },
            "1": {
                "precision": 0.7605935444393452,
                "recall": 0.8230425426253931,
                "f1-score": 0.7905867387501988,
                "support": 6041
            },
            "accuracy": 0.7821700297717499,
            "macro avg": {
                "precision": 0.7840771502574764,
                "recall": 0.78220380312562,
                "f1-score": 0.7818175809897815,
                "support": 12092
            },
            "weighted avg": {
                "precision": 0.7840965710363534,
                "recall": 0.7821700297717499,
                "f1-score": 0.7818103289572307,
                "support": 12092
            },
            "cross-entropy": 0.46459226860528624,
            "roc-auc": 0.8594592599772211,
            "score": 0.7821700297717499
        }
    },
    "time": "0:00:31",
    "chunk_size": null,
    "eval_batch_size": 32768
}
