{
    "function": "bin.tabr.main",
    "gpus": [
        "NVIDIA A100-SXM4-80GB"
    ],
    "config": {
        "seed": 14,
        "batch_size": 256,
        "patience": 16,
        "n_epochs": Infinity,
        "context_size": 96,
        "data": {
            "seed": 0,
            "cache": true,
            "path": ":data/regression-num-medium-0-california",
            "num_policy": "quantile",
            "cat_policy": null,
            "y_policy": "standard"
        },
        "model": {
            "num_embeddings": null,
            "d_main": 265,
            "mixer_dropout": 0.38920071545944357,
            "d_multiplier": 2.0,
            "encoder_n_blocks": 0,
            "predictor_n_blocks": 1,
            "mixer_normalization": "auto",
            "dropout0": 0.38852797479169876,
            "dropout1": 0.0,
            "normalization": "LayerNorm",
            "activation": "ReLU"
        },
        "optimizer": {
            "type": "AdamW",
            "lr": 0.0003121273641315169,
            "weight_decay": 1.2260352006404615e-06
        }
    },
    "n_parameters": 637856,
    "prediction_type": null,
    "best_epoch": 39,
    "metrics": {
        "train": {
            "rmse": 0.11529331755735639,
            "mae": 0.0792488768522781,
            "r2": 0.8946061292819297,
            "score": -0.11529331755735639
        },
        "val": {
            "rmse": 0.13362010632772622,
            "mae": 0.08705516377140787,
            "r2": 0.8645855671724629,
            "score": -0.13362010632772622
        },
        "test": {
            "rmse": 0.12412417201891054,
            "mae": 0.08366909245135501,
            "r2": 0.8774959054665102,
            "score": -0.12412417201891054
        }
    },
    "time": "0:00:46",
    "chunk_size": null,
    "eval_batch_size": 32768
}