{
    "function": "bin.catboost_.main",
    "gpus": [
        "NVIDIA GeForce RTX 2080 Ti",
        "NVIDIA GeForce RTX 2080 Ti"
    ],
    "config": {
        "seed": 6,
        "data": {
            "seed": 0,
            "num_policy": null,
            "cat_policy": null,
            "cache": true,
            "path": ":data/classif-cat-large-0-covertype",
            "y_policy": null
        },
        "model": {
            "iterations": 4000,
            "early_stopping_rounds": 200,
            "od_pval": 0.001,
            "bagging_temperature": 0.9703352160111305,
            "depth": 11,
            "l2_leaf_reg": 9.77784644638512,
            "leaf_estimation_iterations": 10,
            "learning_rate": 0.08269346929420048,
            "task_type": "CPU",
            "thread_count": 4
        },
        "fit": {
            "logging_level": "Verbose"
        }
    },
    "prediction_type": "probs",
    "time": "0:02:57",
    "best_iteration": 3564,
    "metrics": {
        "train": {
            "0": {
                "precision": 1.0,
                "recall": 1.0,
                "f1-score": 1.0,
                "support": 24902
            },
            "1": {
                "precision": 1.0,
                "recall": 1.0,
                "f1-score": 1.0,
                "support": 25098
            },
            "accuracy": 1.0,
            "macro avg": {
                "precision": 1.0,
                "recall": 1.0,
                "f1-score": 1.0,
                "support": 50000
            },
            "weighted avg": {
                "precision": 1.0,
                "recall": 1.0,
                "f1-score": 1.0,
                "support": 50000
            },
            "cross-entropy": 0.016381779937694442,
            "roc-auc": 1.0,
            "score": 1.0
        },
        "val": {
            "0": {
                "precision": 0.9355775735147825,
                "recall": 0.9394278408182836,
                "f1-score": 0.9374987539623996,
                "support": 25028
            },
            "1": {
                "precision": 0.9390405726004263,
                "recall": 0.9351673874739709,
                "f1-score": 0.9370999779298169,
                "support": 24972
            },
            "accuracy": 0.9373,
            "macro avg": {
                "precision": 0.9373090730576044,
                "recall": 0.9372976141461272,
                "f1-score": 0.9372993659461082,
                "support": 50000
            },
            "weighted avg": {
                "precision": 0.9373071337781166,
                "recall": 0.9373,
                "f1-score": 0.9372995892606865,
                "support": 50000
            },
            "cross-entropy": 0.16204917323025186,
            "roc-auc": 0.9840600520049293,
            "score": 0.9373
        },
        "test": {
            "0": {
                "precision": 0.9357975884562166,
                "recall": 0.9400714853057982,
                "f1-score": 0.9379296681525506,
                "support": 25180
            },
            "1": {
                "precision": 0.9389192471159684,
                "recall": 0.9345688960515713,
                "f1-score": 0.936739020696618,
                "support": 24820
            },
            "accuracy": 0.93734,
            "macro avg": {
                "precision": 0.9373584177860925,
                "recall": 0.9373201906786848,
                "f1-score": 0.9373343444245843,
                "support": 50000
            },
            "weighted avg": {
                "precision": 0.9373471798149173,
                "recall": 0.93734,
                "f1-score": 0.9373386307554257,
                "support": 50000
            },
            "cross-entropy": 0.16052988135606963,
            "roc-auc": 0.9842954002735501,
            "score": 0.93734
        }
    }
}
