{
    "function": "bin.tabr.main",
    "gpus": [
        "A100-SXM-80GB"
    ],
    "config": {
        "seed": 8,
        "batch_size": 256,
        "patience": 16,
        "n_epochs": Infinity,
        "context_size": 96,
        "data": {
            "seed": 0,
            "cache": true,
            "path": ":data/regression-num-medium-2-Ailerons",
            "num_policy": "quantile",
            "cat_policy": null,
            "y_policy": "standard"
        },
        "model": {
            "num_embeddings": null,
            "d_main": 310,
            "context_dropout": 0.36843519361625543,
            "d_multiplier": 2.0,
            "encoder_n_blocks": 0,
            "predictor_n_blocks": 1,
            "mixer_normalization": "auto",
            "dropout0": 0.1266278186694187,
            "dropout1": 0.0,
            "normalization": "LayerNorm",
            "activation": "ReLU"
        },
        "optimizer": {
            "type": "AdamW",
            "lr": 0.0004957651730418233,
            "weight_decay": 0.0
        }
    },
    "n_parameters": 879471,
    "prediction_type": null,
    "best_epoch": 13,
    "metrics": {
        "train": {
            "rmse": 0.00015738708921172087,
            "mae": 0.0001161299407638058,
            "r2": 0.852324472992428,
            "score": -0.00015738708921172087
        },
        "val": {
            "rmse": 0.00015510791028246052,
            "mae": 0.00011687223425949078,
            "r2": 0.8307293226558027,
            "score": -0.00015510791028246052
        },
        "test": {
            "rmse": 0.000161915040862237,
            "mae": 0.00011921632669160964,
            "r2": 0.8473999564644757,
            "score": -0.000161915040862237
        }
    },
    "time": "0:00:25",
    "chunk_size": null,
    "eval_batch_size": 32768
}