{
    "function": "bin.catboost_.main",
    "gpus": [
        "NVIDIA GeForce RTX 2080 Ti",
        "NVIDIA GeForce RTX 2080 Ti"
    ],
    "config": {
        "seed": 11,
        "data": {
            "seed": 0,
            "num_policy": null,
            "cat_policy": null,
            "cache": true,
            "path": ":data/regression-num-medium-0-superconduct",
            "y_policy": "standard"
        },
        "model": {
            "iterations": 4000,
            "early_stopping_rounds": 3999,
            "thread_count": 4,
            "task_type": "CPU",
            "od_pval": 0.001
        },
        "fit": {
            "logging_level": "Verbose"
        }
    },
    "prediction_type": null,
    "time": "0:00:38",
    "best_iteration": 3998,
    "metrics": {
        "train": {
            "rmse": 5.553827167612365,
            "mae": 3.411611824702214,
            "r2": 0.9739062720363365,
            "score": -5.553827167612365
        },
        "val": {
            "rmse": 9.797455393224109,
            "mae": 5.914349434280761,
            "r2": 0.9175534472523225,
            "score": -9.797455393224109
        },
        "test": {
            "rmse": 10.233947929743413,
            "mae": 5.905002387426488,
            "r2": 0.9101774528262073,
            "score": -10.233947929743413
        }
    }
}
