{
    "function": "bin.catboost_.main",
    "gpus": [
        "GeForce RTX 2080 Ti",
        "GeForce RTX 2080 Ti"
    ],
    "config": {
        "seed": 1,
        "data": {
            "seed": 0,
            "num_policy": null,
            "cat_policy": null,
            "cache": true,
            "path": ":data/regression-num-medium-0-elevators",
            "y_policy": "standard"
        },
        "model": {
            "iterations": 4000,
            "early_stopping_rounds": 200,
            "od_pval": 0.001,
            "bagging_temperature": 0.3559424794359568,
            "depth": 5,
            "l2_leaf_reg": 7.356822191244245,
            "leaf_estimation_iterations": 4,
            "learning_rate": 0.041798475211563074,
            "task_type": "CPU",
            "thread_count": 4
        },
        "fit": {
            "logging_level": "Verbose"
        }
    },
    "prediction_type": null,
    "time": "0:00:06",
    "best_iteration": 3945,
    "metrics": {
        "train": {
            "rmse": 0.0012354621585297881,
            "mae": 0.0009262465739526809,
            "r2": 0.9654428126288734,
            "score": -0.0012354621585297881
        },
        "val": {
            "rmse": 0.002059442661586443,
            "mae": 0.0015175766479792693,
            "r2": 0.9067411558977908,
            "score": -0.002059442661586443
        },
        "test": {
            "rmse": 0.0019767536867579434,
            "mae": 0.0014766778858423485,
            "r2": 0.9168671124145916,
            "score": -0.0019767536867579434
        }
    }
}
