{
    "function": "bin.catboost_.main",
    "gpus": [
        "NVIDIA GeForce RTX 2080 Ti",
        "NVIDIA GeForce RTX 2080 Ti"
    ],
    "config": {
        "seed": 14,
        "data": {
            "seed": 0,
            "num_policy": null,
            "cat_policy": null,
            "cache": true,
            "path": ":data/regression-cat-medium-4-analcatdata_supreme",
            "y_policy": "standard"
        },
        "model": {
            "iterations": 4000,
            "early_stopping_rounds": 3999,
            "thread_count": 4,
            "task_type": "CPU",
            "od_pval": 0.001
        },
        "fit": {
            "logging_level": "Verbose"
        }
    },
    "prediction_type": null,
    "time": "0:00:02",
    "best_iteration": 282,
    "metrics": {
        "train": {
            "rmse": 0.059022612286020175,
            "mae": 0.015643523742493445,
            "r2": 0.9879560058211676,
            "score": -0.059022612286020175
        },
        "val": {
            "rmse": 0.06075631556732209,
            "mae": 0.016191542892385172,
            "r2": 0.9904236434644313,
            "score": -0.06075631556732209
        },
        "test": {
            "rmse": 0.07329830569501014,
            "mae": 0.01797662511535379,
            "r2": 0.98253950615613,
            "score": -0.07329830569501014
        }
    }
}
