{
    "function": "bin.catboost_.main",
    "gpus": [
        "GeForce RTX 2080 Ti",
        "GeForce RTX 2080 Ti"
    ],
    "config": {
        "seed": 2,
        "data": {
            "seed": 0,
            "num_policy": null,
            "cat_policy": null,
            "cache": true,
            "path": ":data/classif-num-medium-4-wine",
            "y_policy": null
        },
        "model": {
            "iterations": 4000,
            "early_stopping_rounds": 200,
            "od_pval": 0.001,
            "bagging_temperature": 0.3731414724044049,
            "depth": 7,
            "l2_leaf_reg": 7.8155530145465875,
            "leaf_estimation_iterations": 6,
            "learning_rate": 0.06588050895691451,
            "task_type": "CPU",
            "thread_count": 4
        },
        "fit": {
            "logging_level": "Verbose"
        }
    },
    "prediction_type": "probs",
    "time": "0:00:04",
    "best_iteration": 1984,
    "metrics": {
        "train": {
            "0": {
                "precision": 1.0,
                "recall": 1.0,
                "f1-score": 1.0,
                "support": 899
            },
            "1": {
                "precision": 1.0,
                "recall": 1.0,
                "f1-score": 1.0,
                "support": 888
            },
            "accuracy": 1.0,
            "macro avg": {
                "precision": 1.0,
                "recall": 1.0,
                "f1-score": 1.0,
                "support": 1787
            },
            "weighted avg": {
                "precision": 1.0,
                "recall": 1.0,
                "f1-score": 1.0,
                "support": 1787
            },
            "cross-entropy": 0.024197614856977037,
            "roc-auc": 1.0,
            "score": 1.0
        },
        "val": {
            "0": {
                "precision": 0.8839285714285714,
                "recall": 0.8181818181818182,
                "f1-score": 0.849785407725322,
                "support": 121
            },
            "1": {
                "precision": 0.8135593220338984,
                "recall": 0.8807339449541285,
                "f1-score": 0.8458149779735683,
                "support": 109
            },
            "accuracy": 0.8478260869565217,
            "macro avg": {
                "precision": 0.8487439467312349,
                "recall": 0.8494578815679734,
                "f1-score": 0.8478001928494452,
                "support": 230
            },
            "weighted avg": {
                "precision": 0.8505796662806612,
                "recall": 0.8478260869565217,
                "f1-score": 0.8479037692777517,
                "support": 230
            },
            "cross-entropy": 0.4786025067937451,
            "roc-auc": 0.8933960118280386,
            "score": 0.8478260869565217
        },
        "test": {
            "0": {
                "precision": 0.8151260504201681,
                "recall": 0.754863813229572,
                "f1-score": 0.7838383838383838,
                "support": 257
            },
            "1": {
                "precision": 0.7892976588628763,
                "recall": 0.8428571428571429,
                "f1-score": 0.8151986183074267,
                "support": 280
            },
            "accuracy": 0.8007448789571695,
            "macro avg": {
                "precision": 0.8022118546415222,
                "recall": 0.7988604780433575,
                "f1-score": 0.7995185010729052,
                "support": 537
            },
            "weighted avg": {
                "precision": 0.801658732662176,
                "recall": 0.8007448789571695,
                "f1-score": 0.8001900889619071,
                "support": 537
            },
            "cross-entropy": 0.47175634545393114,
            "roc-auc": 0.8870900500277933,
            "score": 0.8007448789571695
        }
    }
}
