{
    "function": "bin.ensemble.main",
    "config": {
        "seeds": [
            5,
            6,
            7,
            8,
            9
        ]
    },
    "single_model_function": "bin.xgboost_.main",
    "data": ":data/regression-num-medium-1-wine_quality",
    "prediction_type": null,
    "metrics": {
        "train": {
            "rmse": 0.044709620253051884,
            "mae": 0.0338152738926345,
            "r2": 0.9974162613885598,
            "score": -0.044709620253051884
        },
        "val": {
            "rmse": 0.5855071890654331,
            "mae": 0.40997216901237366,
            "r2": 0.5263885754265352,
            "score": -0.5855071890654331
        },
        "test": {
            "rmse": 0.5852843565777694,
            "mae": 0.40349599203937103,
            "r2": 0.5369294427790876,
            "score": -0.5852843565777694
        }
    }
}
