{
    "function": "bin.ft_transformer.main",
    "gpus": [
        "A100-SXM-80GB"
    ],
    "config": {
        "seed": 7,
        "batch_size": 64,
        "patience": 16,
        "n_epochs": Infinity,
        "data": {
            "seed": 0,
            "cache": true,
            "path": ":data/classif-cat-medium-0-KDDCup09_upselling",
            "num_policy": "quantile",
            "cat_policy": "ordinal",
            "y_policy": null
        },
        "optimizer": {
            "type": "AdamW",
            "lr": 4.0837959981604614e-05,
            "weight_decay": 0.0
        },
        "model": {
            "d_token": 272,
            "n_blocks": 2,
            "attention_dropout": 0.15380960988240738,
            "ffn_d_hidden_factor": 1.6777924088588332,
            "ffn_dropout": 0.08440791950103835,
            "residual_dropout": 0.0
        }
    },
    "n_parameters": 1383857,
    "prediction_type": "logits",
    "best_epoch": 3,
    "metrics": {
        "train": {
            "0": {
                "precision": 0.807177289769684,
                "recall": 0.8344407530454042,
                "f1-score": 0.8205826300027225,
                "support": 1806
            },
            "1": {
                "precision": 0.8263646922183507,
                "recall": 0.7980931015143017,
                "f1-score": 0.8119828815977175,
                "support": 1783
            },
            "accuracy": 0.8163833937029813,
            "macro avg": {
                "precision": 0.8167709909940173,
                "recall": 0.816266927279853,
                "f1-score": 0.8162827558002199,
                "support": 3589
            },
            "weighted avg": {
                "precision": 0.8167095100444047,
                "recall": 0.8163833937029813,
                "f1-score": 0.8163103114164523,
                "support": 3589
            },
            "cross-entropy": 0.3595311586357855,
            "roc-auc": 0.9136669132430131,
            "score": 0.8163833937029813
        },
        "val": {
            "0": {
                "precision": 0.8038277511961722,
                "recall": 0.8076923076923077,
                "f1-score": 0.8057553956834532,
                "support": 208
            },
            "1": {
                "precision": 0.84,
                "recall": 0.8366533864541833,
                "f1-score": 0.8383233532934131,
                "support": 251
            },
            "accuracy": 0.8235294117647058,
            "macro avg": {
                "precision": 0.8219138755980862,
                "recall": 0.8221728470732454,
                "f1-score": 0.8220393744884331,
                "support": 459
            },
            "weighted avg": {
                "precision": 0.8236082184069801,
                "recall": 0.8235294117647058,
                "f1-score": 0.8235648888427123,
                "support": 459
            },
            "cross-entropy": 0.3380772113036402,
            "roc-auc": 0.9202612626417407,
            "score": 0.8235294117647058
        },
        "test": {
            "0": {
                "precision": 0.8051001821493625,
                "recall": 0.8065693430656934,
                "f1-score": 0.8058340929808568,
                "support": 548
            },
            "1": {
                "precision": 0.7988614800759013,
                "recall": 0.7973484848484849,
                "f1-score": 0.7981042654028436,
                "support": 528
            },
            "accuracy": 0.8020446096654275,
            "macro avg": {
                "precision": 0.801980831112632,
                "recall": 0.8019589139570891,
                "f1-score": 0.8019691791918502,
                "support": 1076
            },
            "weighted avg": {
                "precision": 0.8020388116151733,
                "recall": 0.8020446096654275,
                "f1-score": 0.8020410177381143,
                "support": 1076
            },
            "cross-entropy": 0.39233669432753665,
            "roc-auc": 0.9031775326255254,
            "score": 0.8020446096654275
        }
    },
    "time": "0:00:26",
    "chunk_size": null,
    "eval_batch_size": 32768
}
