{
    "function": "bin.tabr.main",
    "gpus": [
        "A100-SXM-80GB"
    ],
    "config": {
        "seed": 14,
        "batch_size": 128,
        "patience": 16,
        "n_epochs": Infinity,
        "context_size": 96,
        "data": {
            "seed": 0,
            "cache": true,
            "path": ":data/regression-num-medium-1-cpu_act",
            "num_policy": "quantile",
            "cat_policy": null,
            "y_policy": "standard"
        },
        "model": {
            "d_main": 354,
            "context_dropout": 0.36568126632588704,
            "d_multiplier": 2.0,
            "encoder_n_blocks": 1,
            "predictor_n_blocks": 1,
            "mixer_normalization": "auto",
            "dropout0": 0.42300540796633684,
            "dropout1": 0.0,
            "normalization": "LayerNorm",
            "activation": "ReLU",
            "num_embeddings": {
                "type": "PLREmbeddings",
                "n_frequencies": 89,
                "frequency_scale": 0.028369399949505714,
                "d_embedding": 11,
                "lite": true
            }
        },
        "optimizer": {
            "type": "AdamW",
            "lr": 3.6148516902394856e-05,
            "weight_decay": 0.0
        }
    },
    "n_parameters": 1721447,
    "prediction_type": null,
    "best_epoch": 151,
    "metrics": {
        "train": {
            "rmse": 1.8408767749480055,
            "mae": 1.3382326914953353,
            "r2": 0.9894189426333048,
            "score": -1.8408767749480055
        },
        "val": {
            "rmse": 1.9534434443125162,
            "mae": 1.4173139967031716,
            "r2": 0.9914889385688567,
            "score": -1.9534434443125162
        },
        "test": {
            "rmse": 2.179143218989904,
            "mae": 1.5050253983177697,
            "r2": 0.986501102042371,
            "score": -2.179143218989904
        }
    },
    "time": "0:01:42",
    "chunk_size": null,
    "eval_batch_size": 32768
}