{
    "function": "bin.lightgbm_.main",
    "gpus": [
        "GeForce RTX 2080 Ti",
        "GeForce RTX 2080 Ti"
    ],
    "config": {
        "seed": 2,
        "data": {
            "seed": 0,
            "num_policy": null,
            "cache": true,
            "path": ":data/classif-cat-medium-0-rl",
            "cat_policy": "one-hot",
            "y_policy": null
        },
        "model": {
            "n_estimators": 4000,
            "n_jobs": 4,
            "feature_fraction": 0.8114708066325473,
            "lambda_l2": 3.0510891312664246,
            "learning_rate": 0.030644094728477515,
            "num_leaves": 422,
            "min_sum_hessian_in_leaf": 0.37670407050299126,
            "bagging_fraction": 0.86634871641919
        },
        "fit": {
            "early_stopping_rounds": 200,
            "verbose": true
        }
    },
    "prediction_type": "probs",
    "time": "0:00:01",
    "best_iteration": 204,
    "metrics": {
        "train": {
            "0": {
                "precision": 0.9591954022988506,
                "recall": 0.944538766270515,
                "f1-score": 0.9518106643855146,
                "support": 1767
            },
            "1": {
                "precision": 0.9436457734330075,
                "recall": 0.9585280373831776,
                "f1-score": 0.9510286873370037,
                "support": 1712
            },
            "accuracy": 0.9514228226501869,
            "macro avg": {
                "precision": 0.951420587865929,
                "recall": 0.9515334018268463,
                "f1-score": 0.9514196758612592,
                "support": 3479
            },
            "weighted avg": {
                "precision": 0.9515435010001085,
                "recall": 0.9514228226501869,
                "f1-score": 0.9514258570537956,
                "support": 3479
            },
            "cross-entropy": 0.24937658914219307,
            "roc-auc": 0.9904548736175682,
            "score": 0.9514228226501869
        },
        "val": {
            "0": {
                "precision": 0.759090909090909,
                "recall": 0.780373831775701,
                "f1-score": 0.7695852534562212,
                "support": 214
            },
            "1": {
                "precision": 0.7920353982300885,
                "recall": 0.771551724137931,
                "f1-score": 0.7816593886462883,
                "support": 232
            },
            "accuracy": 0.7757847533632287,
            "macro avg": {
                "precision": 0.7755631536604988,
                "recall": 0.775962777956816,
                "f1-score": 0.7756223210512547,
                "support": 446
            },
            "weighted avg": {
                "precision": 0.7762279527686885,
                "recall": 0.7757847533632287,
                "f1-score": 0.7758659695192158,
                "support": 446
            },
            "cross-entropy": 0.48177228119200244,
            "roc-auc": 0.8460965194972607,
            "score": 0.7757847533632287
        },
        "test": {
            "0": {
                "precision": 0.7784552845528455,
                "recall": 0.7629482071713147,
                "f1-score": 0.7706237424547282,
                "support": 502
            },
            "1": {
                "precision": 0.7836363636363637,
                "recall": 0.7981481481481482,
                "f1-score": 0.7908256880733945,
                "support": 540
            },
            "accuracy": 0.781190019193858,
            "macro avg": {
                "precision": 0.7810458240946045,
                "recall": 0.7805481776597314,
                "f1-score": 0.7807247152640613,
                "support": 1042
            },
            "weighted avg": {
                "precision": 0.7811402967458396,
                "recall": 0.781190019193858,
                "f1-score": 0.7810930808751503,
                "support": 1042
            },
            "cross-entropy": 0.45667684435197126,
            "roc-auc": 0.8639497565294378,
            "score": 0.781190019193858
        }
    }
}
