{
    "function": "bin.tabr_scaling.main",
    "gpus": [
        "NVIDIA A100-SXM4-80GB"
    ],
    "config": {
        "seed": 4,
        "batch_size": 512,
        "patience": 16,
        "n_epochs": Infinity,
        "context_size": 96,
        "freeze_contexts_after_n_epochs": 4,
        "data": {
            "seed": 0,
            "cache": true,
            "path": ":data/higgs-small",
            "num_policy": "quantile",
            "cat_policy": null,
            "y_policy": null
        },
        "model": {
            "num_embeddings": null,
            "d_main": 265,
            "mixer_dropout": 0.38920071545944357,
            "d_multiplier": 2.0,
            "encoder_n_blocks": 0,
            "predictor_n_blocks": 1,
            "mixer_normalization": "auto",
            "dropout0": 0.38852797479169876,
            "dropout1": 0.0,
            "normalization": "LayerNorm",
            "activation": "ReLU"
        },
        "optimizer": {
            "type": "AdamW",
            "lr": 0.0003121273641315169,
            "weight_decay": 1.2260352006404615e-06
        }
    },
    "n_parameters": 643156,
    "prediction_type": "logits",
    "best_epoch": 23,
    "metrics": {
        "train": {
            "0": {
                "precision": 0.7678042805131171,
                "recall": 0.7627949428706646,
                "f1-score": 0.765291414424039,
                "support": 29582
            },
            "1": {
                "precision": 0.7896708830405851,
                "recall": 0.7942657300491422,
                "f1-score": 0.7919616419413505,
                "support": 33169
            },
            "accuracy": 0.7794298098835079,
            "macro avg": {
                "precision": 0.7787375817768512,
                "recall": 0.7785303364599034,
                "f1-score": 0.7786265281826947,
                "support": 62751
            },
            "weighted avg": {
                "precision": 0.7793625559068731,
                "recall": 0.7794298098835079,
                "f1-score": 0.7793887957649214,
                "support": 62751
            },
            "cross-entropy": 0.46220589405795365,
            "roc-auc": 0.8635048755002823,
            "score": 0.7794298098835079
        },
        "val": {
            "0": {
                "precision": 0.7186887083216588,
                "recall": 0.6936181719848566,
                "f1-score": 0.7059309205999725,
                "support": 7396
            },
            "1": {
                "precision": 0.7349707602339182,
                "recall": 0.7578388808490111,
                "f1-score": 0.7462296639353997,
                "support": 8292
            },
            "accuracy": 0.7275624681285059,
            "macro avg": {
                "precision": 0.7268297342777885,
                "recall": 0.7257285264169339,
                "f1-score": 0.7260802922676861,
                "support": 15688
            },
            "weighted avg": {
                "precision": 0.7272946985343344,
                "recall": 0.7275624681285059,
                "f1-score": 0.7272310977887386,
                "support": 15688
            },
            "cross-entropy": 0.5372959098203884,
            "roc-auc": 0.8034927061915582,
            "score": 0.7275624681285059
        },
        "test": {
            "0": {
                "precision": 0.7045031226032651,
                "recall": 0.6955110870740941,
                "f1-score": 0.6999782277378621,
                "support": 9245
            },
            "1": {
                "precision": 0.7314699990460746,
                "recall": 0.7397973950795947,
                "f1-score": 0.7356101304681504,
                "support": 10365
            },
            "accuracy": 0.7189189189189189,
            "macro avg": {
                "precision": 0.7179865608246698,
                "recall": 0.7176542410768445,
                "f1-score": 0.7177941791030062,
                "support": 19610
            },
            "weighted avg": {
                "precision": 0.7187566501060555,
                "recall": 0.7189189189189189,
                "f1-score": 0.7188117143161098,
                "support": 19610
            },
            "cross-entropy": 0.5445836361524724,
            "roc-auc": 0.7967638156973026,
            "score": 0.7189189189189189
        }
    },
    "time": "0:01:22",
    "chunk_size": null,
    "eval_batch_size": 32768
}