{
    "function": "bin.ensemble.main",
    "config": {
        "seeds": [
            0,
            1,
            2,
            3,
            4
        ]
    },
    "single_model_function": "bin.tabr.main",
    "data": ":data/regression-cat-medium-0-house_sales",
    "prediction_type": null,
    "metrics": {
        "train": {
            "rmse": 0.15039561059577247,
            "mae": 0.1080144627828119,
            "r2": 0.9187334899581279,
            "score": -0.15039561059577247
        },
        "val": {
            "rmse": 0.16861541166373273,
            "mae": 0.11814124121854341,
            "r2": 0.8986173207301658,
            "score": -0.16861541166373273
        },
        "test": {
            "rmse": 0.16690535562070757,
            "mae": 0.1173419655892074,
            "r2": 0.89865532685577,
            "score": -0.16690535562070757
        }
    }
}