{
    "function": "bin.xgboost_.main",
    "gpus": [
        "NVIDIA GeForce RTX 2080 Ti"
    ],
    "config": {
        "seed": 5,
        "data": {
            "seed": 0,
            "num_policy": null,
            "cache": true,
            "path": ":data/regression-cat-medium-0-Mercedes_Benz_Greener_Manufacturing",
            "cat_policy": "one-hot",
            "y_policy": "standard"
        },
        "model": {
            "booster": "gbtree",
            "n_estimators": 4000,
            "n_jobs": 1,
            "tree_method": "gpu_hist",
            "use_label_encoder": false,
            "colsample_bytree": 0.9889519496619655,
            "gamma": 0,
            "lambda": 0.0,
            "learning_rate": 0.006626481203571502,
            "max_depth": 3,
            "min_child_weight": 0.0015889349641641528,
            "subsample": 0.9996198003334649
        },
        "fit": {
            "early_stopping_rounds": 200,
            "verbose": true
        },
        "neighbors": null
    },
    "prediction_type": null,
    "time": "0:00:02",
    "best_iteration": 917,
    "metrics": {
        "train": {
            "rmse": 7.476556874837818,
            "mae": 5.019055059316429,
            "r2": 0.6393184281440462,
            "score": -7.476556874837818
        },
        "val": {
            "rmse": 8.087371467329891,
            "mae": 5.442139625734399,
            "r2": 0.5793892642323107,
            "score": -8.087371467329891
        },
        "test": {
            "rmse": 9.820777730196854,
            "mae": 5.426534053547073,
            "r2": 0.46946275534304316,
            "score": -9.820777730196854
        }
    }
}
