{
    "function": "bin.tabr_design.main",
    "gpus": [
        "A100-SXM-80GB"
    ],
    "config": {
        "seed": 14,
        "batch_size": 512,
        "patience": 16,
        "n_epochs": Infinity,
        "context_size": 96,
        "data": {
            "seed": 0,
            "cache": true,
            "path": ":data/higgs-small",
            "num_policy": "quantile",
            "cat_policy": null,
            "y_policy": null
        },
        "model": {
            "num_embeddings": null,
            "d_main": 233,
            "context_dropout": 0.022698750445351967,
            "d_multiplier": 2.0,
            "encoder_n_blocks": 0,
            "predictor_n_blocks": 1,
            "mixer_normalization": "auto",
            "dropout0": 0.5511108831687963,
            "dropout1": 0.0,
            "normalization": "LayerNorm",
            "activation": "ReLU",
            "dot_product": false,
            "use_Q": false,
            "use_V": false,
            "use_labels": true,
            "use_T": true,
            "self_attention": true,
            "scale_similarities": true
        },
        "optimizer": {
            "type": "AdamW",
            "lr": 0.00013077608913054635,
            "weight_decay": 3.8863442943628184e-06
        }
    },
    "n_parameters": 498621,
    "prediction_type": "logits",
    "best_epoch": 28,
    "metrics": {
        "train": {
            "0": {
                "precision": 0.7437014844069182,
                "recall": 0.7384220133865188,
                "f1-score": 0.7410523458968009,
                "support": 29582
            },
            "1": {
                "precision": 0.7681775966925313,
                "recall": 0.7730410925864512,
                "f1-score": 0.7706016709743343,
                "support": 33169
            },
            "accuracy": 0.7567210084301446,
            "macro avg": {
                "precision": 0.7559395405497247,
                "recall": 0.755731552986485,
                "f1-score": 0.7558270084355676,
                "support": 62751
            },
            "weighted avg": {
                "precision": 0.7566390976465717,
                "recall": 0.7567210084301446,
                "f1-score": 0.7566715641323144,
                "support": 62751
            },
            "cross-entropy": 0.490764982441259,
            "roc-auc": 0.8400348696424464,
            "score": 0.7567210084301446
        },
        "val": {
            "0": {
                "precision": 0.722376457523598,
                "recall": 0.7036235803136831,
                "f1-score": 0.7128767123287673,
                "support": 7396
            },
            "1": {
                "precision": 0.7416313059877416,
                "recall": 0.758803666184274,
                "f1-score": 0.7501192179303767,
                "support": 8292
            },
            "accuracy": 0.7327893931667516,
            "macro avg": {
                "precision": 0.7320038817556698,
                "recall": 0.7312136232489785,
                "f1-score": 0.731497965129572,
                "support": 15688
            },
            "weighted avg": {
                "precision": 0.7325537397434271,
                "recall": 0.7327893931667516,
                "f1-score": 0.7325614941013672,
                "support": 15688
            },
            "cross-entropy": 0.5265744988358331,
            "roc-auc": 0.8116588131105404,
            "score": 0.7327893931667516
        },
        "test": {
            "0": {
                "precision": 0.7030157342657343,
                "recall": 0.6959437533802055,
                "f1-score": 0.6994618687829538,
                "support": 9245
            },
            "1": {
                "precision": 0.7312105565117614,
                "recall": 0.7377713458755427,
                "f1-score": 0.7344763002449215,
                "support": 10365
            },
            "accuracy": 0.7180520142784294,
            "macro avg": {
                "precision": 0.7171131453887478,
                "recall": 0.7168575496278742,
                "f1-score": 0.7169690845139376,
                "support": 19610
            },
            "weighted avg": {
                "precision": 0.7179183009449832,
                "recall": 0.7180520142784294,
                "f1-score": 0.7179689866872524,
                "support": 19610
            },
            "cross-entropy": 0.5397493949836178,
            "roc-auc": 0.8017404069995724,
            "score": 0.7180520142784294
        }
    },
    "time": "0:01:54",
    "chunk_size": null,
    "eval_batch_size": 32768
}