{
    "function": "bin.ft_transformer.main",
    "gpus": [
        "A100-SXM-80GB"
    ],
    "config": {
        "seed": 12,
        "batch_size": 256,
        "patience": 16,
        "n_epochs": Infinity,
        "data": {
            "seed": 0,
            "cache": true,
            "path": ":data/regression-num-medium-0-fifa",
            "num_policy": "quantile",
            "cat_policy": null,
            "y_policy": "standard"
        },
        "optimizer": {
            "type": "AdamW",
            "lr": 7.120596738751607e-05,
            "weight_decay": 7.930146250967693e-06
        },
        "model": {
            "d_token": 248,
            "n_blocks": 3,
            "attention_dropout": 0.3579943564744576,
            "ffn_d_hidden_factor": 2.040729117855148,
            "ffn_dropout": 0.111607479849668,
            "residual_dropout": 0.03798480730309016
        }
    },
    "n_parameters": 1880149,
    "prediction_type": null,
    "best_epoch": 48,
    "metrics": {
        "train": {
            "rmse": 0.7626946249597528,
            "mae": 0.5570046668607844,
            "r2": 0.6847581292041796,
            "score": -0.7626946249597528
        },
        "val": {
            "rmse": 0.7643214576953571,
            "mae": 0.563579563602385,
            "r2": 0.6891004149767898,
            "score": -0.7643214576953571
        },
        "test": {
            "rmse": 0.8065014150905359,
            "mae": 0.5887292956213912,
            "r2": 0.6477980126550777,
            "score": -0.8065014150905359
        }
    },
    "time": "0:00:34",
    "chunk_size": null,
    "eval_batch_size": 32768
}
