{
    "function": "bin.ft_transformer.main",
    "gpus": [
        "A100-SXM-80GB"
    ],
    "config": {
        "seed": 3,
        "batch_size": 256,
        "patience": 16,
        "n_epochs": Infinity,
        "data": {
            "seed": 0,
            "cache": true,
            "path": ":data/classif-cat-medium-0-compass",
            "num_policy": "quantile",
            "cat_policy": "ordinal",
            "y_policy": null
        },
        "optimizer": {
            "type": "AdamW",
            "lr": 8.243104408212513e-05,
            "weight_decay": 9.884881307069226e-06
        },
        "model": {
            "d_token": 304,
            "n_blocks": 3,
            "attention_dropout": 0.3707569806328771,
            "ffn_d_hidden_factor": 2.5243515964842067,
            "ffn_dropout": 0.023582190110645718,
            "residual_dropout": 0.0
        }
    },
    "n_parameters": 3243419,
    "prediction_type": "logits",
    "best_epoch": 105,
    "metrics": {
        "train": {
            "0": {
                "precision": 0.9691491452151699,
                "recall": 0.9795431976166832,
                "f1-score": 0.9743184512050573,
                "support": 5035
            },
            "1": {
                "precision": 0.9790266748116473,
                "recall": 0.9683786505538772,
                "f1-score": 0.9736735520453624,
                "support": 4965
            },
            "accuracy": 0.974,
            "macro avg": {
                "precision": 0.9740879100134086,
                "recall": 0.9739609240852802,
                "f1-score": 0.9739960016252098,
                "support": 10000
            },
            "weighted avg": {
                "precision": 0.974053338659821,
                "recall": 0.974,
                "f1-score": 0.9739982587722686,
                "support": 10000
            },
            "cross-entropy": 0.06706012598233345,
            "roc-auc": 0.9975883618297295,
            "score": 0.974
        },
        "val": {
            "0": {
                "precision": 0.7642357642357642,
                "recall": 0.7862281603288798,
                "f1-score": 0.7750759878419452,
                "support": 973
            },
            "1": {
                "precision": 0.7903225806451613,
                "recall": 0.7686274509803922,
                "f1-score": 0.7793240556660038,
                "support": 1020
            },
            "accuracy": 0.7772202709483191,
            "macro avg": {
                "precision": 0.7772791724404627,
                "recall": 0.777427805654636,
                "f1-score": 0.7772000217539745,
                "support": 1993
            },
            "weighted avg": {
                "precision": 0.7775867691216574,
                "recall": 0.7772202709483191,
                "f1-score": 0.7772501118663003,
                "support": 1993
            },
            "cross-entropy": 0.8471885966503505,
            "roc-auc": 0.8398242750337546,
            "score": 0.7772202709483191
        },
        "test": {
            "0": {
                "precision": 0.7575107296137339,
                "recall": 0.7630782533506268,
                "f1-score": 0.7602842989446479,
                "support": 2313
            },
            "1": {
                "precision": 0.7637931034482759,
                "recall": 0.7582370560547711,
                "f1-score": 0.7610049388018038,
                "support": 2337
            },
            "accuracy": 0.7606451612903226,
            "macro avg": {
                "precision": 0.7606519165310048,
                "recall": 0.760657654702699,
                "f1-score": 0.7606446188732259,
                "support": 4650
            },
            "weighted avg": {
                "precision": 0.7606681291086425,
                "recall": 0.7606451612903226,
                "f1-score": 0.7606464785889863,
                "support": 4650
            },
            "cross-entropy": 0.910011562234336,
            "roc-auc": 0.8272915953270394,
            "score": 0.7606451612903226
        }
    },
    "time": "0:01:22",
    "chunk_size": null,
    "eval_batch_size": 32768
}
