{
    "function": "bin.tabr.main",
    "gpus": [
        "A100-SXM-80GB"
    ],
    "config": {
        "seed": 5,
        "batch_size": 128,
        "patience": 16,
        "n_epochs": Infinity,
        "context_size": 96,
        "data": {
            "seed": 0,
            "cache": true,
            "path": ":data/regression-num-medium-2-isolet",
            "num_policy": "quantile",
            "cat_policy": null,
            "y_policy": "standard"
        },
        "model": {
            "num_embeddings": null,
            "d_main": 252,
            "context_dropout": 0.47457689504836115,
            "d_multiplier": 2.0,
            "encoder_n_blocks": 0,
            "predictor_n_blocks": 1,
            "mixer_normalization": "auto",
            "dropout0": 0.5888194448587972,
            "dropout1": 0.0,
            "normalization": "LayerNorm",
            "activation": "ReLU"
        },
        "optimizer": {
            "type": "AdamW",
            "lr": 8.580156402631488e-05,
            "weight_decay": 0.0
        }
    },
    "n_parameters": 729541,
    "prediction_type": null,
    "best_epoch": 78,
    "metrics": {
        "train": {
            "rmse": 0.374815654242858,
            "mae": 0.2599941360623106,
            "r2": 0.9975121338616073,
            "score": -0.374815654242858
        },
        "val": {
            "rmse": 2.5023372633481977,
            "mae": 0.9045162307914723,
            "r2": 0.8858157269135023,
            "score": -2.5023372633481977
        },
        "test": {
            "rmse": 1.8784401734743215,
            "mae": 0.7564486690664083,
            "r2": 0.9371312129756447,
            "score": -1.8784401734743215
        }
    },
    "time": "0:00:36",
    "chunk_size": null,
    "eval_batch_size": 32768
}