{
    "function": "bin.tabr_scaling.main",
    "gpus": [
        "NVIDIA A100-SXM4-80GB"
    ],
    "config": {
        "seed": 10,
        "batch_size": 1024,
        "patience": 16,
        "n_epochs": Infinity,
        "context_size": 96,
        "freeze_contexts_after_n_epochs": 1,
        "data": {
            "seed": 0,
            "cache": true,
            "path": ":data/covtype",
            "num_policy": "quantile",
            "cat_policy": null,
            "y_policy": null
        },
        "model": {
            "num_embeddings": null,
            "d_main": 265,
            "mixer_dropout": 0.38920071545944357,
            "d_multiplier": 2.0,
            "encoder_n_blocks": 0,
            "predictor_n_blocks": 1,
            "mixer_normalization": "auto",
            "dropout0": 0.38852797479169876,
            "dropout1": 0.0,
            "normalization": "LayerNorm",
            "activation": "ReLU"
        },
        "optimizer": {
            "type": "AdamW",
            "lr": 0.0003121273641315169,
            "weight_decay": 1.2260352006404615e-06
        }
    },
    "n_parameters": 652967,
    "prediction_type": "logits",
    "best_epoch": 37,
    "metrics": {
        "train": {
            "0": {
                "precision": 0.9747058257956202,
                "recall": 0.9720529879478972,
                "f1-score": 0.9733775993677688,
                "support": 135578
            },
            "1": {
                "precision": 0.9764080695063445,
                "recall": 0.9799461701376633,
                "f1-score": 0.9781739204637732,
                "support": 181312
            },
            "2": {
                "precision": 0.977856860419138,
                "recall": 0.9726859540249978,
                "f1-score": 0.975264553162588,
                "support": 22882
            },
            "3": {
                "precision": 0.9243553008595988,
                "recall": 0.9169982944855031,
                "f1-score": 0.9206621004566209,
                "support": 1759
            },
            "4": {
                "precision": 0.9343622795115333,
                "recall": 0.9068312757201646,
                "f1-score": 0.9203909447832261,
                "support": 6075
            },
            "5": {
                "precision": 0.9593853895228682,
                "recall": 0.9605937921727395,
                "f1-score": 0.9599892105736378,
                "support": 11115
            },
            "6": {
                "precision": 0.9720657634343127,
                "recall": 0.9729544415663568,
                "f1-score": 0.9725098994821809,
                "support": 13126
            },
            "accuracy": 0.9743039475913481,
            "macro avg": {
                "precision": 0.9598770698642023,
                "recall": 0.9545804165793317,
                "f1-score": 0.9571954611842565,
                "support": 371847
            },
            "weighted avg": {
                "precision": 0.9742813110386628,
                "recall": 0.9743039475913481,
                "f1-score": 0.9742865376890701,
                "support": 371847
            },
            "cross-entropy": 0.06145407045664494,
            "score": 0.9743039475913481
        },
        "val": {
            "0": {
                "precision": 0.9740324963072378,
                "recall": 0.9727680415412757,
                "f1-score": 0.9733998582900331,
                "support": 33894
            },
            "1": {
                "precision": 0.9768839574664817,
                "recall": 0.9789313448641016,
                "f1-score": 0.9779065795418233,
                "support": 45328
            },
            "2": {
                "precision": 0.9738962859145059,
                "recall": 0.9716832721552177,
                "f1-score": 0.9727885204304838,
                "support": 5721
            },
            "3": {
                "precision": 0.9154929577464789,
                "recall": 0.8883826879271071,
                "f1-score": 0.9017341040462429,
                "support": 439
            },
            "4": {
                "precision": 0.928958051420839,
                "recall": 0.9038841342988808,
                "f1-score": 0.9162495829162495,
                "support": 1519
            },
            "5": {
                "precision": 0.9557872034507549,
                "recall": 0.9568189996401584,
                "f1-score": 0.9563028232332315,
                "support": 2779
            },
            "6": {
                "precision": 0.9687405159332322,
                "recall": 0.9725776965265083,
                "f1-score": 0.970655313972936,
                "support": 3282
            },
            "accuracy": 0.9736989307458962,
            "macro avg": {
                "precision": 0.9562559240342187,
                "recall": 0.9492923109933213,
                "f1-score": 0.9527195403472858,
                "support": 92962
            },
            "weighted avg": {
                "precision": 0.973669260620862,
                "recall": 0.9736989307458962,
                "f1-score": 0.973679439277203,
                "support": 92962
            },
            "cross-entropy": 0.06508082564938164,
            "score": 0.9736989307458962
        },
        "test": {
            "0": {
                "precision": 0.9738376226361439,
                "recall": 0.9699301359516617,
                "f1-score": 0.9718799517536598,
                "support": 42368
            },
            "1": {
                "precision": 0.9745140085070482,
                "recall": 0.9785213815499197,
                "f1-score": 0.9765135837259478,
                "support": 56661
            },
            "2": {
                "precision": 0.9733707077785564,
                "recall": 0.9711928401622151,
                "f1-score": 0.9722805543889121,
                "support": 7151
            },
            "3": {
                "precision": 0.9075785582255084,
                "recall": 0.8943533697632058,
                "f1-score": 0.9009174311926607,
                "support": 549
            },
            "4": {
                "precision": 0.9196282121377802,
                "recall": 0.8857293312269615,
                "f1-score": 0.9023605150214593,
                "support": 1899
            },
            "5": {
                "precision": 0.9524355300859599,
                "recall": 0.9570976101353297,
                "f1-score": 0.954760878931495,
                "support": 3473
            },
            "6": {
                "precision": 0.967930029154519,
                "recall": 0.9712335446123842,
                "f1-score": 0.9695789729861282,
                "support": 4102
            },
            "accuracy": 0.9721263650680275,
            "macro avg": {
                "precision": 0.9527563812179308,
                "recall": 0.9468654590573827,
                "f1-score": 0.9497559840000376,
                "support": 116203
            },
            "weighted avg": {
                "precision": 0.9720915702872239,
                "recall": 0.9721263650680275,
                "f1-score": 0.9720997562481072,
                "support": 116203
            },
            "cross-entropy": 0.06705596979150942,
            "score": 0.9721263650680275
        }
    },
    "time": "0:12:52",
    "chunk_size": null,
    "eval_batch_size": 32768
}