{
    "function": "bin.ffn.main",
    "gpus": [
        "A100-SXM-80GB"
    ],
    "config": {
        "seed": 14,
        "batch_size": 256,
        "patience": 16,
        "n_epochs": Infinity,
        "data": {
            "seed": 0,
            "cache": true,
            "path": ":data/classif-num-medium-1-bank-marketing",
            "num_policy": "quantile",
            "cat_policy": null,
            "y_policy": null
        },
        "optimizer": {
            "type": "AdamW",
            "lr": 0.0005539686719177902,
            "weight_decay": 5.428569836380419e-05
        },
        "model": {
            "num_embeddings": null,
            "backbone": {
                "type": "MLP",
                "n_blocks": 6,
                "d_layer": 227,
                "dropout": 0.0,
                "activation": "ReLU"
            }
        }
    },
    "n_parameters": 260824,
    "prediction_type": "logits",
    "best_epoch": 13,
    "metrics": {
        "train": {
            "0": {
                "precision": 0.7998921251348435,
                "recall": 0.8103825136612022,
                "f1-score": 0.8051031487513571,
                "support": 3660
            },
            "1": {
                "precision": 0.8122294372294372,
                "recall": 0.8018162393162394,
                "f1-score": 0.8069892473118279,
                "support": 3744
            },
            "accuracy": 0.8060507833603457,
            "macro avg": {
                "precision": 0.8060607811821403,
                "recall": 0.8060993764887208,
                "f1-score": 0.8060461980315925,
                "support": 7404
            },
            "weighted avg": {
                "precision": 0.8061307659347029,
                "recall": 0.8060507833603457,
                "f1-score": 0.8060568971320166,
                "support": 7404
            },
            "cross-entropy": 0.4251625715488825,
            "roc-auc": 0.8852318171734154,
            "score": 0.8060507833603457
        },
        "val": {
            "0": {
                "precision": 0.8409542743538767,
                "recall": 0.8229571984435797,
                "f1-score": 0.8318584070796461,
                "support": 514
            },
            "1": {
                "precision": 0.7973273942093542,
                "recall": 0.817351598173516,
                "f1-score": 0.8072153325817363,
                "support": 438
            },
            "accuracy": 0.8203781512605042,
            "macro avg": {
                "precision": 0.8191408342816154,
                "recall": 0.8201543983085479,
                "f1-score": 0.8195368698306912,
                "support": 952
            },
            "weighted avg": {
                "precision": 0.8208822433630145,
                "recall": 0.8203781512605042,
                "f1-score": 0.820520521964011,
                "support": 952
            },
            "cross-entropy": 0.41873148279091754,
            "roc-auc": 0.8869152319528097,
            "score": 0.8203781512605042
        },
        "test": {
            "0": {
                "precision": 0.7715289982425307,
                "recall": 0.7874439461883408,
                "f1-score": 0.7794052374611629,
                "support": 1115
            },
            "1": {
                "precision": 0.7813653136531366,
                "recall": 0.7651309846431797,
                "f1-score": 0.7731629392971245,
                "support": 1107
            },
            "accuracy": 0.7763276327632763,
            "macro avg": {
                "precision": 0.7764471559478336,
                "recall": 0.7762874654157603,
                "f1-score": 0.7762840883791438,
                "support": 2222
            },
            "weighted avg": {
                "precision": 0.7764294488093807,
                "recall": 0.7763276327632763,
                "f1-score": 0.776295325639565,
                "support": 2222
            },
            "cross-entropy": 0.47422747564383183,
            "roc-auc": 0.8571601022437727,
            "score": 0.7763276327632763
        }
    },
    "time": "0:00:03",
    "chunk_size": null,
    "eval_batch_size": 32768
}
