{
    "function": "bin.tabr.main",
    "gpus": [
        "A100-SXM-80GB"
    ],
    "config": {
        "seed": 8,
        "batch_size": 256,
        "patience": 16,
        "n_epochs": Infinity,
        "context_size": 96,
        "data": {
            "seed": 0,
            "cache": true,
            "path": ":data/regression-num-medium-1-sulfur",
            "num_policy": "quantile",
            "cat_policy": null,
            "y_policy": "standard"
        },
        "model": {
            "num_embeddings": null,
            "d_main": 178,
            "context_dropout": 0.07246849930610372,
            "d_multiplier": 2.0,
            "encoder_n_blocks": 0,
            "predictor_n_blocks": 1,
            "mixer_normalization": "auto",
            "dropout0": 0.17816144274936432,
            "dropout1": 0.0,
            "normalization": "LayerNorm",
            "activation": "ReLU"
        },
        "optimizer": {
            "type": "AdamW",
            "lr": 0.0007123076082919378,
            "weight_decay": 4.034988105054392e-05
        }
    },
    "n_parameters": 288717,
    "prediction_type": null,
    "best_epoch": 45,
    "metrics": {
        "train": {
            "rmse": 0.014846255649719945,
            "mae": 0.008711652462124742,
            "r2": 0.9184727094848897,
            "score": -0.014846255649719945
        },
        "val": {
            "rmse": 0.023144771787828842,
            "mae": 0.010318337821893508,
            "r2": 0.8666870858836379,
            "score": -0.023144771787828842
        },
        "test": {
            "rmse": 0.024089922240132237,
            "mae": 0.009131108200692573,
            "r2": 0.7794380892898156,
            "score": -0.024089922240132237
        }
    },
    "time": "0:00:15",
    "chunk_size": null,
    "eval_batch_size": 32768
}