{
    "function": "bin.ensemble.main",
    "config": {
        "seeds": [
            10,
            11,
            12,
            13,
            14
        ]
    },
    "single_model_function": "bin.ffn.main",
    "data": ":data/classif-cat-medium-0-KDDCup09_upselling",
    "prediction_type": "probs",
    "metrics": {
        "train": {
            "0": {
                "precision": 0.7533241632278771,
                "recall": 0.9097452934662237,
                "f1-score": 0.8241785803862554,
                "support": 1806
            },
            "1": {
                "precision": 0.8842329545454546,
                "recall": 0.6982613572630398,
                "f1-score": 0.7803196490128487,
                "support": 1783
            },
            "accuracy": 0.8046809696294233,
            "macro avg": {
                "precision": 0.8187785588866658,
                "recall": 0.8040033253646317,
                "f1-score": 0.8022491146995521,
                "support": 3589
            },
            "weighted avg": {
                "precision": 0.8183590963343805,
                "recall": 0.8046809696294233,
                "f1-score": 0.8023896490296701,
                "support": 3589
            },
            "cross-entropy": 0.3811436907534275,
            "roc-auc": 0.9003055186519168,
            "score": 0.8046809696294233
        },
        "val": {
            "0": {
                "precision": 0.7530364372469636,
                "recall": 0.8942307692307693,
                "f1-score": 0.8175824175824175,
                "support": 208
            },
            "1": {
                "precision": 0.8962264150943396,
                "recall": 0.7569721115537849,
                "f1-score": 0.8207343412526998,
                "support": 251
            },
            "accuracy": 0.8191721132897604,
            "macro avg": {
                "precision": 0.8246314261706515,
                "recall": 0.8256014403922771,
                "f1-score": 0.8191583794175586,
                "support": 459
            },
            "weighted avg": {
                "precision": 0.8313385819957465,
                "recall": 0.8191721132897604,
                "f1-score": 0.8193060185437265,
                "support": 459
            },
            "cross-entropy": 0.3461952823532142,
            "roc-auc": 0.9209125038308306,
            "score": 0.8191721132897604
        },
        "test": {
            "0": {
                "precision": 0.7526881720430108,
                "recall": 0.8941605839416058,
                "f1-score": 0.817347789824854,
                "support": 548
            },
            "1": {
                "precision": 0.8635294117647059,
                "recall": 0.6950757575757576,
                "f1-score": 0.770199370409234,
                "support": 528
            },
            "accuracy": 0.7964684014869888,
            "macro avg": {
                "precision": 0.8081087919038583,
                "recall": 0.7946181707586817,
                "f1-score": 0.793773580117044,
                "support": 1076
            },
            "weighted avg": {
                "precision": 0.8070786688581177,
                "recall": 0.7964684014869888,
                "f1-score": 0.7942117624536205,
                "support": 1076
            },
            "cross-entropy": 0.4018281028210813,
            "roc-auc": 0.8936594503428446,
            "score": 0.7964684014869888
        }
    }
}
