{
    "function": "bin.ensemble.main",
    "config": {
        "seeds": [
            0,
            1,
            2,
            3,
            4
        ]
    },
    "single_model_function": "bin.tabr_scaling.main",
    "data": ":data/black-friday",
    "prediction_type": null,
    "metrics": {
        "train": {
            "rmse": 0.6698886627257412,
            "mae": 0.5189187694746384,
            "r2": 0.5504883788816262,
            "score": -0.6698886627257412
        },
        "val": {
            "rmse": 0.6870971436813688,
            "mae": 0.5309302263957617,
            "r2": 0.5265534261350618,
            "score": -0.6870971436813688
        },
        "test": {
            "rmse": 0.6884938747593804,
            "mae": 0.5328339917065602,
            "r2": 0.5295554042439783,
            "score": -0.6884938747593804
        }
    }
}