{
    "function": "bin.ensemble.main",
    "config": {
        "seeds": [
            10,
            11,
            12,
            13,
            14
        ]
    },
    "single_model_function": "bin.tabr.main",
    "data": ":data/classif-num-medium-2-kdd_ipums_la_97-small",
    "prediction_type": "probs",
    "metrics": {
        "train": {
            "0": {
                "precision": 0.9625806451612903,
                "recall": 0.8284286507495836,
                "f1-score": 0.8904804535959415,
                "support": 1801
            },
            "1": {
                "precision": 0.8515136953387794,
                "recall": 0.9683060109289617,
                "f1-score": 0.9061621068780363,
                "support": 1830
            },
            "accuracy": 0.8989259157256954,
            "macro avg": {
                "precision": 0.9070471702500349,
                "recall": 0.8983673308392727,
                "f1-score": 0.8983212802369889,
                "support": 3631
            },
            "weighted avg": {
                "precision": 0.9066036365754475,
                "recall": 0.8989259157256954,
                "f1-score": 0.8983839031983193,
                "support": 3631
            },
            "cross-entropy": 0.24335192217480542,
            "roc-auc": 0.9552064275159823,
            "score": 0.8989259157256954
        },
        "val": {
            "0": {
                "precision": 0.9739583333333334,
                "recall": 0.8201754385964912,
                "f1-score": 0.8904761904761905,
                "support": 228
            },
            "1": {
                "precision": 0.850909090909091,
                "recall": 0.9790794979079498,
                "f1-score": 0.9105058365758756,
                "support": 239
            },
            "accuracy": 0.9014989293361885,
            "macro avg": {
                "precision": 0.9124337121212122,
                "recall": 0.8996274682522205,
                "f1-score": 0.9004910135260331,
                "support": 467
            },
            "weighted avg": {
                "precision": 0.9109845240412693,
                "recall": 0.9014989293361885,
                "f1-score": 0.9007269087156439,
                "support": 467
            },
            "cross-entropy": 0.23493671369650027,
            "roc-auc": 0.9590582103795053,
            "score": 0.9014989293361885
        },
        "test": {
            "0": {
                "precision": 0.9660297239915074,
                "recall": 0.8053097345132744,
                "f1-score": 0.8783783783783784,
                "support": 565
            },
            "1": {
                "precision": 0.8222940226171244,
                "recall": 0.9695238095238096,
                "f1-score": 0.8898601398601399,
                "support": 525
            },
            "accuracy": 0.8844036697247707,
            "macro avg": {
                "precision": 0.894161873304316,
                "recall": 0.887416772018542,
                "f1-score": 0.8841192591192591,
                "support": 1090
            },
            "weighted avg": {
                "precision": 0.8967992256231119,
                "recall": 0.8844036697247707,
                "f1-score": 0.883908584596658,
                "support": 1090
            },
            "cross-entropy": 0.26277415365564805,
            "roc-auc": 0.9459013906447535,
            "score": 0.8844036697247707
        }
    }
}