{
    "function": "bin.xgboost_.main",
    "gpus": [
        "NVIDIA GeForce RTX 2080 Ti"
    ],
    "config": {
        "seed": 9,
        "data": {
            "seed": 0,
            "num_policy": null,
            "cache": true,
            "path": ":data/regression-num-medium-1-pol",
            "cat_policy": null,
            "y_policy": "standard"
        },
        "model": {
            "booster": "gbtree",
            "n_estimators": 4000,
            "n_jobs": 1,
            "tree_method": "gpu_hist",
            "use_label_encoder": false,
            "colsample_bytree": 0.9007315051273415,
            "gamma": 0,
            "lambda": 8.925850148897654,
            "learning_rate": 0.010132032077467002,
            "max_depth": 14,
            "min_child_weight": 0.0011595127685611324,
            "subsample": 0.5006746578271286
        },
        "fit": {
            "early_stopping_rounds": 200,
            "verbose": true
        },
        "neighbors": null
    },
    "prediction_type": null,
    "time": "0:00:39",
    "best_iteration": 3954,
    "metrics": {
        "train": {
            "rmse": 0.279757115418583,
            "mae": 0.11899037195834694,
            "r2": 0.9999546686561651,
            "score": -0.279757115418583
        },
        "val": {
            "rmse": 4.613618375837608,
            "mae": 2.0448275998959105,
            "r2": 0.9881511188339369,
            "score": -4.613618375837608
        },
        "test": {
            "rmse": 4.241764806280532,
            "mae": 1.9008557246777968,
            "r2": 0.9897549517904598,
            "score": -4.241764806280532
        }
    }
}
