{
    "function": "bin.catboost_.main",
    "gpus": [
        "GeForce RTX 2080 Ti",
        "GeForce RTX 2080 Ti"
    ],
    "config": {
        "seed": 6,
        "data": {
            "seed": 0,
            "num_policy": null,
            "cat_policy": null,
            "cache": true,
            "path": ":data/regression-cat-medium-1-Mercedes_Benz_Greener_Manufacturing",
            "y_policy": "standard"
        },
        "model": {
            "iterations": 4000,
            "early_stopping_rounds": 200,
            "od_pval": 0.001,
            "bagging_temperature": 0.20736609289026825,
            "depth": 3,
            "l2_leaf_reg": 9.686774175084851,
            "leaf_estimation_iterations": 9,
            "learning_rate": 0.083766002352501,
            "task_type": "CPU",
            "thread_count": 4
        },
        "fit": {
            "logging_level": "Verbose"
        }
    },
    "prediction_type": null,
    "time": "0:00:01",
    "best_iteration": 58,
    "metrics": {
        "train": {
            "rmse": 8.330302028560917,
            "mae": 5.241811108832694,
            "r2": 0.5697026113154033,
            "score": -8.330302028560917
        },
        "val": {
            "rmse": 9.164007541046752,
            "mae": 5.803170359911925,
            "r2": 0.524945694472126,
            "score": -9.164007541046752
        },
        "test": {
            "rmse": 7.748353598601714,
            "mae": 5.269718898450542,
            "r2": 0.6042715527723601,
            "score": -7.748353598601714
        }
    }
}
