{
    "function": "bin.tabr.main",
    "gpus": [
        "NVIDIA A100-SXM4-80GB"
    ],
    "config": {
        "seed": 2,
        "batch_size": 64,
        "patience": 16,
        "n_epochs": Infinity,
        "context_size": 96,
        "data": {
            "seed": 0,
            "cache": true,
            "path": ":data/regression-cat-medium-0-Mercedes_Benz_Greener_Manufacturing",
            "num_policy": null,
            "cat_policy": "ordinal",
            "y_policy": "standard"
        },
        "model": {
            "num_embeddings": null,
            "d_main": 265,
            "mixer_dropout": 0.38920071545944357,
            "d_multiplier": 2.0,
            "encoder_n_blocks": 0,
            "predictor_n_blocks": 1,
            "mixer_normalization": "auto",
            "dropout0": 0.38852797479169876,
            "dropout1": 0.0,
            "normalization": "LayerNorm",
            "activation": "ReLU"
        },
        "optimizer": {
            "type": "AdamW",
            "lr": 0.0003121273641315169,
            "weight_decay": 1.2260352006404615e-06
        }
    },
    "n_parameters": 736171,
    "prediction_type": null,
    "best_epoch": 0,
    "metrics": {
        "train": {
            "rmse": 7.926273655909616,
            "mae": 5.251003088098685,
            "r2": 0.5946232920987116,
            "score": -7.926273655909616
        },
        "val": {
            "rmse": 8.307461716280118,
            "mae": 5.653148762463587,
            "r2": 0.5561846905764971,
            "score": -8.307461716280118
        },
        "test": {
            "rmse": 9.868225022804616,
            "mae": 5.589231289084097,
            "r2": 0.4643240812464693,
            "score": -9.868225022804616
        }
    },
    "time": "0:00:14",
    "chunk_size": null,
    "eval_batch_size": 32768
}