{
    "function": "bin.lightgbm_.main",
    "gpus": [
        "GeForce RTX 2080 Ti",
        "GeForce RTX 2080 Ti"
    ],
    "config": {
        "seed": 2,
        "data": {
            "seed": 0,
            "num_policy": null,
            "cache": true,
            "path": ":data/regression-cat-medium-1-Brazilian_houses",
            "cat_policy": "one-hot",
            "y_policy": "standard"
        },
        "model": {
            "n_estimators": 4000,
            "n_jobs": 4,
            "feature_fraction": 0.8074600014260751,
            "lambda_l2": 0.0,
            "learning_rate": 0.05343733915895493,
            "num_leaves": 39,
            "min_sum_hessian_in_leaf": 5.86157218187665,
            "bagging_fraction": 0.5397121696388881
        },
        "fit": {
            "early_stopping_rounds": 200,
            "verbose": true
        }
    },
    "prediction_type": null,
    "time": "0:00:03",
    "best_iteration": 3883,
    "metrics": {
        "train": {
            "rmse": 0.00578060864604653,
            "mae": 0.002924196807609434,
            "r2": 0.9999483223184659,
            "score": -0.00578060864604653
        },
        "val": {
            "rmse": 0.04647517413031744,
            "mae": 0.016744126525992574,
            "r2": 0.9965131685708227,
            "score": -0.04647517413031744
        },
        "test": {
            "rmse": 0.04440173597771266,
            "mae": 0.015127911155778379,
            "r2": 0.9967876947042349,
            "score": -0.04440173597771266
        }
    }
}
