{
    "function": "bin.tabr_scaling.main",
    "gpus": [
        "NVIDIA A100-SXM4-80GB"
    ],
    "config": {
        "seed": 6,
        "batch_size": 512,
        "patience": 16,
        "n_epochs": Infinity,
        "context_size": 96,
        "freeze_contexts_after_n_epochs": 4,
        "data": {
            "seed": 0,
            "cache": true,
            "path": ":data/black-friday",
            "num_policy": "quantile",
            "cat_policy": "ordinal",
            "y_policy": "standard"
        },
        "model": {
            "num_embeddings": null,
            "d_main": 265,
            "mixer_dropout": 0.38920071545944357,
            "d_multiplier": 2.0,
            "encoder_n_blocks": 0,
            "predictor_n_blocks": 1,
            "mixer_normalization": "auto",
            "dropout0": 0.38852797479169876,
            "dropout1": 0.0,
            "normalization": "LayerNorm",
            "activation": "ReLU"
        },
        "optimizer": {
            "type": "AdamW",
            "lr": 0.0003121273641315169,
            "weight_decay": 1.2260352006404615e-06
        }
    },
    "n_parameters": 641566,
    "prediction_type": null,
    "best_epoch": 53,
    "metrics": {
        "train": {
            "rmse": 0.6648997880728682,
            "mae": 0.5144584086663484,
            "r2": 0.5571587608055744,
            "score": -0.6648997880728682
        },
        "val": {
            "rmse": 0.689921927390141,
            "mae": 0.5325045986732411,
            "r2": 0.5226525707807628,
            "score": -0.689921927390141
        },
        "test": {
            "rmse": 0.6914063301692176,
            "mae": 0.5342940453024111,
            "r2": 0.5255668519883734,
            "score": -0.6914063301692176
        }
    },
    "time": "0:04:00",
    "chunk_size": null,
    "eval_batch_size": 32768
}