{
    "function": "bin.catboost_.main",
    "gpus": [
        "GeForce RTX 2080 Ti",
        "GeForce RTX 2080 Ti"
    ],
    "config": {
        "seed": 12,
        "data": {
            "seed": 0,
            "num_policy": null,
            "cat_policy": null,
            "cache": true,
            "path": ":data/classif-num-medium-0-MagicTelescope",
            "y_policy": null
        },
        "model": {
            "iterations": 4000,
            "early_stopping_rounds": 200,
            "od_pval": 0.001,
            "bagging_temperature": 0.7315362390359051,
            "depth": 7,
            "l2_leaf_reg": 6.162384307457521,
            "leaf_estimation_iterations": 3,
            "learning_rate": 0.0354919609882075,
            "task_type": "CPU",
            "thread_count": 4
        },
        "fit": {
            "logging_level": "Verbose"
        }
    },
    "prediction_type": "probs",
    "time": "0:00:33",
    "best_iteration": 3011,
    "metrics": {
        "train": {
            "0": {
                "precision": 0.970906068162926,
                "recall": 0.9910903691132796,
                "f1-score": 0.9808943942893136,
                "support": 4714
            },
            "1": {
                "precision": 0.990771259063942,
                "recall": 0.9698859969885997,
                "f1-score": 0.9802173913043479,
                "support": 4649
            },
            "accuracy": 0.9805617857524298,
            "macro avg": {
                "precision": 0.9808386636134341,
                "recall": 0.9804881830509397,
                "f1-score": 0.9805558927968308,
                "support": 9363
            },
            "weighted avg": {
                "precision": 0.980769709356862,
                "recall": 0.9805617857524298,
                "f1-score": 0.9805582427484502,
                "support": 9363
            },
            "cross-entropy": 0.10642663745864582,
            "roc-auc": 0.9983624746559334,
            "score": 0.9805617857524298
        },
        "val": {
            "0": {
                "precision": 0.8536585365853658,
                "recall": 0.9036144578313253,
                "f1-score": 0.8779264214046822,
                "support": 581
            },
            "1": {
                "precision": 0.9047619047619048,
                "recall": 0.8553054662379421,
                "f1-score": 0.8793388429752066,
                "support": 622
            },
            "accuracy": 0.8786367414796342,
            "macro avg": {
                "precision": 0.8792102206736353,
                "recall": 0.8794599620346337,
                "f1-score": 0.8786326321899445,
                "support": 1203
            },
            "weighted avg": {
                "precision": 0.880081059449711,
                "recall": 0.8786367414796342,
                "f1-score": 0.8786567008866991,
                "support": 1203
            },
            "cross-entropy": 0.3101962156740309,
            "roc-auc": 0.9405947169477172,
            "score": 0.8786367414796342
        },
        "test": {
            "0": {
                "precision": 0.8252688172043011,
                "recall": 0.8815506101938263,
                "f1-score": 0.8524817771607082,
                "support": 1393
            },
            "1": {
                "precision": 0.8751891074130106,
                "recall": 0.8165137614678899,
                "f1-score": 0.8448338809784594,
                "support": 1417
            },
            "accuracy": 0.8487544483985765,
            "macro avg": {
                "precision": 0.8502289623086559,
                "recall": 0.849032185830858,
                "f1-score": 0.8486578290695838,
                "support": 2810
            },
            "weighted avg": {
                "precision": 0.8504421450426433,
                "recall": 0.8487544483985765,
                "f1-score": 0.848625169014713,
                "support": 2810
            },
            "cross-entropy": 0.3467820466004933,
            "roc-auc": 0.9269910394800902,
            "score": 0.8487544483985765
        }
    }
}
