{
    "function": "bin.ensemble.main",
    "config": {
        "seeds": [
            0,
            1,
            2,
            3,
            4
        ]
    },
    "single_model_function": "bin.catboost_.main",
    "data": ":data/regression-num-medium-1-fifa",
    "prediction_type": null,
    "metrics": {
        "train": {
            "rmse": 0.682444004864319,
            "mae": 0.5073126766358346,
            "r2": 0.7526241313522355,
            "score": -0.682444004864319
        },
        "val": {
            "rmse": 0.7445854297500178,
            "mae": 0.5473563550206805,
            "r2": 0.7012901595705678,
            "score": -0.7445854297500178
        },
        "test": {
            "rmse": 0.7687959767665716,
            "mae": 0.5639633389731489,
            "r2": 0.6698852094622132,
            "score": -0.7687959767665716
        }
    }
}
