{
    "function": "bin.tabr.main",
    "gpus": [
        "A100-SXM-80GB"
    ],
    "config": {
        "seed": 6,
        "batch_size": 256,
        "patience": 16,
        "n_epochs": Infinity,
        "context_size": 96,
        "data": {
            "seed": 0,
            "cache": true,
            "path": ":data/regression-num-medium-1-MiamiHousing2016",
            "num_policy": "quantile",
            "cat_policy": null,
            "y_policy": "standard"
        },
        "model": {
            "num_embeddings": null,
            "d_main": 355,
            "context_dropout": 0.4669132583117469,
            "d_multiplier": 2.0,
            "encoder_n_blocks": 0,
            "predictor_n_blocks": 1,
            "mixer_normalization": "auto",
            "dropout0": 0.502377616409753,
            "dropout1": 0.0,
            "normalization": "LayerNorm",
            "activation": "ReLU"
        },
        "optimizer": {
            "type": "AdamW",
            "lr": 0.00017647163693170897,
            "weight_decay": 8.24257178306762e-05
        }
    },
    "n_parameters": 1143811,
    "prediction_type": null,
    "best_epoch": 34,
    "metrics": {
        "train": {
            "rmse": 0.13411857810026181,
            "mae": 0.09325180324010862,
            "r2": 0.9447732077324582,
            "score": -0.13411857810026181
        },
        "val": {
            "rmse": 0.12781387467452718,
            "mae": 0.08995978824184281,
            "r2": 0.9450071968815037,
            "score": -0.12781387467452718
        },
        "test": {
            "rmse": 0.14262836310430793,
            "mae": 0.09806999286742446,
            "r2": 0.9368194308919096,
            "score": -0.14262836310430793
        }
    },
    "time": "0:00:27",
    "chunk_size": null,
    "eval_batch_size": 32768
}