{
    "function": "bin.lightgbm_.main",
    "gpus": [
        "GeForce RTX 2080 Ti",
        "GeForce RTX 2080 Ti"
    ],
    "config": {
        "seed": 13,
        "data": {
            "seed": 0,
            "num_policy": null,
            "cache": true,
            "path": ":data/regression-cat-medium-1-Bike_Sharing_Demand",
            "cat_policy": "one-hot",
            "y_policy": "standard"
        },
        "model": {
            "n_estimators": 4000,
            "n_jobs": 4,
            "feature_fraction": 0.9017932996177045,
            "lambda_l2": 0.0,
            "learning_rate": 0.008803460243848765,
            "num_leaves": 56,
            "min_sum_hessian_in_leaf": 0.07610270802274642,
            "bagging_fraction": 0.5608602720049225
        },
        "fit": {
            "early_stopping_rounds": 200,
            "verbose": true
        }
    },
    "prediction_type": null,
    "time": "0:00:08",
    "best_iteration": 3027,
    "metrics": {
        "train": {
            "rmse": 26.261115331866137,
            "mae": 17.26878475327497,
            "r2": 0.9791658912607736,
            "score": -26.261115331866137
        },
        "val": {
            "rmse": 43.56818149867019,
            "mae": 27.215050772567263,
            "r2": 0.9411618853305892,
            "score": -43.56818149867019
        },
        "test": {
            "rmse": 42.36947485767293,
            "mae": 26.98518586676158,
            "r2": 0.9452376055814512,
            "score": -42.36947485767293
        }
    }
}
