{
    "function": "bin.catboost_.main",
    "gpus": [
        "GeForce RTX 2080 Ti",
        "GeForce RTX 2080 Ti"
    ],
    "config": {
        "seed": 2,
        "data": {
            "seed": 0,
            "num_policy": null,
            "cat_policy": null,
            "cache": true,
            "path": ":data/regression-num-medium-2-sulfur",
            "y_policy": "standard"
        },
        "model": {
            "iterations": 4000,
            "early_stopping_rounds": 200,
            "od_pval": 0.001,
            "bagging_temperature": 0.6760222955078675,
            "depth": 5,
            "l2_leaf_reg": 8.275095099630413,
            "leaf_estimation_iterations": 2,
            "learning_rate": 0.09757784714145402,
            "task_type": "CPU",
            "thread_count": 4
        },
        "fit": {
            "logging_level": "Verbose"
        }
    },
    "prediction_type": null,
    "time": "0:00:09",
    "best_iteration": 3987,
    "metrics": {
        "train": {
            "rmse": 0.004680906358749555,
            "mae": 0.0035509207848315096,
            "r2": 0.9918165259516024,
            "score": -0.004680906358749555
        },
        "val": {
            "rmse": 0.016820089435150273,
            "mae": 0.009634297560842987,
            "r2": 0.8887336777583205,
            "score": -0.016820089435150273
        },
        "test": {
            "rmse": 0.01623197453213061,
            "mae": 0.009370728684826132,
            "r2": 0.9214257465576563,
            "score": -0.01623197453213061
        }
    }
}
