{
    "function": "bin.ensemble.main",
    "config": {
        "seeds": [
            5,
            6,
            7,
            8,
            9
        ]
    },
    "single_model_function": "bin.catboost_.main",
    "data": ":data/classif-num-medium-4-phoneme",
    "prediction_type": "probs",
    "metrics": {
        "train": {
            "0": {
                "precision": 1.0,
                "recall": 0.9990982867448152,
                "f1-score": 0.9995489400090213,
                "support": 1109
            },
            "1": {
                "precision": 0.9991007194244604,
                "recall": 1.0,
                "f1-score": 0.9995501574448944,
                "support": 1111
            },
            "accuracy": 0.9995495495495496,
            "macro avg": {
                "precision": 0.9995503597122302,
                "recall": 0.9995491433724075,
                "f1-score": 0.9995495487269579,
                "support": 2220
            },
            "weighted avg": {
                "precision": 0.9995499546308899,
                "recall": 0.9995495495495496,
                "f1-score": 0.9995495492753524,
                "support": 2220
            },
            "cross-entropy": 0.05049536746287429,
            "roc-auc": 0.999999188376908,
            "score": 0.9995495495495496
        },
        "val": {
            "0": {
                "precision": 0.9568345323741008,
                "recall": 0.8926174496644296,
                "f1-score": 0.9236111111111113,
                "support": 149
            },
            "1": {
                "precision": 0.8904109589041096,
                "recall": 0.9558823529411765,
                "f1-score": 0.9219858156028369,
                "support": 136
            },
            "accuracy": 0.9228070175438596,
            "macro avg": {
                "precision": 0.9236227456391052,
                "recall": 0.924249901302803,
                "f1-score": 0.9227984633569741,
                "support": 285
            },
            "weighted avg": {
                "precision": 0.9251376692445611,
                "recall": 0.9228070175438596,
                "f1-score": 0.9228355315001453,
                "support": 285
            },
            "cross-entropy": 0.2422475370317213,
            "roc-auc": 0.9625444137386499,
            "score": 0.9228070175438596
        },
        "test": {
            "0": {
                "precision": 0.9134615384615384,
                "recall": 0.8689024390243902,
                "f1-score": 0.8906249999999999,
                "support": 328
            },
            "1": {
                "precision": 0.8788732394366198,
                "recall": 0.9203539823008849,
                "f1-score": 0.899135446685879,
                "support": 339
            },
            "accuracy": 0.8950524737631185,
            "macro avg": {
                "precision": 0.8961673889490791,
                "recall": 0.8946282106626375,
                "f1-score": 0.8948802233429394,
                "support": 667
            },
            "weighted avg": {
                "precision": 0.8958821780875542,
                "recall": 0.8950524737631185,
                "f1-score": 0.8949503994400495,
                "support": 667
            },
            "cross-entropy": 0.27209026798768066,
            "roc-auc": 0.955950068350241,
            "score": 0.8950524737631185
        }
    }
}
