{
    "function": "bin.catboost_.main",
    "gpus": [
        "NVIDIA GeForce RTX 2080 Ti",
        "NVIDIA GeForce RTX 2080 Ti"
    ],
    "config": {
        "seed": 10,
        "data": {
            "seed": 0,
            "num_policy": null,
            "cat_policy": null,
            "cache": true,
            "path": ":data/classif-num-medium-4-phoneme",
            "y_policy": null
        },
        "model": {
            "iterations": 4000,
            "early_stopping_rounds": 200,
            "od_pval": 0.001,
            "bagging_temperature": 0.4839833233968382,
            "depth": 9,
            "l2_leaf_reg": 7.144560921436109,
            "leaf_estimation_iterations": 10,
            "learning_rate": 0.04607092459612829,
            "task_type": "CPU",
            "thread_count": 4
        },
        "fit": {
            "logging_level": "Verbose"
        }
    },
    "prediction_type": "probs",
    "time": "0:00:04",
    "best_iteration": 436,
    "metrics": {
        "train": {
            "0": {
                "precision": 0.990036231884058,
                "recall": 0.9855725879170424,
                "f1-score": 0.9877993673746046,
                "support": 1109
            },
            "1": {
                "precision": 0.985663082437276,
                "recall": 0.9900990099009901,
                "f1-score": 0.9878760664571172,
                "support": 1111
            },
            "accuracy": 0.9878378378378379,
            "macro avg": {
                "precision": 0.987849657160667,
                "recall": 0.9878357989090163,
                "f1-score": 0.987837716915861,
                "support": 2220
            },
            "weighted avg": {
                "precision": 0.9878476872735289,
                "recall": 0.9878378378378379,
                "f1-score": 0.9878377514649972,
                "support": 2220
            },
            "cross-entropy": 0.09928028217411992,
            "roc-auc": 0.9993247295874763,
            "score": 0.9878378378378379
        },
        "val": {
            "0": {
                "precision": 0.9436619718309859,
                "recall": 0.8993288590604027,
                "f1-score": 0.9209621993127148,
                "support": 149
            },
            "1": {
                "precision": 0.8951048951048951,
                "recall": 0.9411764705882353,
                "f1-score": 0.9175627240143368,
                "support": 136
            },
            "accuracy": 0.9192982456140351,
            "macro avg": {
                "precision": 0.9193834334679405,
                "recall": 0.920252664824319,
                "f1-score": 0.9192624616635259,
                "support": 285
            },
            "weighted avg": {
                "precision": 0.9204908755687109,
                "recall": 0.9192982456140351,
                "f1-score": 0.9193399935562957,
                "support": 285
            },
            "cross-entropy": 0.23306519379032084,
            "roc-auc": 0.9669857876036321,
            "score": 0.9192982456140351
        },
        "test": {
            "0": {
                "precision": 0.9161290322580645,
                "recall": 0.8658536585365854,
                "f1-score": 0.890282131661442,
                "support": 328
            },
            "1": {
                "precision": 0.876750700280112,
                "recall": 0.9233038348082596,
                "f1-score": 0.8994252873563218,
                "support": 339
            },
            "accuracy": 0.8950524737631185,
            "macro avg": {
                "precision": 0.8964398662690882,
                "recall": 0.8945787466724224,
                "f1-score": 0.8948537095088819,
                "support": 667
            },
            "weighted avg": {
                "precision": 0.8961151573847124,
                "recall": 0.8950524737631185,
                "f1-score": 0.8949291028466958,
                "support": 667
            },
            "cross-entropy": 0.26809806438066486,
            "roc-auc": 0.9571911648320022,
            "score": 0.8950524737631185
        }
    }
}
