{
    "function": "bin.tabr_design.main",
    "gpus": [
        "A100-SXM-80GB"
    ],
    "config": {
        "seed": 1,
        "batch_size": 512,
        "patience": 16,
        "n_epochs": Infinity,
        "context_size": 96,
        "data": {
            "seed": 0,
            "cache": true,
            "path": ":data/otto",
            "num_policy": null,
            "cat_policy": null,
            "y_policy": null
        },
        "model": {
            "num_embeddings": null,
            "d_main": 280,
            "context_dropout": 0.1848799693656149,
            "d_multiplier": 2.0,
            "encoder_n_blocks": 0,
            "predictor_n_blocks": 1,
            "mixer_normalization": "auto",
            "dropout0": 0.5882219647950191,
            "dropout1": 0.0,
            "normalization": "LayerNorm",
            "activation": "ReLU",
            "dot_product": false,
            "use_Q": false,
            "use_V": true,
            "use_labels": false,
            "use_T": false,
            "self_attention": true,
            "scale_similarities": true
        },
        "optimizer": {
            "type": "AdamW",
            "lr": 5.527084959071805e-05,
            "weight_decay": 7.100641681955718e-06
        }
    },
    "n_parameters": 501769,
    "prediction_type": "logits",
    "best_epoch": 126,
    "metrics": {
        "train": {
            "0": {
                "precision": 0.8880666049953746,
                "recall": 0.7773279352226721,
                "f1-score": 0.8290155440414507,
                "support": 1235
            },
            "1": {
                "precision": 0.8339001252908538,
                "recall": 0.9030819926342314,
                "f1-score": 0.8671133445002792,
                "support": 10318
            },
            "2": {
                "precision": 0.7560196036650331,
                "recall": 0.6926981647793831,
                "f1-score": 0.7229750382068263,
                "support": 5122
            },
            "3": {
                "precision": 0.8994748687171793,
                "recall": 0.6962833914053427,
                "f1-score": 0.7849427168576105,
                "support": 1722
            },
            "4": {
                "precision": 0.985827664399093,
                "recall": 0.9920136908157444,
                "f1-score": 0.9889110036963322,
                "support": 1753
            },
            "5": {
                "precision": 0.9712987588652482,
                "recall": 0.9689365465399071,
                "f1-score": 0.9701162147205312,
                "support": 9046
            },
            "6": {
                "precision": 0.8468223791417708,
                "recall": 0.8580077050082554,
                "f1-score": 0.8523783488244943,
                "support": 1817
            },
            "7": {
                "precision": 0.9529797703663204,
                "recall": 0.9652944434188665,
                "f1-score": 0.9590975788701394,
                "support": 5417
            },
            "8": {
                "precision": 0.9260299625468165,
                "recall": 0.935666982024598,
                "f1-score": 0.9308235294117647,
                "support": 3171
            },
            "accuracy": 0.8909876013231989,
            "macro avg": {
                "precision": 0.8956021931097433,
                "recall": 0.8654789835387778,
                "f1-score": 0.878374813236603,
                "support": 39601
            },
            "weighted avg": {
                "precision": 0.890737734966823,
                "recall": 0.8909876013231989,
                "f1-score": 0.8896375322271962,
                "support": 39601
            },
            "cross-entropy": 0.2956956731089794,
            "score": 0.8909876013231989
        },
        "val": {
            "0": {
                "precision": 0.6953125,
                "recall": 0.577922077922078,
                "f1-score": 0.6312056737588653,
                "support": 308
            },
            "1": {
                "precision": 0.7547368421052632,
                "recall": 0.8337209302325581,
                "f1-score": 0.7922651933701657,
                "support": 2580
            },
            "2": {
                "precision": 0.6194158075601375,
                "recall": 0.5628415300546448,
                "f1-score": 0.5897750511247444,
                "support": 1281
            },
            "3": {
                "precision": 0.7264150943396226,
                "recall": 0.5359628770301624,
                "f1-score": 0.6168224299065421,
                "support": 431
            },
            "4": {
                "precision": 0.9701149425287356,
                "recall": 0.9634703196347032,
                "f1-score": 0.9667812142038946,
                "support": 438
            },
            "5": {
                "precision": 0.9552238805970149,
                "recall": 0.9336870026525199,
                "f1-score": 0.9443326626425217,
                "support": 2262
            },
            "6": {
                "precision": 0.7336244541484717,
                "recall": 0.7400881057268722,
                "f1-score": 0.7368421052631581,
                "support": 454
            },
            "7": {
                "precision": 0.9112383679312813,
                "recall": 0.9401772525849336,
                "f1-score": 0.925481643038895,
                "support": 1354
            },
            "8": {
                "precision": 0.8669950738916257,
                "recall": 0.8877679697351829,
                "f1-score": 0.8772585669781933,
                "support": 793
            },
            "accuracy": 0.820927179072821,
            "macro avg": {
                "precision": 0.8036752181224613,
                "recall": 0.7750708961748506,
                "f1-score": 0.7867516155874422,
                "support": 9901
            },
            "weighted avg": {
                "precision": 0.8189041477096198,
                "recall": 0.820927179072821,
                "f1-score": 0.8183651159468548,
                "support": 9901
            },
            "cross-entropy": 0.49267094076352547,
            "score": 0.820927179072821
        },
        "test": {
            "0": {
                "precision": 0.6538461538461539,
                "recall": 0.5284974093264249,
                "f1-score": 0.5845272206303725,
                "support": 386
            },
            "1": {
                "precision": 0.7540983606557377,
                "recall": 0.8275434243176178,
                "f1-score": 0.7891156462585034,
                "support": 3224
            },
            "2": {
                "precision": 0.5917366946778712,
                "recall": 0.5277951280449719,
                "f1-score": 0.5579399141630901,
                "support": 1601
            },
            "3": {
                "precision": 0.7121951219512195,
                "recall": 0.5427509293680297,
                "f1-score": 0.6160337552742615,
                "support": 538
            },
            "4": {
                "precision": 0.9725776965265083,
                "recall": 0.9708029197080292,
                "f1-score": 0.9716894977168951,
                "support": 548
            },
            "5": {
                "precision": 0.9470128022759602,
                "recall": 0.9419879731163778,
                "f1-score": 0.9444937045575457,
                "support": 2827
            },
            "6": {
                "precision": 0.7256637168141593,
                "recall": 0.721830985915493,
                "f1-score": 0.7237422771403355,
                "support": 568
            },
            "7": {
                "precision": 0.910413030831879,
                "recall": 0.9243945658594211,
                "f1-score": 0.9173505275498242,
                "support": 1693
            },