{
    "function": "bin.catboost_.main",
    "gpus": [
        "NVIDIA GeForce RTX 2080 Ti",
        "NVIDIA GeForce RTX 2080 Ti"
    ],
    "config": {
        "seed": 1,
        "data": {
            "seed": 0,
            "num_policy": null,
            "cat_policy": null,
            "cache": true,
            "path": ":data/regression-num-large-0-year",
            "y_policy": "standard"
        },
        "model": {
            "iterations": 4000,
            "early_stopping_rounds": 3999,
            "thread_count": 4,
            "task_type": "CPU",
            "od_pval": 0.001
        },
        "fit": {
            "logging_level": "Verbose"
        }
    },
    "prediction_type": null,
    "time": "0:00:47",
    "best_iteration": 2906,
    "metrics": {
        "train": {
            "rmse": 6.626172281111771,
            "mae": 4.761642166566834,
            "r2": 0.6365489999161515,
            "score": -6.626172281111771
        },
        "val": {
            "rmse": 8.96709397415751,
            "mae": 6.334661878915127,
            "r2": 0.30343161495937077,
            "score": -8.96709397415751
        },
        "test": {
            "rmse": 9.064132689083186,
            "mae": 6.346562766173558,
            "r2": 0.30819585819379447,
            "score": -9.064132689083186
        }
    }
}
