{
    "function": "bin.tabr.main",
    "gpus": [
        "A100-SXM-80GB"
    ],
    "config": {
        "seed": 8,
        "batch_size": 1024,
        "patience": 16,
        "n_epochs": Infinity,
        "context_size": 96,
        "data": {
            "seed": 0,
            "cache": true,
            "path": ":data/covtype",
            "num_policy": "quantile",
            "cat_policy": null,
            "y_policy": null
        },
        "model": {
            "num_embeddings": null,
            "d_main": 265,
            "mixer_dropout": 0.38920071545944357,
            "d_multiplier": 2.0,
            "encoder_n_blocks": 0,
            "predictor_n_blocks": 1,
            "mixer_normalization": "auto",
            "dropout0": 0.38852797479169876,
            "dropout1": 0.0,
            "normalization": "LayerNorm",
            "activation": "ReLU"
        },
        "optimizer": {
            "type": "AdamW",
            "lr": 0.0003121273641315169,
            "weight_decay": 1.2260352006404615e-06
        }
    },
    "n_parameters": 652967,
    "prediction_type": "logits",
    "best_epoch": 49,
    "metrics": {
        "train": {
            "0": {
                "precision": 0.9758836374403198,
                "recall": 0.9724070276888581,
                "f1-score": 0.9741422306620904,
                "support": 135578
            },
            "1": {
                "precision": 0.9781184269935137,
                "recall": 0.979747617366749,
                "f1-score": 0.9789323443346577,
                "support": 181312
            },
            "2": {
                "precision": 0.9754951033732318,
                "recall": 0.9794598374267983,
                "f1-score": 0.9774734500730531,
                "support": 22882
            },
            "3": {
                "precision": 0.9282868525896414,
                "recall": 0.9272313814667424,
                "f1-score": 0.9277588168373151,
                "support": 1759
            },
            "4": {
                "precision": 0.9265238879736408,
                "recall": 0.925761316872428,
                "f1-score": 0.9261424454508028,
                "support": 6075
            },
            "5": {
                "precision": 0.962843295638126,
                "recall": 0.9651821862348178,
                "f1-score": 0.9640113222806309,
                "support": 11115
            },
            "6": {
                "precision": 0.9714264059420948,
                "recall": 0.9764589364619839,
                "f1-score": 0.9739361702127659,
                "support": 13126
            },
            "accuracy": 0.9753715910038269,
            "macro avg": {
                "precision": 0.9597968014215098,
                "recall": 0.9608926147883396,
                "f1-score": 0.9603423971216165,
                "support": 371847
            },
            "weighted avg": {
                "precision": 0.9753707154175687,
                "recall": 0.9753715910038269,
                "f1-score": 0.9753691684525473,
                "support": 371847
            },
            "cross-entropy": 0.05956098450286762,
            "score": 0.9753715910038269
        },
        "val": {
            "0": {
                "precision": 0.9746768038339793,
                "recall": 0.972059951613855,
                "f1-score": 0.9733666189048259,
                "support": 33894
            },
            "1": {
                "precision": 0.9774877075386413,
                "recall": 0.9780268266854925,
                "f1-score": 0.977757192796727,
                "support": 45328
            },
            "2": {
                "precision": 0.9693134535367545,
                "recall": 0.9772766998776438,
                "f1-score": 0.9732787884063018,
                "support": 5721
            },
            "3": {
                "precision": 0.91324200913242,
                "recall": 0.9111617312072893,
                "f1-score": 0.9122006841505131,
                "support": 439
            },
            "4": {
                "precision": 0.9156785243741765,
                "recall": 0.9150757077024358,
                "f1-score": 0.9153770167928877,
                "support": 1519
            },
            "5": {
                "precision": 0.9552992069214131,
                "recall": 0.9535804246131702,
                "f1-score": 0.9544390419593013,
                "support": 2779
            },
            "6": {
                "precision": 0.967049576783555,
                "recall": 0.9747105423522242,
                "f1-score": 0.970864946889226,
                "support": 3282
            },
            "accuracy": 0.9736128740775801,
            "macro avg": {
                "precision": 0.9532496117315628,
                "recall": 0.9545559834360159,
                "f1-score": 0.953897755699969,
                "support": 92962
            },
            "weighted avg": {
                "precision": 0.973614625241668,
                "recall": 0.9736128740775801,
                "f1-score": 0.9736115058504388,
                "support": 92962
            },
            "cross-entropy": 0.06536645117420863,
            "score": 0.9736128740775801
        },
        "test": {
            "0": {
                "precision": 0.9743979119705778,
                "recall": 0.9692692598187311,
                "f1-score": 0.9718268195425555,
                "support": 42368
            },
            "1": {
                "precision": 0.9749718389186145,
                "recall": 0.9776389403646247,
                "f1-score": 0.976303568123937,
                "support": 56661
            },
            "2": {
                "precision": 0.968598026955676,
                "recall": 0.9748286952873724,
                "f1-score": 0.9717033732924448,
                "support": 7151
            },
            "3": {
                "precision": 0.9051094890510949,
                "recall": 0.9034608378870674,
                "f1-score": 0.9042844120328167,
                "support": 549
            },
            "4": {
                "precision": 0.9130202774813234,
                "recall": 0.9010005265929436,
                "f1-score": 0.9069705804399683,
                "support": 1899
            },
            "5": {
                "precision": 0.9525307406348299,
                "recall": 0.9591131586524618,
                "f1-score": 0.9558106169296987,
                "support": 3473
            },
            "6": {
                "precision": 0.9663111972855065,
                "recall": 0.9719648951730863,
                "f1-score": 0.9691298006806028,
                "support": 4102
            },
            "accuracy": 0.9720575200296033,
            "macro avg": {
                "precision": 0.950705640328232,
                "recall": 0.9510394733966124,
                "f1-score": 0.9508613101488604,
                "support": 116203
            },
            "weighted avg": {
                "precision": 0.9720514358494454,
                "recall": 0.9720575200296033,
                "f1-score": 0.9720492239934759,
                "support": 116203
            },
            "cross-entropy": 0.06647402085227955,
            "score": 0.9720575200296033
        }
    },
    "time": "0:28:49",
    "chunk_size": null,
    "eval_batch_size": 32768
}