{
    "function": "bin.ffn.main",
    "gpus": [
        "A100-SXM-80GB"
    ],
    "config": {
        "seed": 5,
        "batch_size": 32,
        "patience": 16,
        "n_epochs": Infinity,
        "data": {
            "seed": 0,
            "cache": true,
            "path": ":data/classif-num-medium-2-wine",
            "num_policy": "quantile",
            "cat_policy": null,
            "y_policy": null
        },
        "optimizer": {
            "type": "AdamW",
            "lr": 4.8675972609960083e-05,
            "weight_decay": 0.0
        },
        "model": {
            "num_embeddings": null,
            "backbone": {
                "type": "MLP",
                "n_blocks": 5,
                "d_layer": 965,
                "dropout": 0.0,
                "activation": "ReLU"
            }
        }
    },
    "n_parameters": 3741306,
    "prediction_type": "logits",
    "best_epoch": 18,
    "metrics": {
        "train": {
            "0": {
                "precision": 0.914409534127844,
                "recall": 0.9264544456641054,
                "f1-score": 0.9203925845147218,
                "support": 911
            },
            "1": {
                "precision": 0.9224537037037037,
                "recall": 0.9098173515981736,
                "f1-score": 0.9160919540229885,
                "support": 876
            },
            "accuracy": 0.9182988248461108,
            "macro avg": {
                "precision": 0.9184316189157739,
                "recall": 0.9181358986311394,
                "f1-score": 0.9182422692688552,
                "support": 1787
            },
            "weighted avg": {
                "precision": 0.9183528427727534,
                "recall": 0.9182988248461108,
                "f1-score": 0.9182843851242584,
                "support": 1787
            },
            "cross-entropy": 0.2192279912646988,
            "roc-auc": 0.9726265481757715,
            "score": 0.9182988248461108
        },
        "val": {
            "0": {
                "precision": 0.7904761904761904,
                "recall": 0.7904761904761904,
                "f1-score": 0.7904761904761904,
                "support": 105
            },
            "1": {
                "precision": 0.824,
                "recall": 0.824,
                "f1-score": 0.824,
                "support": 125
            },
            "accuracy": 0.808695652173913,
            "macro avg": {
                "precision": 0.8072380952380952,
                "recall": 0.8072380952380952,
                "f1-score": 0.8072380952380952,
                "support": 230
            },
            "weighted avg": {
                "precision": 0.808695652173913,
                "recall": 0.808695652173913,
                "f1-score": 0.808695652173913,
                "support": 230
            },
            "cross-entropy": 0.49756164875194936,
            "roc-auc": 0.8668190476190476,
            "score": 0.808695652173913
        },
        "test": {
            "0": {
                "precision": 0.7695167286245354,
                "recall": 0.7931034482758621,
                "f1-score": 0.7811320754716983,
                "support": 261
            },
            "1": {
                "precision": 0.7985074626865671,
                "recall": 0.7753623188405797,
                "f1-score": 0.786764705882353,
                "support": 276
            },
            "accuracy": 0.7839851024208566,
            "macro avg": {
                "precision": 0.7840120956555512,
                "recall": 0.7842328835582209,
                "f1-score": 0.7839483906770257,
                "support": 537
            },
            "weighted avg": {
                "precision": 0.7844169941759708,
                "recall": 0.7839851024208566,
                "f1-score": 0.7840270586995208,
                "support": 537
            },
            "cross-entropy": 0.5342262759838337,
            "roc-auc": 0.8622910766838803,
            "score": 0.7839851024208566
        }
    },
    "time": "0:00:06",
    "chunk_size": null,
    "eval_batch_size": 32768
}
