{
    "function": "bin.xgboost_.main",
    "gpus": [
        "NVIDIA GeForce RTX 2080 Ti"
    ],
    "config": {
        "seed": 10,
        "data": {
            "seed": 0,
            "num_policy": null,
            "cache": true,
            "path": ":data/regression-num-medium-0-Ailerons",
            "cat_policy": null,
            "y_policy": "standard"
        },
        "model": {
            "booster": "gbtree",
            "n_estimators": 4000,
            "n_jobs": 1,
            "tree_method": "gpu_hist",
            "use_label_encoder": false,
            "colsample_bytree": 0.9723011504708792,
            "gamma": 0,
            "lambda": 5.111277048789134,
            "learning_rate": 0.006949690830180556,
            "max_depth": 14,
            "min_child_weight": 53.16812920131799,
            "subsample": 0.623532281729477
        },
        "fit": {
            "early_stopping_rounds": 200,
            "verbose": true
        },
        "neighbors": null
    },
    "prediction_type": null,
    "time": "0:00:06",
    "best_iteration": 1457,
    "metrics": {
        "train": {
            "rmse": 0.00012366712889042009,
            "mae": 8.835707329948872e-05,
            "r2": 0.9101433183082219,
            "score": -0.00012366712889042009
        },
        "val": {
            "rmse": 0.00014993188031891245,
            "mae": 0.00010839784389050228,
            "r2": 0.8479760796265725,
            "score": -0.00014993188031891245
        },
        "test": {
            "rmse": 0.00015552039600792443,
            "mae": 0.00011013061782710887,
            "r2": 0.8497396298678042,
            "score": -0.00015552039600792443
        }
    }
}
