{
    "function": "bin.xgboost_.main",
    "gpus": [
        "NVIDIA GeForce RTX 2080 Ti"
    ],
    "config": {
        "seed": 4,
        "data": {
            "seed": 0,
            "num_policy": null,
            "cache": true,
            "path": ":data/regression-num-medium-1-Ailerons",
            "cat_policy": null,
            "y_policy": "standard"
        },
        "model": {
            "booster": "gbtree",
            "n_estimators": 4000,
            "n_jobs": 1,
            "tree_method": "gpu_hist",
            "use_label_encoder": false,
            "colsample_bytree": 0.6036359207022676,
            "gamma": 0,
            "lambda": 0.0,
            "learning_rate": 0.02469957319058971,
            "max_depth": 6,
            "min_child_weight": 0.0004173792050468817,
            "subsample": 0.7824814934946143
        },
        "fit": {
            "early_stopping_rounds": 200,
            "verbose": true
        },
        "neighbors": null
    },
    "prediction_type": null,
    "time": "0:00:02",
    "best_iteration": 1048,
    "metrics": {
        "train": {
            "rmse": 8.337431147158444e-05,
            "mae": 6.335510801767832e-05,
            "r2": 0.9580676665068111,
            "score": -8.337431147158444e-05
        },
        "val": {
            "rmse": 0.0001480864325478597,
            "mae": 0.00010772612505600965,
            "r2": 0.865375870584613,
            "score": -0.0001480864325478597
        },
        "test": {
            "rmse": 0.00016347194804933326,
            "mae": 0.00011237010298647578,
            "r2": 0.8422895682177955,
            "score": -0.00016347194804933326
        }
    }
}
