{
    "function": "bin.ffn.main",
    "gpus": [
        "A100-SXM-80GB"
    ],
    "config": {
        "seed": 10,
        "batch_size": 64,
        "patience": 16,
        "n_epochs": Infinity,
        "data": {
            "seed": 0,
            "cache": true,
            "path": ":data/regression-cat-medium-2-analcatdata_supreme",
            "num_policy": "quantile",
            "cat_policy": null,
            "y_policy": "standard"
        },
        "optimizer": {
            "type": "AdamW",
            "lr": 0.0001718403866084743,
            "weight_decay": 2.2225314656725132e-05
        },
        "model": {
            "num_embeddings": null,
            "backbone": {
                "type": "MLP",
                "n_blocks": 6,
                "d_layer": 202,
                "dropout": 0.0,
                "activation": "ReLU"
            }
        }
    },
    "n_parameters": 206849,
    "prediction_type": null,
    "best_epoch": 124,
    "metrics": {
        "train": {
            "rmse": 0.057320146442262104,
            "mae": 0.02245555822640455,
            "r2": 0.9889834760906295,
            "score": -0.057320146442262104
        },
        "val": {
            "rmse": 0.08764107707688364,
            "mae": 0.030949304894457796,
            "r2": 0.9798147834940614,
            "score": -0.08764107707688364
        },
        "test": {
            "rmse": 0.08409652259908716,
            "mae": 0.026311973494419938,
            "r2": 0.9745235930120794,
            "score": -0.08409652259908716
        }
    },
    "time": "0:00:19",
    "chunk_size": null,
    "eval_batch_size": 32768
}
