{
    "function": "bin.ensemble.main",
    "config": {
        "seeds": [
            0,
            1,
            2,
            3,
            4
        ]
    },
    "single_model_function": "bin.tabr_scaling.main",
    "data": ":data/higgs-small",
    "prediction_type": "probs",
    "metrics": {
        "train": {
            "0": {
                "precision": 0.7508660013032891,
                "recall": 0.7400784260699074,
                "f1-score": 0.7454331874904238,
                "support": 29582
            },
            "1": {
                "precision": 0.7711198428290766,
                "recall": 0.7810003316349604,
                "f1-score": 0.7760286386171983,
                "support": 33169
            },
            "accuracy": 0.7617089767493745,
            "macro avg": {
                "precision": 0.7609929220661829,
                "recall": 0.760539378852434,
                "f1-score": 0.760730913053811,
                "support": 62751
            },
            "weighted avg": {
                "precision": 0.7615718015227094,
                "recall": 0.7617089767493745,
                "f1-score": 0.761605368307048,
                "support": 62751
            },
            "cross-entropy": 0.48493722667748473,
            "roc-auc": 0.8459293232885098,
            "score": 0.7617089767493745
        },
        "val": {
            "0": {
                "precision": 0.726787470150302,
                "recall": 0.6995673336938886,
                "f1-score": 0.7129176713744402,
                "support": 7396
            },
            "1": {
                "precision": 0.7406931964056482,
                "recall": 0.7654365653642065,
                "f1-score": 0.7528616333550797,
                "support": 8292
            },
            "accuracy": 0.734382967873534,
            "macro avg": {
                "precision": 0.733740333277975,
                "recall": 0.7325019495290475,
                "f1-score": 0.7328896523647599,
                "support": 15688
            },
            "weighted avg": {
                "precision": 0.7341374371384032,
                "recall": 0.734382967873534,
                "f1-score": 0.7340303264447783,
                "support": 15688
            },
            "cross-entropy": 0.5242263840922613,
            "roc-auc": 0.8130002149765052,
            "score": 0.734382967873534
        },
        "test": {
            "0": {
                "precision": 0.7101946041574525,
                "recall": 0.6947539210383992,
                "f1-score": 0.7023894144020996,
                "support": 9245
            },
            "1": {
                "precision": 0.7329169032746545,
                "recall": 0.7471297636275929,
                "f1-score": 0.7399550905355692,
                "support": 10365
            },
            "accuracy": 0.7224375318714942,
            "macro avg": {
                "precision": 0.7215557537160535,
                "recall": 0.7209418423329961,
                "f1-score": 0.7211722524688344,
                "support": 19610
            },
            "weighted avg": {
                "precision": 0.7222046312023174,
                "recall": 0.7224375318714942,
                "f1-score": 0.7222450101758585,
                "support": 19610
            },
            "cross-entropy": 0.534675187654115,
            "roc-auc": 0.8036924041026074,
            "score": 0.7224375318714942
        }
    }
}