{
    "function": "bin.ft_transformer.main",
    "gpus": [
        "A100-SXM-80GB"
    ],
    "config": {
        "seed": 13,
        "batch_size": 256,
        "patience": 16,
        "n_epochs": Infinity,
        "data": {
            "seed": 0,
            "cache": true,
            "path": ":data/regression-num-medium-0-fifa",
            "num_policy": "quantile",
            "cat_policy": null,
            "y_policy": "standard"
        },
        "optimizer": {
            "type": "AdamW",
            "lr": 7.120596738751607e-05,
            "weight_decay": 7.930146250967693e-06
        },
        "model": {
            "d_token": 248,
            "n_blocks": 3,
            "attention_dropout": 0.3579943564744576,
            "ffn_d_hidden_factor": 2.040729117855148,
            "ffn_dropout": 0.111607479849668,
            "residual_dropout": 0.03798480730309016
        }
    },
    "n_parameters": 1880149,
    "prediction_type": null,
    "best_epoch": 53,
    "metrics": {
        "train": {
            "rmse": 0.761846900596828,
            "mae": 0.5615073713924978,
            "r2": 0.6854585344222823,
            "score": -0.761846900596828
        },
        "val": {
            "rmse": 0.7641831210689412,
            "mae": 0.5649719961241502,
            "r2": 0.6892129620708374,
            "score": -0.7641831210689412
        },
        "test": {
            "rmse": 0.806059475460742,
            "mae": 0.5917937807093416,
            "r2": 0.6481838744779291,
            "score": -0.806059475460742
        }
    },
    "time": "0:00:37",
    "chunk_size": null,
    "eval_batch_size": 32768
}
