{
    "function": "bin.tabr.main",
    "gpus": [
        "A100-SXM-80GB"
    ],
    "config": {
        "seed": 10,
        "batch_size": 256,
        "patience": 16,
        "n_epochs": Infinity,
        "context_size": 96,
        "data": {
            "seed": 0,
            "cache": true,
            "path": ":data/classif-cat-large-0-road-safety",
            "num_policy": "quantile",
            "cat_policy": "ordinal",
            "y_policy": null
        },
        "model": {
            "num_embeddings": null,
            "d_main": 346,
            "context_dropout": 0.007983459608229757,
            "d_multiplier": 2.0,
            "encoder_n_blocks": 0,
            "predictor_n_blocks": 1,
            "mixer_normalization": "auto",
            "dropout0": 0.44786260951280177,
            "dropout1": 0.0,
            "normalization": "LayerNorm",
            "activation": "ReLU"
        },
        "optimizer": {
            "type": "AdamW",
            "lr": 0.0009154838235418366,
            "weight_decay": 1.7862722534305125e-05
        }
    },
    "n_parameters": 1094399,
    "prediction_type": "logits",
    "best_epoch": 42,
    "metrics": {
        "train": {
            "0": {
                "precision": 0.8676703323458994,
                "recall": 0.8509232728430436,
                "f1-score": 0.8592152056418396,
                "support": 25128
            },
            "1": {
                "precision": 0.8522695902512126,
                "recall": 0.8688887101962046,
                "f1-score": 0.8604989149694401,
                "support": 24872
            },
            "accuracy": 0.85986,
            "macro avg": {
                "precision": 0.8599699612985561,
                "recall": 0.8599059915196241,
                "f1-score": 0.8598570603056399,
                "support": 50000
            },
            "weighted avg": {
                "precision": 0.8600093871983184,
                "recall": 0.85986,
                "f1-score": 0.8598537740097612,
                "support": 50000
            },
            "cross-entropy": 0.27271821331238427,
            "roc-auc": 0.9504700080009778,
            "score": 0.85986
        },
        "val": {
            "0": {
                "precision": 0.8489481674257211,
                "recall": 0.8380432455576964,
                "f1-score": 0.8434604611075198,
                "support": 9342
            },
            "1": {
                "precision": 0.8374167203954438,
                "recall": 0.8483561942085782,
                "f1-score": 0.8428509625784123,
                "support": 9186
            },
            "accuracy": 0.8431563039723662,
            "macro avg": {
                "precision": 0.8431824439105824,
                "recall": 0.8431997198831374,
                "f1-score": 0.843155711842966,
                "support": 18528
            },
            "weighted avg": {
                "precision": 0.843230989510127,
                "recall": 0.8431563039723662,
                "f1-score": 0.843158277737033,
                "support": 18528
            },
            "cross-entropy": 0.3108786068960517,
            "roc-auc": 0.9365500883452302,
            "score": 0.8431563039723662
        },
        "test": {
            "0": {
                "precision": 0.8465863071132498,
                "recall": 0.8299005184251086,
                "f1-score": 0.8381603773584906,
                "support": 21411
            },
            "1": {
                "precision": 0.8362778152393796,
                "recall": 0.8524492507904504,
                "f1-score": 0.8442861032949077,
                "support": 21823
            },
            "accuracy": 0.8412823240967757,
            "macro avg": {
                "precision": 0.8414320611763146,
                "recall": 0.8411748846077796,
                "f1-score": 0.8412232403266992,
                "support": 43234
            },
            "weighted avg": {
                "precision": 0.8413829435992685,
                "recall": 0.8412823240967757,
                "f1-score": 0.8412524279924922,
                "support": 43234
            },
            "cross-entropy": 0.3108395349990323,
            "roc-auc": 0.9363707904903349,
            "score": 0.8412823240967757
        }
    },
    "time": "0:04:06",
    "chunk_size": null,
    "eval_batch_size": 32768
}