{
    "function": "bin.tabr_design.main",
    "gpus": [
        "A100-SXM-80GB"
    ],
    "config": {
        "seed": 5,
        "batch_size": 256,
        "patience": 16,
        "n_epochs": Infinity,
        "context_size": 96,
        "data": {
            "seed": 0,
            "cache": true,
            "path": ":data/california",
            "num_policy": "quantile",
            "cat_policy": null,
            "y_policy": "standard"
        },
        "model": {
            "num_embeddings": null,
            "d_main": 253,
            "context_dropout": 0.13797758594988055,
            "d_multiplier": 2.0,
            "encoder_n_blocks": 0,
            "predictor_n_blocks": 1,
            "mixer_normalization": "auto",
            "dropout0": 0.546184836042904,
            "dropout1": 0.0,
            "normalization": "LayerNorm",
            "activation": "ReLU",
            "dot_product": false,
            "use_Q": false,
            "use_V": true,
            "use_labels": false,
            "use_T": false,
            "self_attention": true,
            "scale_similarities": true
        },
        "optimizer": {
            "type": "AdamW",
            "lr": 0.000327428789843018,
            "weight_decay": 4.494226544789594e-06
        }
    },
    "n_parameters": 388862,
    "prediction_type": null,
    "best_epoch": 94,
    "metrics": {
        "train": {
            "rmse": 0.34074521557016946,
            "mae": 0.23095719231416467,
            "r2": 0.9138011213134427,
            "score": -0.34074521557016946
        },
        "val": {
            "rmse": 0.4377645151711161,
            "mae": 0.2792464691237786,
            "r2": 0.8530238247260743,
            "score": -0.4377645151711161
        },
        "test": {
            "rmse": 0.44181565049733496,
            "mae": 0.28611113707222735,
            "r2": 0.850300758610574,
            "score": -0.44181565049733496
        }
    },
    "time": "0:00:49",
    "chunk_size": null,
    "eval_batch_size": 32768
}