{
    "function": "bin.tabr.main",
    "gpus": [
        "A100-SXM-80GB"
    ],
    "config": {
        "seed": 11,
        "batch_size": 256,
        "patience": 16,
        "n_epochs": Infinity,
        "context_size": 96,
        "data": {
            "seed": 0,
            "cache": true,
            "path": ":data/classif-cat-large-0-road-safety",
            "num_policy": "quantile",
            "cat_policy": "ordinal",
            "y_policy": null
        },
        "model": {
            "num_embeddings": null,
            "d_main": 346,
            "context_dropout": 0.007983459608229757,
            "d_multiplier": 2.0,
            "encoder_n_blocks": 0,
            "predictor_n_blocks": 1,
            "mixer_normalization": "auto",
            "dropout0": 0.44786260951280177,
            "dropout1": 0.0,
            "normalization": "LayerNorm",
            "activation": "ReLU"
        },
        "optimizer": {
            "type": "AdamW",
            "lr": 0.0009154838235418366,
            "weight_decay": 1.7862722534305125e-05
        }
    },
    "n_parameters": 1094399,
    "prediction_type": "logits",
    "best_epoch": 22,
    "metrics": {
        "train": {
            "0": {
                "precision": 0.8549920127795527,
                "recall": 0.8519977714103789,
                "f1-score": 0.853492265986286,
                "support": 25128
            },
            "1": {
                "precision": 0.8510016025641025,
                "recall": 0.8540125442264394,
                "f1-score": 0.8525044148338418,
                "support": 24872
            },
            "accuracy": 0.853,
            "macro avg": {
                "precision": 0.8529968076718276,
                "recall": 0.8530051578184091,
                "f1-score": 0.8529983404100638,
                "support": 50000
            },
            "weighted avg": {
                "precision": 0.8530070231219792,
                "recall": 0.853,
                "f1-score": 0.8530008693090142,
                "support": 50000
            },
            "cross-entropy": 0.287358483251485,
            "roc-auc": 0.9449877842877724,
            "score": 0.853
        },
        "val": {
            "0": {
                "precision": 0.8409380305602716,
                "recall": 0.8483194176835795,
                "f1-score": 0.8446125972503463,
                "support": 9342
            },
            "1": {
                "precision": 0.8443541300527241,
                "recall": 0.8368168952754191,
                "f1-score": 0.8405686167304539,
                "support": 9186
            },
            "accuracy": 0.8426165803108808,
            "macro avg": {
                "precision": 0.8426460803064979,
                "recall": 0.8425681564794993,
                "f1-score": 0.8425906069904001,
                "support": 18528
            },
            "weighted avg": {
                "precision": 0.8426316990586346,
                "recall": 0.8426165803108808,
                "f1-score": 0.8426076315197909,
                "support": 18528
            },
            "cross-entropy": 0.31045823368861053,
            "roc-auc": 0.9360129017083744,
            "score": 0.8426165803108808
        },
        "test": {
            "0": {
                "precision": 0.8394536183748889,
                "recall": 0.8381205922189529,
                "f1-score": 0.8387865756754229,
                "support": 21411
            },
            "1": {
                "precision": 0.8414238001555566,
                "recall": 0.8427347294139211,
                "f1-score": 0.8420787545787547,
                "support": 21823
            },
            "accuracy": 0.8404496461118565,
            "macro avg": {
                "precision": 0.8404387092652228,
                "recall": 0.8404276608164369,
                "f1-score": 0.8404326651270888,
                "support": 43234
            },
            "weighted avg": {
                "precision": 0.84044809672525,
                "recall": 0.8404496461118565,
                "f1-score": 0.8404483515973226,
                "support": 43234
            },
            "cross-entropy": 0.3134530248645605,
            "roc-auc": 0.9348204031024757,
            "score": 0.8404496461118565
        }
    },
    "time": "0:02:45",
    "chunk_size": null,
    "eval_batch_size": 32768
}