{
    "function": "bin.catboost_.main",
    "gpus": [
        "GeForce RTX 2080 Ti",
        "GeForce RTX 2080 Ti"
    ],
    "config": {
        "seed": 2,
        "data": {
            "seed": 0,
            "num_policy": null,
            "cat_policy": null,
            "cache": true,
            "path": ":data/regression-num-medium-0-california",
            "y_policy": "standard"
        },
        "model": {
            "iterations": 4000,
            "early_stopping_rounds": 200,
            "od_pval": 0.001,
            "bagging_temperature": 0.34500749758421206,
            "depth": 7,
            "l2_leaf_reg": 2.5692195140370973,
            "leaf_estimation_iterations": 2,
            "learning_rate": 0.04321127102401206,
            "task_type": "CPU",
            "thread_count": 4
        },
        "fit": {
            "logging_level": "Verbose"
        }
    },
    "prediction_type": null,
    "time": "0:00:08",
    "best_iteration": 3618,
    "metrics": {
        "train": {
            "rmse": 0.044055997795343624,
            "mae": 0.03293069358083444,
            "r2": 0.9846107599240986,
            "score": -0.044055997795343624
        },
        "val": {
            "rmse": 0.1402524971126373,
            "mae": 0.09315009185849248,
            "r2": 0.8508090280182108,
            "score": -0.1402524971126373
        },
        "test": {
            "rmse": 0.1288149738283653,
            "mae": 0.08881978008422473,
            "r2": 0.8680617876157546,
            "score": -0.1288149738283653
        }
    }
}
