{
    "function": "bin.tabr.main",
    "gpus": [
        "A100-SXM-80GB"
    ],
    "config": {
        "seed": 7,
        "batch_size": 256,
        "patience": 16,
        "n_epochs": Infinity,
        "context_size": 96,
        "data": {
            "seed": 0,
            "cache": true,
            "path": ":data/regression-num-medium-0-elevators",
            "num_policy": "quantile",
            "cat_policy": null,
            "y_policy": "standard"
        },
        "model": {
            "d_main": 181,
            "context_dropout": 0.17998833367502945,
            "d_multiplier": 2.0,
            "encoder_n_blocks": 0,
            "predictor_n_blocks": 1,
            "mixer_normalization": "auto",
            "dropout0": 0.1224537723859674,
            "dropout1": 0.0,
            "normalization": "LayerNorm",
            "activation": "ReLU",
            "num_embeddings": {
                "type": "PLREmbeddings",
                "n_frequencies": 11,
                "frequency_scale": 0.03418052459522231,
                "d_embedding": 62,
                "lite": true
            }
        },
        "optimizer": {
            "type": "AdamW",
            "lr": 0.00011070382033628097,
            "weight_decay": 0.0
        }
    },
    "n_parameters": 478538,
    "prediction_type": null,
    "best_epoch": 90,
    "metrics": {
        "train": {
            "rmse": 0.0018089502161794126,
            "mae": 0.0013458311299563638,
            "r2": 0.9259145880084184,
            "score": -0.0018089502161794126
        },
        "val": {
            "rmse": 0.0019584277664534966,
            "mae": 0.0014262181741677565,
            "r2": 0.9156654092165051,
            "score": -0.0019584277664534966
        },
        "test": {
            "rmse": 0.001914235533166267,
            "mae": 0.001411769443786487,
            "r2": 0.922042397610388,
            "score": -0.001914235533166267
        }
    },
    "time": "0:00:48",
    "chunk_size": null,
    "eval_batch_size": 32768
}