{
    "function": "bin.ft_transformer.main",
    "gpus": [
        "A100-SXM-80GB"
    ],
    "config": {
        "seed": 4,
        "batch_size": 64,
        "patience": 16,
        "n_epochs": Infinity,
        "data": {
            "seed": 0,
            "cache": true,
            "path": ":data/regression-cat-medium-2-analcatdata_supreme",
            "num_policy": "quantile",
            "cat_policy": null,
            "y_policy": "standard"
        },
        "optimizer": {
            "type": "AdamW",
            "lr": 0.00014886625378006938,
            "weight_decay": 1.5350195972778377e-05
        },
        "model": {
            "d_token": 88,
            "n_blocks": 3,
            "attention_dropout": 0.4525842478778901,
            "ffn_d_hidden_factor": 1.940113426564465,
            "ffn_dropout": 0.2591228887665597,
            "residual_dropout": 0.0
        }
    },
    "n_parameters": 232373,
    "prediction_type": null,
    "best_epoch": 47,
    "metrics": {
        "train": {
            "rmse": 0.07222994830938774,
            "mae": 0.0320836665062858,
            "r2": 0.9825069859632841,
            "score": -0.07222994830938774
        },
        "val": {
            "rmse": 0.10485029029536723,
            "mae": 0.039336109133747854,
            "r2": 0.9711093511412306,
            "score": -0.10485029029536723
        },
        "test": {
            "rmse": 0.08172486649199365,
            "mae": 0.0330912458201329,
            "r2": 0.9759402805617581,
            "score": -0.08172486649199365
        }
    },
    "time": "0:00:35",
    "chunk_size": null,
    "eval_batch_size": 32768
}
