{
    "function": "bin.ensemble.main",
    "config": {
        "seeds": [
            5,
            6,
            7,
            8,
            9
        ]
    },
    "single_model_function": "bin.catboost_.main",
    "data": ":data/classif-num-medium-2-bank-marketing",
    "prediction_type": "probs",
    "metrics": {
        "train": {
            "0": {
                "precision": 0.8426659382682328,
                "recall": 0.8340091916734252,
                "f1-score": 0.8383152173913043,
                "support": 3699
            },
            "1": {
                "precision": 0.8359604595244456,
                "recall": 0.8445344129554656,
                "f1-score": 0.8402255639097744,
                "support": 3705
            },
            "accuracy": 0.8392760669908158,
            "macro avg": {
                "precision": 0.8393131988963392,
                "recall": 0.8392718023144454,
                "f1-score": 0.8392703906505394,
                "support": 7404
            },
            "weighted avg": {
                "precision": 0.8393104819276423,
                "recall": 0.8392760669908158,
                "f1-score": 0.8392711646969406,
                "support": 7404
            },
            "cross-entropy": 0.36467246348417914,
            "roc-auc": 0.9214007214263329,
            "score": 0.8392760669908158
        },
        "val": {
            "0": {
                "precision": 0.8203991130820399,
                "recall": 0.7991360691144709,
                "f1-score": 0.8096280087527353,
                "support": 463
            },
            "1": {
                "precision": 0.8143712574850299,
                "recall": 0.8343558282208589,
                "f1-score": 0.8242424242424243,
                "support": 489
            },
            "accuracy": 0.8172268907563025,
            "macro avg": {
                "precision": 0.817385185283535,
                "recall": 0.8167459486676649,
                "f1-score": 0.8169352164975798,
                "support": 952
            },
            "weighted avg": {
                "precision": 0.8173028721293741,
                "recall": 0.8172268907563025,
                "f1-score": 0.8171347830956533,
                "support": 952
            },
            "cross-entropy": 0.41642152838034485,
            "roc-auc": 0.8899283149372591,
            "score": 0.8172268907563025
        },
        "test": {
            "0": {
                "precision": 0.8129432624113475,
                "recall": 0.8136645962732919,
                "f1-score": 0.8133037694013304,
                "support": 1127
            },
            "1": {
                "precision": 0.8080438756855576,
                "recall": 0.8073059360730593,
                "f1-score": 0.8076747373229785,
                "support": 1095
            },
            "accuracy": 0.8105310531053105,
            "macro avg": {
                "precision": 0.8104935690484525,
                "recall": 0.8104852661731756,
                "f1-score": 0.8104892533621544,
                "support": 2222
            },
            "weighted avg": {
                "precision": 0.8105288481607895,
                "recall": 0.8105310531053105,
                "f1-score": 0.8105297864464269,
                "support": 2222
            },
            "cross-entropy": 0.4170685132055412,
            "roc-auc": 0.8904320274863966,
            "score": 0.8105310531053105
        }
    }
}
