{
    "function": "bin.lightgbm_.main",
    "gpus": [
        "GeForce RTX 2080 Ti",
        "GeForce RTX 2080 Ti"
    ],
    "config": {
        "seed": 10,
        "data": {
            "seed": 0,
            "num_policy": null,
            "cache": true,
            "path": ":data/classif-num-medium-2-kdd_ipums_la_97-small",
            "cat_policy": null,
            "y_policy": null
        },
        "model": {
            "n_estimators": 4000,
            "n_jobs": 4,
            "feature_fraction": 0.823545179555171,
            "lambda_l2": 0.0,
            "learning_rate": 0.06173022957079078,
            "num_leaves": 52,
            "min_sum_hessian_in_leaf": 0.5670709396298803,
            "bagging_fraction": 0.5991801028120255
        },
        "fit": {
            "early_stopping_rounds": 200,
            "verbose": true
        }
    },
    "prediction_type": "probs",
    "time": "0:00:00",
    "best_iteration": 9,
    "metrics": {
        "train": {
            "0": {
                "precision": 0.9715009499683344,
                "recall": 0.8517490283176014,
                "f1-score": 0.9076923076923077,
                "support": 1801
            },
            "1": {
                "precision": 0.8698830409356725,
                "recall": 0.9754098360655737,
                "f1-score": 0.9196290571870169,
                "support": 1830
            },
            "accuracy": 0.9140732580556321,
            "macro avg": {
                "precision": 0.9206919954520034,
                "recall": 0.9135794321915875,
                "f1-score": 0.9136606824396623,
                "support": 3631
            },
            "weighted avg": {
                "precision": 0.920286195484784,
                "recall": 0.9140732580556321,
                "f1-score": 0.9137083505387186,
                "support": 3631
            },
            "cross-entropy": 0.435956737792795,
            "roc-auc": 0.9744631852977853,
            "score": 0.9140732580556321
        },
        "val": {
            "0": {
                "precision": 0.9790575916230366,
                "recall": 0.8201754385964912,
                "f1-score": 0.8926014319809069,
                "support": 228
            },
            "1": {
                "precision": 0.8514492753623188,
                "recall": 0.9832635983263598,
                "f1-score": 0.9126213592233009,
                "support": 239
            },
            "accuracy": 0.9036402569593148,
            "macro avg": {
                "precision": 0.9152534334926777,
                "recall": 0.9017195184614255,
                "f1-score": 0.9026113956021039,
                "support": 467
            },
            "weighted avg": {
                "precision": 0.9137505518236544,
                "recall": 0.9036402569593148,
                "f1-score": 0.902847176329798,
                "support": 467
            },
            "cross-entropy": 0.4452593043024319,
            "roc-auc": 0.9595078176613081,
            "score": 0.9036402569593148
        },
        "test": {
            "0": {
                "precision": 0.9556025369978859,
                "recall": 0.8,
                "f1-score": 0.8709055876685936,
                "support": 565
            },
            "1": {
                "precision": 0.8168557536466775,
                "recall": 0.96,
                "f1-score": 0.8826619964973731,
                "support": 525
            },
            "accuracy": 0.8770642201834863,
            "macro avg": {
                "precision": 0.8862291453222817,
                "recall": 0.88,
                "f1-score": 0.8767837920829833,
                "support": 1090
            },
            "weighted avg": {
                "precision": 0.8887749578608359,
                "recall": 0.8770642201834863,
                "f1-score": 0.8765680781595194,
                "support": 1090
            },
            "cross-entropy": 0.45750794132867606,
            "roc-auc": 0.9430981879477455,
            "score": 0.8770642201834863
        }
    }
}
