{
    "function": "bin.ensemble.main",
    "config": {
        "seeds": [
            0,
            1,
            2,
            3,
            4
        ]
    },
    "single_model_function": "bin.xgboost_.main",
    "data": ":data/regression-num-medium-0-house_16H",
    "prediction_type": null,
    "metrics": {
        "train": {
            "rmse": 0.25818020087099675,
            "mae": 0.20037092233017972,
            "r2": 0.9142256291720003,
            "score": -0.25818020087099675
        },
        "val": {
            "rmse": 0.5737087086774373,
            "mae": 0.2903876215700407,
            "r2": 0.6045546593155356,
            "score": -0.5737087086774373
        },
        "test": {
            "rmse": 0.5845837196066015,
            "mae": 0.2946698111788848,
            "r2": 0.5301696511075895,
            "score": -0.5845837196066015
        }
    }
}
