{
    "function": "bin.tabr_scaling.main",
    "gpus": [
        "NVIDIA A100-SXM4-80GB"
    ],
    "config": {
        "seed": 6,
        "batch_size": 512,
        "patience": 16,
        "n_epochs": Infinity,
        "context_size": 96,
        "freeze_contexts_after_n_epochs": 4,
        "data": {
            "seed": 0,
            "cache": true,
            "path": ":data/diamond",
            "num_policy": "quantile",
            "cat_policy": "ordinal",
            "y_policy": "standard"
        },
        "model": {
            "num_embeddings": null,
            "d_main": 265,
            "mixer_dropout": 0.38920071545944357,
            "d_multiplier": 2.0,
            "encoder_n_blocks": 0,
            "predictor_n_blocks": 1,
            "mixer_normalization": "auto",
            "dropout0": 0.38852797479169876,
            "dropout1": 0.0,
            "normalization": "LayerNorm",
            "activation": "ReLU"
        },
        "optimizer": {
            "type": "AdamW",
            "lr": 0.0003121273641315169,
            "weight_decay": 1.2260352006404615e-06
        }
    },
    "n_parameters": 642626,
    "prediction_type": null,
    "best_epoch": 17,
    "metrics": {
        "train": {
            "rmse": 0.13040620793709512,
            "mae": 0.06962125169867238,
            "r2": 0.9829139298687082,
            "score": -0.13040620793709512
        },
        "val": {
            "rmse": 0.13325654798436615,
            "mae": 0.07063644276139637,
            "r2": 0.9826541982969607,
            "score": -0.13325654798436615
        },
        "test": {
            "rmse": 0.13466346323415632,
            "mae": 0.06981043278730216,
            "r2": 0.9817929317687608,
            "score": -0.13466346323415632
        }
    },
    "time": "0:00:35",
    "chunk_size": null,
    "eval_batch_size": 32768
}