{
    "function": "bin.xgboost_.main",
    "gpus": [
        "NVIDIA GeForce RTX 2080 Ti"
    ],
    "config": {
        "seed": 9,
        "neighbors": null,
        "data": {
            "seed": 0,
            "num_policy": null,
            "cache": true,
            "path": ":data/regression-cat-medium-2-analcatdata_supreme",
            "cat_policy": null,
            "y_policy": "standard"
        },
        "model": {
            "booster": "gbtree",
            "n_estimators": 4000,
            "n_jobs": 1,
            "tree_method": "gpu_hist",
            "use_label_encoder": false
        },
        "fit": {
            "early_stopping_rounds": 3999,
            "verbose": true
        }
    },
    "prediction_type": null,
    "time": "0:00:03",
    "best_iteration": 19,
    "metrics": {
        "train": {
            "rmse": 0.04523198080874361,
            "mae": 0.008933912232484964,
            "r2": 0.9931400452790179,
            "score": -0.04523198080874361
        },
        "val": {
            "rmse": 0.09462843281562348,
            "mae": 0.019462708258476624,
            "r2": 0.9764678648236601,
            "score": -0.09462843281562348
        },
        "test": {
            "rmse": 0.08171008750394243,
            "mae": 0.014809700472850462,
            "r2": 0.9759489814332383,
            "score": -0.08171008750394243
        }
    }
}
