{
    "function": "bin.xgboost_.main",
    "gpus": [
        "GeForce RTX 2080 Ti"
    ],
    "config": {
        "seed": 14,
        "data": {
            "seed": 0,
            "num_policy": null,
            "cache": true,
            "path": ":data/otto",
            "cat_policy": null,
            "y_policy": null
        },
        "neighbors": {
            "k": 96,
            "path": ":data/_exp/neighbors/otto/raw"
        },
        "model": {
            "booster": "gbtree",
            "n_estimators": 4000,
            "n_jobs": 1,
            "tree_method": "gpu_hist",
            "use_label_encoder": false,
            "colsample_bytree": 0.7276411210226286,
            "gamma": 0,
            "lambda": 0.26821611924790134,
            "learning_rate": 0.01183598679596711,
            "max_depth": 6,
            "min_child_weight": 0.900825452511404,
            "subsample": 0.5498978147452576
        },
        "fit": {
            "early_stopping_rounds": 200,
            "verbose": true
        }
    },
    "prediction_type": "probs",
    "time": "0:00:33",
    "best_iteration": 1153,
    "metrics": {
        "train": {
            "0": {
                "precision": 0.9498207885304659,
                "recall": 0.8582995951417004,
                "f1-score": 0.9017439387494683,
                "support": 1235
            },
            "1": {
                "precision": 0.8369998267798372,
                "recall": 0.9366156231827873,
                "f1-score": 0.8840102451518478,
                "support": 10318
            },
            "2": {
                "precision": 0.8268710550045085,
                "recall": 0.7161265130808278,
                "f1-score": 0.7675245867336262,
                "support": 5122
            },
            "3": {
                "precision": 0.9437596302003082,
                "recall": 0.7113821138211383,
                "f1-score": 0.8112582781456954,
                "support": 1722
            },
            "4": {
                "precision": 0.9988597491448119,
                "recall": 0.9994295493439818,
                "f1-score": 0.9991445680068435,
                "support": 1753
            },
            "5": {
                "precision": 0.9843646041250832,
                "recall": 0.9813177094848552,
                "f1-score": 0.9828387953941542,
                "support": 9046
            },
            "6": {
                "precision": 0.9202488687782805,
                "recall": 0.895432030820033,
                "f1-score": 0.907670850767085,
                "support": 1817
            },
            "7": {
                "precision": 0.9693746561525766,
                "recall": 0.9758168728078273,
                "f1-score": 0.9725850965961361,
                "support": 5417
            },
            "8": {
                "precision": 0.9545454545454546,
                "recall": 0.9668874172185431,
                "f1-score": 0.9606767977440076,
                "support": 3171
            },
            "accuracy": 0.9147496275346582,
            "macro avg": {
                "precision": 0.931649403695703,
                "recall": 0.8934786027668549,
                "f1-score": 0.9097170174765404,
                "support": 39601
            },
            "weighted avg": {
                "precision": 0.9160173279959131,
                "recall": 0.9147496275346582,
                "f1-score": 0.9133460483990732,
                "support": 39601
            },
            "cross-entropy": 0.27347389227242186,
            "score": 0.9147496275346582
        },
        "val": {
            "0": {
                "precision": 0.6990740740740741,
                "recall": 0.4902597402597403,
                "f1-score": 0.5763358778625954,
                "support": 308
            },
            "1": {
                "precision": 0.740529668119343,
                "recall": 0.8562015503875969,
                "f1-score": 0.7941758044220745,
                "support": 2580
            },
            "2": {
                "precision": 0.6417502278942571,
                "recall": 0.5495706479313037,
                "f1-score": 0.5920941968040371,
                "support": 1281
            },
            "3": {
                "precision": 0.7724137931034483,
                "recall": 0.5197215777262181,
                "f1-score": 0.6213592233009709,
                "support": 431
            },
            "4": {
                "precision": 0.9814814814814815,
                "recall": 0.9680365296803652,
                "f1-score": 0.9747126436781608,
                "support": 438
            },
            "5": {
                "precision": 0.9508566275924256,
                "recall": 0.9323607427055703,
                "f1-score": 0.9415178571428572,
                "support": 2262
            },
            "6": {
                "precision": 0.7274774774774775,
                "recall": 0.711453744493392,
                "f1-score": 0.7193763919821826,
                "support": 454
            },
            "7": {
                "precision": 0.9012784090909091,
                "recall": 0.9372230428360414,
                "f1-score": 0.9188993482983345,
                "support": 1354
            },
            "8": {
                "precision": 0.8462484624846248,
                "recall": 0.8675914249684742,
                "f1-score": 0.8567870485678704,
                "support": 793
            },
            "accuracy": 0.8182001817998182,
            "macro avg": {
                "precision": 0.8067900245908934,
                "recall": 0.7591576667765225,
                "f1-score": 0.7772509324510093,
                "support": 9901
            },
            "weighted avg": {
                "precision": 0.8164105744126834,
                "recall": 0.8182001817998182,
                "f1-score": 0.8140207834559817,
                "support": 9901
            },
            "cross-entropy": 0.4863587824169638,
            "score": 0.8182001817998182
        },
        "test": {
            "0": {
                "precision": 0.696551724137931,
                "recall": 0.5233160621761658,
                "f1-score": 0.5976331360946745,
                "support": 386
            },
            "1": {
                "precision": 0.7390717754991905,
                "recall": 0.8495657568238213,
                "f1-score": 0.7904761904761904,
                "support": 3224
            },
            "2": {
                "precision": 0.6150971599402093,
                "recall": 0.514053716427233,
                "f1-score": 0.5600544402858115,
                "support": 1601
            },
            "3": {
                "precision": 0.7507002801120448,
                "recall": 0.49814126394052044,
                "f1-score": 0.5988826815642458,
                "support": 538
            },
            "4": {
                "precision": 0.977818853974122,
                "recall": 0.9653284671532847,
                "f1-score": 0.9715335169880626,
                "support": 548
            },
            "5": {
                "precision": 0.9490014265335235,
                "recall": 0.9412805093738946,
                "f1-score": 0.945125199786894,
                "support": 2827
            },
            "6": {
                "precision": 0.7193605683836589,
                "recall": 0.7130281690140845,
                "f1-score": 0.7161803713527851,
                "support": 568
            },
            "7": {
                "precision": 0.9053664166185805,
                "recall": 0.9267572356763142,
                "f1-score": 0.9159369527145358,
                "support": 1693
            },
            "8": {
                "precision": 0.8467432950191571,
                "recall": 0.8920282542885973,
                "f1-score": 0.8687960687960689,
                "support": 991
            },