{
    "function": "bin.catboost_.main",
    "gpus": [
        "NVIDIA GeForce RTX 2080 Ti",
        "NVIDIA GeForce RTX 2080 Ti"
    ],
    "config": {
        "seed": 11,
        "data": {
            "seed": 0,
            "num_policy": null,
            "cat_policy": null,
            "cache": true,
            "path": ":data/regression-num-medium-0-house_16H",
            "y_policy": "standard"
        },
        "model": {
            "iterations": 4000,
            "early_stopping_rounds": 200,
            "od_pval": 0.001,
            "bagging_temperature": 0.7730377245331524,
            "depth": 5,
            "l2_leaf_reg": 1.040766659390394,
            "leaf_estimation_iterations": 7,
            "learning_rate": 0.03600739578366189,
            "task_type": "CPU",
            "thread_count": 4
        },
        "fit": {
            "logging_level": "Verbose"
        }
    },
    "prediction_type": null,
    "time": "0:00:05",
    "best_iteration": 1804,
    "metrics": {
        "train": {
            "rmse": 0.25292327170891127,
            "mae": 0.19440096236941495,
            "r2": 0.917683054609473,
            "score": -0.25292327170891127
        },
        "val": {
            "rmse": 0.5955985299428584,
            "mae": 0.29171216687110546,
            "r2": 0.5738025801588048,
            "score": -0.5955985299428584
        },
        "test": {
            "rmse": 0.6016989199830929,
            "mae": 0.29599180568123823,
            "r2": 0.5022558929690766,
            "score": -0.6016989199830929
        }
    }
}
