{
    "function": "bin.catboost_.main",
    "gpus": [
        "NVIDIA GeForce RTX 2080 Ti",
        "NVIDIA GeForce RTX 2080 Ti"
    ],
    "config": {
        "seed": 2,
        "data": {
            "seed": 0,
            "num_policy": null,
            "cat_policy": null,
            "cache": true,
            "path": ":data/classif-num-medium-1-phoneme",
            "y_policy": null
        },
        "model": {
            "iterations": 4000,
            "early_stopping_rounds": 200,
            "od_pval": 0.001,
            "bagging_temperature": 0.8608232852323673,
            "depth": 9,
            "l2_leaf_reg": 7.533474749584883,
            "leaf_estimation_iterations": 7,
            "learning_rate": 0.8160000118241134,
            "task_type": "CPU",
            "thread_count": 4
        },
        "fit": {
            "logging_level": "Verbose"
        }
    },
    "prediction_type": "probs",
    "time": "0:00:02",
    "best_iteration": 108,
    "metrics": {
        "train": {
            "0": {
                "precision": 1.0,
                "recall": 1.0,
                "f1-score": 1.0,
                "support": 1098
            },
            "1": {
                "precision": 1.0,
                "recall": 1.0,
                "f1-score": 1.0,
                "support": 1122
            },
            "accuracy": 1.0,
            "macro avg": {
                "precision": 1.0,
                "recall": 1.0,
                "f1-score": 1.0,
                "support": 2220
            },
            "weighted avg": {
                "precision": 1.0,
                "recall": 1.0,
                "f1-score": 1.0,
                "support": 2220
            },
            "cross-entropy": 0.022901724771008304,
            "roc-auc": 1.0,
            "score": 1.0
        },
        "val": {
            "0": {
                "precision": 0.9006622516556292,
                "recall": 0.9006622516556292,
                "f1-score": 0.9006622516556292,
                "support": 151
            },
            "1": {
                "precision": 0.8880597014925373,
                "recall": 0.8880597014925373,
                "f1-score": 0.8880597014925373,
                "support": 134
            },
            "accuracy": 0.8947368421052632,
            "macro avg": {
                "precision": 0.8943609765740832,
                "recall": 0.8943609765740832,
                "f1-score": 0.8943609765740832,
                "support": 285
            },
            "weighted avg": {
                "precision": 0.8947368421052632,
                "recall": 0.8947368421052632,
                "f1-score": 0.8947368421052632,
                "support": 285
            },
            "cross-entropy": 0.3082828276687782,
            "roc-auc": 0.9534446970445785,
            "score": 0.8947368421052632
        },
        "test": {
            "0": {
                "precision": 0.9073482428115016,
                "recall": 0.8427299703264095,
                "f1-score": 0.8738461538461538,
                "support": 337
            },
            "1": {
                "precision": 0.8502824858757062,
                "recall": 0.9121212121212121,
                "f1-score": 0.8801169590643275,
                "support": 330
            },
            "accuracy": 0.8770614692653673,
            "macro avg": {
                "precision": 0.8788153643436039,
                "recall": 0.8774255912238108,
                "f1-score": 0.8769815564552407,
                "support": 667
            },
            "weighted avg": {
                "precision": 0.8791148098447662,
                "recall": 0.8770614692653673,
                "f1-score": 0.8769486511804827,
                "support": 667
            },
            "cross-entropy": 0.3522668303096979,
            "roc-auc": 0.9410934268501033,
            "score": 0.8770614692653673
        }
    }
}
