{
    "function": "bin.ensemble.main",
    "config": {
        "seeds": [
            5,
            6,
            7,
            8,
            9
        ]
    },
    "single_model_function": "bin.tabr.main",
    "data": ":data/classif-num-medium-4-phoneme",
    "prediction_type": "probs",
    "metrics": {
        "train": {
            "0": {
                "precision": 0.8853211009174312,
                "recall": 0.8701532912533815,
                "f1-score": 0.8776716689404275,
                "support": 1109
            },
            "1": {
                "precision": 0.8725663716814159,
                "recall": 0.8874887488748875,
                "f1-score": 0.8799643016510487,
                "support": 1111
            },
            "accuracy": 0.8788288288288288,
            "macro avg": {
                "precision": 0.8789437362994236,
                "recall": 0.8788210200641344,
                "f1-score": 0.8788179852957381,
                "support": 2220
            },
            "weighted avg": {
                "precision": 0.8789379909258939,
                "recall": 0.8788288288288288,
                "f1-score": 0.8788190180131753,
                "support": 2220
            },
            "cross-entropy": 0.3039738078613806,
            "roc-auc": 0.9420306322787374,
            "score": 0.8788288288288288
        },
        "val": {
            "0": {
                "precision": 0.9361702127659575,
                "recall": 0.8859060402684564,
                "f1-score": 0.9103448275862069,
                "support": 149
            },
            "1": {
                "precision": 0.8819444444444444,
                "recall": 0.9338235294117647,
                "f1-score": 0.9071428571428571,
                "support": 136
            },
            "accuracy": 0.9087719298245615,
            "macro avg": {
                "precision": 0.9090573286052009,
                "recall": 0.9098647848401106,
                "f1-score": 0.908743842364532,
                "support": 285
            },
            "weighted avg": {
                "precision": 0.910294056654639,
                "recall": 0.9087719298245615,
                "f1-score": 0.9088168697606083,
                "support": 285
            },
            "cross-entropy": 0.2630276313426083,
            "roc-auc": 0.9570667193051717,
            "score": 0.9087719298245615
        },
        "test": {
            "0": {
                "precision": 0.8878504672897196,
                "recall": 0.8689024390243902,
                "f1-score": 0.8782742681047766,
                "support": 328
            },
            "1": {
                "precision": 0.8757225433526011,
                "recall": 0.8938053097345132,
                "f1-score": 0.8846715328467153,
                "support": 339
            },
            "accuracy": 0.881559220389805,
            "macro avg": {
                "precision": 0.8817865053211604,
                "recall": 0.8813538743794518,
                "f1-score": 0.881472900475746,
                "support": 667
            },
            "weighted avg": {
                "precision": 0.881686499951364,
                "recall": 0.881559220389805,
                "f1-score": 0.8815256515343377,
                "support": 667
            },
            "cross-entropy": 0.30867415499502787,
            "roc-auc": 0.9397528599179796,
            "score": 0.881559220389805
        }
    }
}