{
    "function": "bin.tabr.main",
    "gpus": [
        "A100-SXM4-40GB"
    ],
    "config": {
        "seed": 14,
        "batch_size": 256,
        "patience": 16,
        "n_epochs": Infinity,
        "context_size": 96,
        "data": {
            "seed": 0,
            "cache": true,
            "path": ":data/classif-num-medium-2-MagicTelescope",
            "num_policy": "quantile",
            "cat_policy": null,
            "y_policy": null
        },
        "model": {
            "d_main": 59,
            "context_dropout": 0.08546202729954497,
            "d_multiplier": 2.0,
            "encoder_n_blocks": 0,
            "predictor_n_blocks": 1,
            "mixer_normalization": "auto",
            "dropout0": 0.16787453754918522,
            "dropout1": 0.0,
            "normalization": "LayerNorm",
            "activation": "ReLU",
            "num_embeddings": {
                "type": "PLREmbeddings",
                "n_frequencies": 42,
                "frequency_scale": 0.04225673529274504,
                "d_embedding": 15,
                "lite": true
            }
        },
        "optimizer": {
            "type": "AdamW",
            "lr": 0.00047357731981498383,
            "weight_decay": 0.0
        }
    },
    "n_parameters": 42701,
    "prediction_type": "logits",
    "best_epoch": 18,
    "metrics": {
        "train": {
            "0": {
                "precision": 0.8371684867394695,
                "recall": 0.9200600085726532,
                "f1-score": 0.8766591790892382,
                "support": 4666
            },
            "1": {
                "precision": 0.9119244391971665,
                "recall": 0.8222269533744944,
                "f1-score": 0.864755933721451,
                "support": 4697
            },
            "accuracy": 0.8709815230161273,
            "macro avg": {
                "precision": 0.874546462968318,
                "recall": 0.8711434809735739,
                "f1-score": 0.8707075564053446,
                "support": 9363
            },
            "weighted avg": {
                "precision": 0.8746702178826717,
                "recall": 0.8709815230161273,
                "f1-score": 0.8706878511502767,
                "support": 9363
            },
            "cross-entropy": 0.3009080332766708,
            "roc-auc": 0.9432037540081077,
            "score": 0.8709815230161273
        },
        "val": {
            "0": {
                "precision": 0.832572298325723,
                "recall": 0.9116666666666666,
                "f1-score": 0.8703261734287987,
                "support": 600
            },
            "1": {
                "precision": 0.9029304029304029,
                "recall": 0.8175787728026535,
                "f1-score": 0.8581375108790253,
                "support": 603
            },
            "accuracy": 0.8645054031587698,
            "macro avg": {
                "precision": 0.867751350628063,
                "recall": 0.8646227197346601,
                "f1-score": 0.864231842153912,
                "support": 1203
            },
            "weighted avg": {
                "precision": 0.8678390789380439,
                "recall": 0.8645054031587698,
                "f1-score": 0.8642166443203089,
                "support": 1203
            },
            "cross-entropy": 0.3325063843927903,
            "roc-auc": 0.9306191265892758,
            "score": 0.8645054031587698
        },
        "test": {
            "0": {
                "precision": 0.8253467843631778,
                "recall": 0.9205344585091421,
                "f1-score": 0.870345744680851,
                "support": 1422
            },
            "1": {
                "precision": 0.9076797385620915,
                "recall": 0.8004322766570605,
                "f1-score": 0.8506891271056662,
                "support": 1388
            },
            "accuracy": 0.8612099644128114,
            "macro avg": {
                "precision": 0.8665132614626346,
                "recall": 0.8604833675831013,
                "f1-score": 0.8605174358932586,
                "support": 2810
            },
            "weighted avg": {
                "precision": 0.866015161739723,
                "recall": 0.8612099644128114,
                "f1-score": 0.8606363549319698,
                "support": 2810
            },
            "cross-entropy": 0.30994999508742377,
            "roc-auc": 0.9399590421414008,
            "score": 0.8612099644128114
        }
    },
    "time": "0:00:14",
    "chunk_size": null,
    "eval_batch_size": 32768
}