{
    "function": "bin.tabr.main",
    "gpus": [
        "NVIDIA A100-SXM4-80GB"
    ],
    "config": {
        "seed": 11,
        "batch_size": 64,
        "patience": 16,
        "n_epochs": Infinity,
        "context_size": 96,
        "data": {
            "seed": 0,
            "cache": true,
            "path": ":data/regression-cat-medium-1-Mercedes_Benz_Greener_Manufacturing",
            "num_policy": null,
            "cat_policy": "ordinal",
            "y_policy": "standard"
        },
        "model": {
            "num_embeddings": null,
            "d_main": 265,
            "mixer_dropout": 0.38920071545944357,
            "d_multiplier": 2.0,
            "encoder_n_blocks": 0,
            "predictor_n_blocks": 1,
            "mixer_normalization": "auto",
            "dropout0": 0.38852797479169876,
            "dropout1": 0.0,
            "normalization": "LayerNorm",
            "activation": "ReLU"
        },
        "optimizer": {
            "type": "AdamW",
            "lr": 0.0003121273641315169,
            "weight_decay": 1.2260352006404615e-06
        }
    },
    "n_parameters": 736171,
    "prediction_type": null,
    "best_epoch": 1,
    "metrics": {
        "train": {
            "rmse": 8.250967349237392,
            "mae": 5.202930322869577,
            "r2": 0.5778595993187737,
            "score": -8.250967349237392
        },
        "val": {
            "rmse": 9.39276012568554,
            "mae": 5.9846295942867584,
            "r2": 0.5009330045698801,
            "score": -9.39276012568554
        },
        "test": {
            "rmse": 7.807265093295338,
            "mae": 5.368671794278725,
            "r2": 0.5982311565936969,
            "score": -7.807265093295338
        }
    },
    "time": "0:00:14",
    "chunk_size": null,
    "eval_batch_size": 32768
}