{
    "function": "bin.catboost_.main",
    "gpus": [],
    "config": {
        "seed": 10,
        "data": {
            "seed": 0,
            "num_policy": null,
            "cat_policy": null,
            "cache": true,
            "path": ":data/diamond",
            "y_policy": "standard"
        },
        "model": {
            "iterations": 4000,
            "early_stopping_rounds": 3999,
            "thread_count": 4,
            "task_type": "CPU",
            "od_pval": 0.001
        },
        "fit": {
            "logging_level": "Verbose"
        }
    },
    "prediction_type": null,
    "time": "0:00:22",
    "best_iteration": 2517,
    "metrics": {
        "train": {
            "rmse": 0.10860753880727626,
            "mae": 0.06067945182779064,
            "r2": 0.9881487107958876,
            "score": -0.10860753880727626
        },
        "val": {
            "rmse": 0.13095806291568599,
            "mae": 0.06752345588500529,
            "r2": 0.9832474182865367,
            "score": -0.13095806291568599
        },
        "test": {
            "rmse": 0.13252198654458203,
            "mae": 0.06766307991487001,
            "r2": 0.9823674007932031,
            "score": -0.13252198654458203
        }
    }
}
