{
    "function": "bin.ensemble.main",
    "config": {
        "seeds": [
            10,
            11,
            12,
            13,
            14
        ]
    },
    "single_model_function": "bin.ffn.main",
    "data": ":data/california",
    "prediction_type": null,
    "metrics": {
        "train": {
            "rmse": 0.3637687651003195,
            "mae": 0.2524522037160093,
            "r2": 0.9017589600176853,
            "score": -0.3637687651003195
        },
        "val": {
            "rmse": 0.4711800270560735,
            "mae": 0.30355108699846767,
            "r2": 0.8297294256228143,
            "score": -0.4711800270560735
        },
        "test": {
            "rmse": 0.4681622280977298,
            "mae": 0.30904720023423593,
            "r2": 0.8319145301099942,
            "score": -0.4681622280977298
        }
    }
}
