{
    "function": "bin.catboost_.main",
    "gpus": [
        "NVIDIA GeForce RTX 2080 Ti",
        "NVIDIA GeForce RTX 2080 Ti"
    ],
    "config": {
        "seed": 4,
        "data": {
            "seed": 0,
            "num_policy": null,
            "cat_policy": null,
            "cache": true,
            "path": ":data/regression-num-medium-1-elevators",
            "y_policy": "standard"
        },
        "model": {
            "iterations": 4000,
            "early_stopping_rounds": 3999,
            "thread_count": 4,
            "task_type": "CPU",
            "od_pval": 0.001
        },
        "fit": {
            "logging_level": "Verbose"
        }
    },
    "prediction_type": null,
    "time": "0:00:06",
    "best_iteration": 3990,
    "metrics": {
        "train": {
            "rmse": 0.0012706966557751176,
            "mae": 0.0009542508409350458,
            "r2": 0.964306266902813,
            "score": -0.0012706966557751176
        },
        "val": {
            "rmse": 0.0019453607386002258,
            "mae": 0.0014675932488182294,
            "r2": 0.9157608892642568,
            "score": -0.0019453607386002258
        },
        "test": {
            "rmse": 0.0019527973660416976,
            "mae": 0.0014597520449258238,
            "r2": 0.9151253616901273,
            "score": -0.0019527973660416976
        }
    }
}
