{
    "function": "bin.catboost_.main",
    "gpus": [
        "NVIDIA GeForce RTX 2080 Ti",
        "NVIDIA GeForce RTX 2080 Ti"
    ],
    "config": {
        "seed": 5,
        "data": {
            "seed": 0,
            "num_policy": null,
            "cat_policy": null,
            "cache": true,
            "path": ":data/regression-num-medium-0-Ailerons",
            "y_policy": "standard"
        },
        "model": {
            "iterations": 4000,
            "early_stopping_rounds": 200,
            "od_pval": 0.001,
            "bagging_temperature": 0.7486228204245675,
            "depth": 9,
            "l2_leaf_reg": 3.569411461295261,
            "leaf_estimation_iterations": 8,
            "learning_rate": 0.008795098129193372,
            "task_type": "CPU",
            "thread_count": 4
        },
        "fit": {
            "logging_level": "Verbose"
        }
    },
    "prediction_type": null,
    "time": "0:00:22",
    "best_iteration": 3866,
    "metrics": {
        "train": {
            "rmse": 7.810167764420071e-05,
            "mae": 5.7827211798424346e-05,
            "r2": 0.9641604520265037,
            "score": -7.810167764420071e-05
        },
        "val": {
            "rmse": 0.00014728446088979288,
            "mae": 0.00010674356070229405,
            "r2": 0.8532973951967955,
            "score": -0.00014728446088979288
        },
        "test": {
            "rmse": 0.00015220118804699218,
            "mae": 0.00010735290030910911,
            "r2": 0.8560850783734119,
            "score": -0.00015220118804699218
        }
    }
}
