{
    "function": "bin.catboost_.main",
    "gpus": [
        "GeForce RTX 2080 Ti",
        "GeForce RTX 2080 Ti"
    ],
    "config": {
        "seed": 4,
        "data": {
            "seed": 0,
            "num_policy": null,
            "cat_policy": null,
            "cache": true,
            "path": ":data/classif-num-medium-2-wine",
            "y_policy": null
        },
        "model": {
            "iterations": 4000,
            "early_stopping_rounds": 200,
            "od_pval": 0.001,
            "bagging_temperature": 0.8881706032326878,
            "depth": 7,
            "l2_leaf_reg": 7.6554995316585,
            "leaf_estimation_iterations": 1,
            "learning_rate": 0.32964733132147683,
            "task_type": "CPU",
            "thread_count": 4
        },
        "fit": {
            "logging_level": "Verbose"
        }
    },
    "prediction_type": "probs",
    "time": "0:00:02",
    "best_iteration": 668,
    "metrics": {
        "train": {
            "0": {
                "precision": 0.9989035087719298,
                "recall": 1.0,
                "f1-score": 0.9994514536478333,
                "support": 911
            },
            "1": {
                "precision": 1.0,
                "recall": 0.9988584474885844,
                "f1-score": 0.9994288977727013,
                "support": 876
            },
            "accuracy": 0.9994404029099049,
            "macro avg": {
                "precision": 0.9994517543859649,
                "recall": 0.9994292237442922,
                "f1-score": 0.9994401757102673,
                "support": 1787
            },
            "weighted avg": {
                "precision": 0.9994410165032054,
                "recall": 0.9994404029099049,
                "f1-score": 0.9994403965988038,
                "support": 1787
            },
            "cross-entropy": 0.0757763498731878,
            "roc-auc": 1.0,
            "score": 0.9994404029099049
        },
        "val": {
            "0": {
                "precision": 0.8541666666666666,
                "recall": 0.780952380952381,
                "f1-score": 0.8159203980099502,
                "support": 105
            },
            "1": {
                "precision": 0.8283582089552238,
                "recall": 0.888,
                "f1-score": 0.8571428571428572,
                "support": 125
            },
            "accuracy": 0.8391304347826087,
            "macro avg": {
                "precision": 0.8412624378109452,
                "recall": 0.8344761904761905,
                "f1-score": 0.8365316275764036,
                "support": 230
            },
            "weighted avg": {
                "precision": 0.8401403309539259,
                "recall": 0.8391304347826087,
                "f1-score": 0.8383239084082692,
                "support": 230
            },
            "cross-entropy": 0.4490505857335645,
            "roc-auc": 0.8750476190476191,
            "score": 0.8391304347826087
        },
        "test": {
            "0": {
                "precision": 0.8008130081300813,
                "recall": 0.7547892720306514,
                "f1-score": 0.777120315581854,
                "support": 261
            },
            "1": {
                "precision": 0.7800687285223368,
                "recall": 0.822463768115942,
                "f1-score": 0.8007054673721341,
                "support": 276
            },
            "accuracy": 0.7895716945996276,
            "macro avg": {
                "precision": 0.790440868326209,
                "recall": 0.7886265200732967,
                "f1-score": 0.7889128914769941,
                "support": 537
            },
            "weighted avg": {
                "precision": 0.7901511437506819,
                "recall": 0.7895716945996276,
                "f1-score": 0.7892422930383108,
                "support": 537
            },
            "cross-entropy": 0.4655644910683449,
            "roc-auc": 0.8766033649841745,
            "score": 0.7895716945996276
        }
    }
}
