{
    "function": "bin.xgboost_.main",
    "gpus": [
        "NVIDIA GeForce RTX 2080 Ti"
    ],
    "config": {
        "seed": 8,
        "data": {
            "seed": 0,
            "num_policy": null,
            "cache": true,
            "path": ":data/regression-num-medium-1-sulfur",
            "cat_policy": null,
            "y_policy": "standard"
        },
        "model": {
            "booster": "gbtree",
            "n_estimators": 4000,
            "n_jobs": 1,
            "tree_method": "gpu_hist",
            "use_label_encoder": false,
            "colsample_bytree": 0.7953618657310007,
            "gamma": 0.0018434468743814632,
            "lambda": 0.0,
            "learning_rate": 0.11466732327782349,
            "max_depth": 6,
            "min_child_weight": 0.04089594723994776,
            "subsample": 0.8224078641222431
        },
        "fit": {
            "early_stopping_rounds": 200,
            "verbose": true
        },
        "neighbors": null
    },
    "prediction_type": null,
    "time": "0:00:01",
    "best_iteration": 576,
    "metrics": {
        "train": {
            "rmse": 0.0030290404689723113,
            "mae": 0.0023568392935331695,
            "r2": 0.9966062545588864,
            "score": -0.0030290404689723113
        },
        "val": {
            "rmse": 0.024904835479604016,
            "mae": 0.010852689123974635,
            "r2": 0.8456403592445987,
            "score": -0.024904835479604016
        },
        "test": {
            "rmse": 0.021074813294203697,
            "mae": 0.010226376897980172,
            "r2": 0.8311942838826035,
            "score": -0.021074813294203697
        }
    }
}
