{
    "function": "bin.tabr.main",
    "gpus": [
        "NVIDIA A100-SXM4-80GB"
    ],
    "config": {
        "seed": 12,
        "batch_size": 256,
        "patience": 16,
        "n_epochs": Infinity,
        "context_size": 96,
        "data": {
            "seed": 0,
            "cache": true,
            "path": ":data/classif-num-medium-1-credit",
            "num_policy": "quantile",
            "cat_policy": null,
            "y_policy": null
        },
        "model": {
            "num_embeddings": null,
            "d_main": 265,
            "mixer_dropout": 0.38920071545944357,
            "d_multiplier": 2.0,
            "encoder_n_blocks": 0,
            "predictor_n_blocks": 1,
            "mixer_normalization": "auto",
            "dropout0": 0.38852797479169876,
            "dropout1": 0.0,
            "normalization": "LayerNorm",
            "activation": "ReLU"
        },
        "optimizer": {
            "type": "AdamW",
            "lr": 0.0003121273641315169,
            "weight_decay": 1.2260352006404615e-06
        }
    },
    "n_parameters": 638386,
    "prediction_type": "logits",
    "best_epoch": 2,
    "metrics": {
        "train": {
            "0": {
                "precision": 0.7768306857807051,
                "recall": 0.7953193177310591,
                "f1-score": 0.7859662877303017,
                "support": 5042
            },
            "1": {
                "precision": 0.7866887143447706,
                "recall": 0.7676482452601856,
                "f1-score": 0.7770518579011844,
                "support": 4958
            },
            "accuracy": 0.7816,
            "macro avg": {
                "precision": 0.7817597000627379,
                "recall": 0.7814837814956224,
                "f1-score": 0.781509072815743,
                "support": 10000
            },
            "weighted avg": {
                "precision": 0.7817182963427687,
                "recall": 0.7816,
                "f1-score": 0.7815465134210253,
                "support": 10000
            },
            "cross-entropy": 0.4641706066304565,
            "roc-auc": 0.8626657696967097,
            "score": 0.7816
        },
        "val": {
            "0": {
                "precision": 0.7567049808429118,
                "recall": 0.7798617966436328,
                "f1-score": 0.7681088964511423,
                "support": 1013
            },
            "1": {
                "precision": 0.7701030927835052,
                "recall": 0.7462537462537463,
                "f1-score": 0.7579908675799087,
                "support": 1001
            },
            "accuracy": 0.7631578947368421,
            "macro avg": {
                "precision": 0.7634040368132085,
                "recall": 0.7630577714486895,
                "f1-score": 0.7630498820155256,
                "support": 2014
            },
            "weighted avg": {
                "precision": 0.7633641218819058,
                "recall": 0.7631578947368421,
                "f1-score": 0.7630800251005441,
                "support": 2014
            },
            "cross-entropy": 0.49253918795895024,
            "roc-auc": 0.8448688527661874,
            "score": 0.7631578947368421
        },
        "test": {
            "0": {
                "precision": 0.7622847543049139,
                "recall": 0.7884448305821026,
                "f1-score": 0.7751441383728378,
                "support": 2302
            },
            "1": {
                "precision": 0.789995687796464,
                "recall": 0.7639699749791493,
                "f1-score": 0.7767648929404283,
                "support": 2398
            },
            "accuracy": 0.7759574468085106,
            "macro avg": {
                "precision": 0.7761402210506889,
                "recall": 0.7762074027806259,
                "f1-score": 0.775954515656633,
                "support": 4700
            },
            "weighted avg": {
                "precision": 0.7764232263289005,
                "recall": 0.7759574468085106,
                "f1-score": 0.7759710680437063,
                "support": 4700
            },
            "cross-entropy": 0.4856846091366603,
            "roc-auc": 0.8490138755942724,
            "score": 0.7759574468085106
        }
    },
    "time": "0:00:09",
    "chunk_size": null,
    "eval_batch_size": 32768
}