{
    "function": "bin.tabr_design.main",
    "gpus": [
        "A100-SXM-80GB"
    ],
    "config": {
        "seed": 4,
        "batch_size": 512,
        "patience": 16,
        "n_epochs": Infinity,
        "context_size": 96,
        "data": {
            "seed": 0,
            "cache": true,
            "path": ":data/higgs-small",
            "num_policy": "quantile",
            "cat_policy": null,
            "y_policy": null
        },
        "model": {
            "num_embeddings": null,
            "d_main": 122,
            "context_dropout": 0.42923173413977644,
            "d_multiplier": 2.0,
            "encoder_n_blocks": 0,
            "predictor_n_blocks": 1,
            "mixer_normalization": "auto",
            "dropout0": 0.4729760701152334,
            "dropout1": 0.0,
            "normalization": "LayerNorm",
            "activation": "ReLU",
            "dot_product": true,
            "use_Q": false,
            "use_V": true,
            "use_labels": false,
            "use_T": false,
            "self_attention": true,
            "scale_similarities": true
        },
        "optimizer": {
            "type": "AdamW",
            "lr": 0.00017249921359544518,
            "weight_decay": 2.9980144054386034e-06
        }
    },
    "n_parameters": 94063,
    "prediction_type": "logits",
    "best_epoch": 84,
    "metrics": {
        "train": {
            "0": {
                "precision": 0.7512526962004314,
                "recall": 0.7652964640659861,
                "f1-score": 0.7582095550680711,
                "support": 29582
            },
            "1": {
                "precision": 0.7871290164336522,
                "recall": 0.7740058488347553,
                "f1-score": 0.7805122748346887,
                "support": 33169
            },
            "accuracy": 0.7699000812736052,
            "macro avg": {
                "precision": 0.7691908563170418,
                "recall": 0.7696511564503707,
                "f1-score": 0.7693609149513798,
                "support": 62751
            },
            "weighted avg": {
                "precision": 0.7702162452405376,
                "recall": 0.7699000812736052,
                "f1-score": 0.7699983538432132,
                "support": 62751
            },
            "cross-entropy": 0.4700623152045674,
            "roc-auc": 0.8558482234663867,
            "score": 0.7699000812736052
        },
        "val": {
            "0": {
                "precision": 0.7109289617486338,
                "recall": 0.7036235803136831,
                "f1-score": 0.7072574069040501,
                "support": 7396
            },
            "1": {
                "precision": 0.7380497131931166,
                "recall": 0.7448142788229619,
                "f1-score": 0.7414165666266507,
                "support": 8292
            },
            "accuracy": 0.725395206527282,
            "macro avg": {
                "precision": 0.7244893374708752,
                "recall": 0.7242189295683226,
                "f1-score": 0.7243369867653504,
                "support": 15688
            },
            "weighted avg": {
                "precision": 0.7252638209389481,
                "recall": 0.725395206527282,
                "f1-score": 0.725312465064415,
                "support": 15688
            },
            "cross-entropy": 0.5392005877766812,
            "roc-auc": 0.8019991950773511,
            "score": 0.725395206527282
        },
        "test": {
            "0": {
                "precision": 0.7003316572162192,
                "recall": 0.7080584099513251,
                "f1-score": 0.7041738382099828,
                "support": 9245
            },
            "1": {
                "precision": 0.7370164669200039,
                "recall": 0.7297636275928606,
                "f1-score": 0.7333721155710684,
                "support": 10365
            },
            "accuracy": 0.7195308516063234,
            "macro avg": {
                "precision": 0.7186740620681116,
                "recall": 0.7189110187720928,
                "f1-score": 0.7187729768905256,
                "support": 19610
            },
            "weighted avg": {
                "precision": 0.7197216649969295,
                "recall": 0.7195308516063234,
                "f1-score": 0.7196067879727391,
                "support": 19610
            },
            "cross-entropy": 0.5448351960919441,
            "roc-auc": 0.798064470514694,
            "score": 0.7195308516063234
        }
    },
    "time": "0:02:15",
    "chunk_size": null,
    "eval_batch_size": 32768
}