{
    "function": "bin.catboost_.main",
    "gpus": [
        "NVIDIA GeForce RTX 2080 Ti",
        "NVIDIA GeForce RTX 2080 Ti"
    ],
    "config": {
        "seed": 11,
        "data": {
            "seed": 0,
            "num_policy": null,
            "cat_policy": null,
            "cache": true,
            "path": ":data/classif-cat-medium-1-rl",
            "y_policy": null
        },
        "model": {
            "iterations": 4000,
            "early_stopping_rounds": 200,
            "od_pval": 0.001,
            "bagging_temperature": 0.6052886394081946,
            "depth": 5,
            "l2_leaf_reg": 0.41302566828721266,
            "leaf_estimation_iterations": 7,
            "learning_rate": 0.12952375777875705,
            "task_type": "CPU",
            "thread_count": 4
        },
        "fit": {
            "logging_level": "Verbose"
        }
    },
    "prediction_type": "probs",
    "time": "0:00:08",
    "best_iteration": 2937,
    "metrics": {
        "train": {
            "0": {
                "precision": 0.998262883613202,
                "recall": 0.9936599423631124,
                "f1-score": 0.9959560947429231,
                "support": 1735
            },
            "1": {
                "precision": 0.9937214611872146,
                "recall": 0.9982798165137615,
                "f1-score": 0.995995423340961,
                "support": 1744
            },
            "accuracy": 0.9959758551307847,
            "macro avg": {
                "precision": 0.9959921724002083,
                "recall": 0.995969879438437,
                "f1-score": 0.995975759041942,
                "support": 3479
            },
            "weighted avg": {
                "precision": 0.9959862981832158,
                "recall": 0.9959758551307847,
                "f1-score": 0.9959758099125057,
                "support": 3479
            },
            "cross-entropy": 0.03985513410999049,
            "roc-auc": 0.9996559633027522,
            "score": 0.9959758551307847
        },
        "val": {
            "0": {
                "precision": 0.832579185520362,
                "recall": 0.7896995708154506,
                "f1-score": 0.8105726872246696,
                "support": 233
            },
            "1": {
                "precision": 0.7831858407079646,
                "recall": 0.8271028037383178,
                "f1-score": 0.8045454545454547,
                "support": 214
            },
            "accuracy": 0.8076062639821029,
            "macro avg": {
                "precision": 0.8078825131141634,
                "recall": 0.8084011872768841,
                "f1-score": 0.8075590708850622,
                "support": 447
            },
            "weighted avg": {
                "precision": 0.8089322598159927,
                "recall": 0.8076062639821029,
                "f1-score": 0.8076871664341728,
                "support": 447
            },
            "cross-entropy": 0.5709582046671801,
            "roc-auc": 0.8709438049015282,
            "score": 0.8076062639821029
        },
        "test": {
            "0": {
                "precision": 0.79296875,
                "recall": 0.7852998065764023,
                "f1-score": 0.7891156462585034,
                "support": 517
            },
            "1": {
                "precision": 0.7913533834586466,
                "recall": 0.7988614800759013,
                "f1-score": 0.7950897072710104,
                "support": 527
            },
            "accuracy": 0.7921455938697318,
            "macro avg": {
                "precision": 0.7921610667293233,
                "recall": 0.7920806433261518,
                "f1-score": 0.7921026767647569,
                "support": 1044
            },
            "weighted avg": {
                "precision": 0.7921533302995276,
                "recall": 0.7921455938697318,
                "f1-score": 0.7921312881680734,
                "support": 1044
            },
            "cross-entropy": 0.5555361528312855,
            "roc-auc": 0.8723000524849611,
            "score": 0.7921455938697318
        }
    }
}
