{
    "function": "bin.lightgbm_.main",
    "gpus": [
        "GeForce RTX 2080 Ti",
        "GeForce RTX 2080 Ti"
    ],
    "config": {
        "seed": 7,
        "data": {
            "seed": 0,
            "num_policy": null,
            "cache": true,
            "path": ":data/regression-cat-medium-2-Brazilian_houses",
            "cat_policy": "one-hot",
            "y_policy": "standard"
        },
        "model": {
            "n_estimators": 4000,
            "n_jobs": 4,
            "feature_fraction": 0.8699724481613752,
            "lambda_l2": 0.5003481471988899,
            "learning_rate": 0.01533842370510435,
            "num_leaves": 16,
            "min_sum_hessian_in_leaf": 46.01372455346864,
            "bagging_fraction": 0.7059781242024155
        },
        "fit": {
            "early_stopping_rounds": 200,
            "verbose": true
        }
    },
    "prediction_type": null,
    "time": "0:00:03",
    "best_iteration": 3333,
    "metrics": {
        "train": {
            "rmse": 0.047904746194483344,
            "mae": 0.013649925816455327,
            "r2": 0.9963887107356765,
            "score": -0.047904746194483344
        },
        "val": {
            "rmse": 0.030258429590062003,
            "mae": 0.01606974195392728,
            "r2": 0.9985499238785521,
            "score": -0.030258429590062003
        },
        "test": {
            "rmse": 0.09507548598647618,
            "mae": 0.01866515814784991,
            "r2": 0.9859888792712833,
            "score": -0.09507548598647618
        }
    }
}
