{
    "function": "bin.tabr_design.main",
    "gpus": [
        "NVIDIA A100-SXM4-80GB"
    ],
    "config": {
        "seed": 9,
        "batch_size": 1024,
        "patience": 16,
        "n_epochs": Infinity,
        "context_size": 96,
        "data": {
            "seed": 0,
            "cache": true,
            "path": ":data/covtype",
            "num_policy": "quantile",
            "cat_policy": null,
            "y_policy": null
        },
        "model": {
            "num_embeddings": null,
            "d_main": 319,
            "context_dropout": 0.21706116301079897,
            "d_multiplier": 2.0,
            "encoder_n_blocks": 0,
            "predictor_n_blocks": 1,
            "mixer_normalization": "auto",
            "dropout0": 0.05706252121204847,
            "dropout1": 0.0,
            "normalization": "LayerNorm",
            "activation": "ReLU",
            "dot_product": true,
            "use_Q": true,
            "use_V": true,
            "use_labels": true,
            "use_T": false,
            "self_attention": true,
            "scale_similarities": true
        },
        "optimizer": {
            "type": "AdamW",
            "lr": 0.00015033286417865998,
            "weight_decay": 0.0
        }
    },
    "n_parameters": 737854,
    "prediction_type": "logits",
    "best_epoch": 146,
    "metrics": {
        "train": {
            "0": {
                "precision": 0.9797472685216175,
                "recall": 0.9716030624437593,
                "f1-score": 0.9756581700484023,
                "support": 135578
            },
            "1": {
                "precision": 0.9782502510852922,
                "recall": 0.9830899223438051,
                "f1-score": 0.9806641156907029,
                "support": 181312
            },
            "2": {
                "precision": 0.9847018828451883,
                "recall": 0.987369985141159,
                "f1-score": 0.9860341290970193,
                "support": 22882
            },
            "3": {
                "precision": 0.9774956722446624,
                "recall": 0.9630471859010802,
                "f1-score": 0.970217640320733,
                "support": 1759
            },
            "4": {
                "precision": 0.9426297463107279,
                "recall": 0.9358024691358025,
                "f1-score": 0.9392037006443085,
                "support": 6075
            },
            "5": {
                "precision": 0.9699982247470265,
                "recall": 0.9831758884390464,
                "f1-score": 0.9765426031008445,
                "support": 11115
            },
            "6": {
                "precision": 0.9736623022780595,
                "recall": 0.980115800700899,
                "f1-score": 0.9768783932571472,
                "support": 13126
            },
            "accuracy": 0.9781953330267557,
            "macro avg": {
                "precision": 0.9723550497189393,
                "recall": 0.9720291877293644,
                "f1-score": 0.972171250308451,
                "support": 371847
            },
            "weighted avg": {
                "precision": 0.978198951245391,
                "recall": 0.9781953330267557,
                "f1-score": 0.9781857608076185,
                "support": 371847
            },
            "cross-entropy": 0.05632985005293085,
            "score": 0.9781953330267557
        },
        "val": {
            "0": {
                "precision": 0.9619628252788104,
                "recall": 0.9543281996813595,
                "f1-score": 0.9581303040625602,
                "support": 33894
            },
            "1": {
                "precision": 0.9642300002197175,
                "recall": 0.9681653723967526,
                "f1-score": 0.9661936790656201,
                "support": 45328
            },
            "2": {
                "precision": 0.9603106125970664,
                "recall": 0.9727320398531725,
                "f1-score": 0.9664814171587357,
                "support": 5721
            },
            "3": {
                "precision": 0.9210526315789473,
                "recall": 0.876993166287016,
                "f1-score": 0.898483080513419,
                "support": 439
            },
            "4": {
                "precision": 0.8883658372562205,
                "recall": 0.869651086240948,
                "f1-score": 0.8789088489687292,
                "support": 1519
            },
            "5": {
                "precision": 0.9347054648687012,
                "recall": 0.9478229578985247,
                "f1-score": 0.9412185099160264,
                "support": 2779
            },
            "6": {
                "precision": 0.9522081064730793,
                "recall": 0.9591712370505789,
                "f1-score": 0.9556769884638738,
                "support": 3282
            },
            "accuracy": 0.9604354467416794,
            "macro avg": {
                "precision": 0.9404050683246489,
                "recall": 0.9355520084869074,
                "f1-score": 0.9378704040212805,
                "support": 92962
            },
            "weighted avg": {
                "precision": 0.9604116280738074,
                "recall": 0.9604354467416794,
                "f1-score": 0.9604075915672204,
                "support": 92962
            },
            "cross-entropy": 0.10439333993578279,
            "score": 0.9604354467416794
        },
        "test": {
            "0": {
                "precision": 0.9633235497649557,
                "recall": 0.9528417673716012,
                "f1-score": 0.9580539899139721,
                "support": 42368
            },
            "1": {
                "precision": 0.962479837295743,
                "recall": 0.9688498261590865,
                "f1-score": 0.9656543268511922,
                "support": 56661
            },
            "2": {
                "precision": 0.9584081801851596,
                "recall": 0.9699342749265837,
                "f1-score": 0.9641367806505422,
                "support": 7151
            },
            "3": {
                "precision": 0.9068441064638784,
                "recall": 0.8688524590163934,
                "f1-score": 0.8874418604651163,
                "support": 549
            },
            "4": {
                "precision": 0.8963083604777415,
                "recall": 0.8694049499736703,
                "f1-score": 0.8826516974071104,
                "support": 1899
            },
            "5": {
                "precision": 0.9327468785471056,
                "recall": 0.946443996544774,
                "f1-score": 0.9395455195083607,
                "support": 3473
            },
            "6": {
                "precision": 0.9569111595255386,
                "recall": 0.9636762554851293,
                "f1-score": 0.960281792785133,
                "support": 4102
            },
            "accuracy": 0.9601301171226216,
            "macro avg": {
                "precision": 0.9395745817514459,
                "recall": 0.9342862184967483,
                "f1-score": 0.9368237096544896,
                "support": 116203
            },
            "weighted avg": {
                "precision": 0.9601074463699178,
                "recall": 0.9601301171226216,
                "f1-score": 0.960093904932327,
                "support": 116203
            },
            "cross-entropy": 0.10519374187028073,
            "score": 0.9601301171226216
        }
    },
    "time": "1:13:30",
    "chunk_size": null,
    "eval_batch_size": 32768
}