{
    "function": "bin.xgboost_.main",
    "gpus": [
        "NVIDIA GeForce RTX 2080 Ti"
    ],
    "config": {
        "seed": 3,
        "neighbors": null,
        "data": {
            "seed": 0,
            "num_policy": null,
            "cache": true,
            "path": ":data/classif-num-medium-0-credit",
            "cat_policy": null,
            "y_policy": null
        },
        "model": {
            "booster": "gbtree",
            "n_estimators": 4000,
            "n_jobs": 1,
            "tree_method": "gpu_hist",
            "use_label_encoder": false
        },
        "fit": {
            "early_stopping_rounds": 3999,
            "verbose": true
        }
    },
    "prediction_type": "probs",
    "time": "0:00:09",
    "best_iteration": 7,
    "metrics": {
        "train": {
            "0": {
                "precision": 0.7862173995811917,
                "recall": 0.8207472178060413,
                "f1-score": 0.8031113271754983,
                "support": 5032
            },
            "1": {
                "precision": 0.8099852538445333,
                "recall": 0.7739533011272142,
                "f1-score": 0.7915594441585176,
                "support": 4968
            },
            "accuracy": 0.7975,
            "macro avg": {
                "precision": 0.7981013267128625,
                "recall": 0.7973502594666277,
                "f1-score": 0.797335385667008,
                "support": 10000
            },
            "weighted avg": {
                "precision": 0.7980252695792198,
                "recall": 0.7975,
                "f1-score": 0.7973723516926622,
                "support": 10000
            },
            "cross-entropy": 0.44729920072084023,
            "roc-auc": 0.8773350356430598,
            "score": 0.7975
        },
        "val": {
            "0": {
                "precision": 0.7554092191909689,
                "recall": 0.8094758064516129,
                "f1-score": 0.7815085158150852,
                "support": 992
            },
            "1": {
                "precision": 0.8012618296529969,
                "recall": 0.7455968688845401,
                "f1-score": 0.7724277749619869,
                "support": 1022
            },
            "accuracy": 0.7770605759682224,
            "macro avg": {
                "precision": 0.778335524421983,
                "recall": 0.7775363376680765,
                "f1-score": 0.776968145388536,
                "support": 2014
            },
            "weighted avg": {
                "precision": 0.7786770284720972,
                "recall": 0.7770605759682224,
                "f1-score": 0.7769005132570581,
                "support": 2014
            },
            "cross-entropy": 0.4751007405446035,
            "roc-auc": 0.8567433795214948,
            "score": 0.7770605759682224
        },
        "test": {
            "0": {
                "precision": 0.7504006410256411,
                "recall": 0.8028289755679383,
                "f1-score": 0.7757299647960242,
                "support": 2333
            },
            "1": {
                "precision": 0.7912885662431942,
                "recall": 0.7367976341360372,
                "f1-score": 0.7630715379566835,
                "support": 2367
            },
            "accuracy": 0.7695744680851064,
            "macro avg": {
                "precision": 0.7708446036344176,
                "recall": 0.7698133048519877,
                "f1-score": 0.7694007513763539,
                "support": 4700
            },
            "weighted avg": {
                "precision": 0.7709924961298854,
                "recall": 0.7695744680851064,
                "f1-score": 0.7693549655771477,
                "support": 4700
            },
            "cross-entropy": 0.488831429820109,
            "roc-auc": 0.8471460978220499,
            "score": 0.7695744680851064
        }
    }
}
