{
    "function": "bin.catboost_.main",
    "gpus": [
        "GeForce RTX 2080 Ti",
        "GeForce RTX 2080 Ti"
    ],
    "config": {
        "seed": 13,
        "data": {
            "seed": 0,
            "num_policy": null,
            "cat_policy": null,
            "cache": true,
            "path": ":data/classif-cat-large-0-road-safety",
            "y_policy": null
        },
        "model": {
            "iterations": 4000,
            "early_stopping_rounds": 200,
            "od_pval": 0.001,
            "bagging_temperature": 0.5599270303196273,
            "depth": 10,
            "l2_leaf_reg": 3.3448136951170215,
            "leaf_estimation_iterations": 8,
            "learning_rate": 0.034350570845176176,
            "task_type": "CPU",
            "thread_count": 4
        },
        "fit": {
            "logging_level": "Verbose"
        }
    },
    "prediction_type": "probs",
    "time": "0:01:49",
    "best_iteration": 3565,
    "metrics": {
        "train": {
            "0": {
                "precision": 0.9983206717313075,
                "recall": 0.9936326010824578,
                "f1-score": 0.9959711197096015,
                "support": 25128
            },
            "1": {
                "precision": 0.9935974389755903,
                "recall": 0.9983113541331617,
                "f1-score": 0.9959488187397216,
                "support": 24872
            },
            "accuracy": 0.99596,
            "macro avg": {
                "precision": 0.9959590553534489,
                "recall": 0.9959719776078098,
                "f1-score": 0.9959599692246616,
                "support": 50000
            },
            "weighted avg": {
                "precision": 0.9959711468293034,
                "recall": 0.99596,
                "f1-score": 0.9959600263151445,
                "support": 50000
            },
            "cross-entropy": 0.09263739584769724,
            "roc-auc": 0.9998558266205815,
            "score": 0.99596
        },
        "val": {
            "0": {
                "precision": 0.8193381359747861,
                "recall": 0.7791693427531577,
                "f1-score": 0.7987490398332052,
                "support": 9342
            },
            "1": {
                "precision": 0.7860846121941103,
                "recall": 0.82527759634226,
                "f1-score": 0.8052044609665427,
                "support": 9186
            },
            "accuracy": 0.8020293609671848,
            "macro avg": {
                "precision": 0.8027113740844483,
                "recall": 0.8022234695477088,
                "f1-score": 0.801976750399874,
                "support": 18528
            },
            "weighted avg": {
                "precision": 0.8028513662506234,
                "recall": 0.8020293609671848,
                "f1-score": 0.8019495740803358,
                "support": 18528
            },
            "cross-entropy": 0.40656321268265444,
            "roc-auc": 0.8965227562555866,
            "score": 0.8020293609671848
        },
        "test": {
            "0": {
                "precision": 0.8135717785399315,
                "recall": 0.7755359394703657,
                "f1-score": 0.7940986585686617,
                "support": 21411
            },
            "1": {
                "precision": 0.7894321766561514,
                "recall": 0.8256426705769143,
                "f1-score": 0.8071314981969673,
                "support": 21823
            },
            "accuracy": 0.8008280519961142,
            "macro avg": {
                "precision": 0.8015019775980414,
                "recall": 0.80058930502364,
                "f1-score": 0.8006150783828145,
                "support": 43234
            },
            "weighted avg": {
                "precision": 0.8013869579841252,
                "recall": 0.8008280519961142,
                "f1-score": 0.8006771768461404,
                "support": 43234
            },
            "cross-entropy": 0.41628048834330283,
            "roc-auc": 0.8922944840246708,
            "score": 0.8008280519961142
        }
    }
}
