{
    "function": "bin.tabr.main",
    "gpus": [
        "A100-SXM-80GB"
    ],
    "config": {
        "seed": 10,
        "batch_size": 512,
        "patience": 16,
        "n_epochs": Infinity,
        "context_size": 96,
        "data": {
            "seed": 0,
            "cache": true,
            "path": ":data/higgs-small",
            "num_policy": "quantile",
            "cat_policy": null,
            "y_policy": null
        },
        "model": {
            "d_main": 320,
            "context_dropout": 0.591054640310053,
            "d_multiplier": 2.0,
            "encoder_n_blocks": 0,
            "predictor_n_blocks": 1,
            "mixer_normalization": "auto",
            "dropout0": 0.04799103500615539,
            "dropout1": 0.0,
            "normalization": "LayerNorm",
            "activation": "ReLU",
            "num_embeddings": {
                "type": "LREmbeddings",
                "d_embedding": 48
            }
        },
        "optimizer": {
            "type": "AdamW",
            "lr": 0.00010000570663668457,
            "weight_decay": 0.0
        }
    },
    "n_parameters": 1358849,
    "prediction_type": "logits",
    "best_epoch": 27,
    "metrics": {
        "train": {
            "0": {
                "precision": 0.7406360911064401,
                "recall": 0.7265904942194578,
                "f1-score": 0.7335460641946657,
                "support": 29582
            },
            "1": {
                "precision": 0.7602134598280462,
                "recall": 0.7730712412192107,
                "f1-score": 0.7665884392890776,
                "support": 33169
            },
            "accuracy": 0.751159344074198,
            "macro avg": {
                "precision": 0.7504247754672432,
                "recall": 0.7498308677193342,
                "f1-score": 0.7500672517418716,
                "support": 62751
            },
            "weighted avg": {
                "precision": 0.7509843205071979,
                "recall": 0.751159344074198,
                "f1-score": 0.7510116430620392,
                "support": 62751
            },
            "cross-entropy": 0.496027207052197,
            "roc-auc": 0.8355319447817365,
            "score": 0.751159344074198
        },
        "val": {
            "0": {
                "precision": 0.7304335585585585,
                "recall": 0.7015954570037858,
                "f1-score": 0.7157241379310345,
                "support": 7396
            },
            "1": {
                "precision": 0.7428937558247903,
                "recall": 0.7690545103714423,
                "f1-score": 0.7557478075373311,
                "support": 8292
            },
            "accuracy": 0.7372514023457419,
            "macro avg": {
                "precision": 0.7366636571916745,
                "recall": 0.7353249836876141,
                "f1-score": 0.7357359727341828,
                "support": 15688
            },
            "weighted avg": {
                "precision": 0.7370194812849478,
                "recall": 0.7372514023457419,
                "f1-score": 0.7368789230136079,
                "support": 15688
            },
            "cross-entropy": 0.5199428437714578,
            "roc-auc": 0.8164422197159023,
            "score": 0.7372514023457419
        },
        "test": {
            "0": {
                "precision": 0.7214404432132964,
                "recall": 0.7042725797728502,
                "f1-score": 0.7127531472359058,
                "support": 9245
            },
            "1": {
                "precision": 0.7417099669343411,
                "recall": 0.7574529667149059,
                "f1-score": 0.7494988066825776,
                "support": 10365
            },
            "accuracy": 0.7323814380418154,
            "macro avg": {
                "precision": 0.7315752050738187,
                "recall": 0.730862773243878,
                "f1-score": 0.7311259769592418,
                "support": 19610
            },
            "weighted avg": {
                "precision": 0.73215403899956,
                "recall": 0.7323814380418154,
                "f1-score": 0.7321753175655719,
                "support": 19610
            },
            "cross-entropy": 0.5251750756292292,
            "roc-auc": 0.8114099875892811,
            "score": 0.7323814380418154
        }
    },
    "time": "0:03:29",
    "chunk_size": null,
    "eval_batch_size": 32768
}