{
    "function": "bin.catboost_.main",
    "gpus": [
        "NVIDIA GeForce RTX 2080 Ti",
        "NVIDIA GeForce RTX 2080 Ti"
    ],
    "config": {
        "seed": 8,
        "data": {
            "seed": 0,
            "num_policy": null,
            "cat_policy": null,
            "cache": true,
            "path": ":data/regression-num-medium-0-pol",
            "y_policy": "standard"
        },
        "model": {
            "iterations": 4000,
            "early_stopping_rounds": 200,
            "od_pval": 0.001,
            "bagging_temperature": 0.5929927090308867,
            "depth": 12,
            "l2_leaf_reg": 6.169747569410684,
            "leaf_estimation_iterations": 5,
            "learning_rate": 0.027776047796661034,
            "task_type": "CPU",
            "thread_count": 4
        },
        "fit": {
            "logging_level": "Verbose"
        }
    },
    "prediction_type": null,
    "time": "0:03:55",
    "best_iteration": 3426,
    "metrics": {
        "train": {
            "rmse": 0.3383308724291948,
            "mae": 0.19770409000488148,
            "r2": 0.9999335148716326,
            "score": -0.3383308724291948
        },
        "val": {
            "rmse": 3.663583159074171,
            "mae": 1.7490800489006564,
            "r2": 0.9924671391221753,
            "score": -3.663583159074171
        },
        "test": {
            "rmse": 3.6293605412744934,
            "mae": 1.7497537178804985,
            "r2": 0.992587212211643,
            "score": -3.6293605412744934
        }
    }
}
