{
    "function": "bin.ffn.main",
    "gpus": [
        "A100-SXM-80GB"
    ],
    "config": {
        "seed": 1,
        "batch_size": 32,
        "patience": 16,
        "n_epochs": Infinity,
        "data": {
            "seed": 0,
            "cache": true,
            "path": ":data/classif-num-medium-4-wine",
            "num_policy": "quantile",
            "cat_policy": null,
            "y_policy": null
        },
        "optimizer": {
            "type": "AdamW",
            "lr": 0.0004422589621759045,
            "weight_decay": 0.0
        },
        "model": {
            "num_embeddings": null,
            "backbone": {
                "type": "MLP",
                "n_blocks": 3,
                "d_layer": 600,
                "dropout": 0.1350954110590768,
                "activation": "ReLU"
            }
        }
    },
    "n_parameters": 729001,
    "prediction_type": "logits",
    "best_epoch": 24,
    "metrics": {
        "train": {
            "0": {
                "precision": 0.9227323628219485,
                "recall": 0.9165739710789766,
                "f1-score": 0.9196428571428571,
                "support": 899
            },
            "1": {
                "precision": 0.9161073825503355,
                "recall": 0.9222972972972973,
                "f1-score": 0.9191919191919191,
                "support": 888
            },
            "accuracy": 0.919418019026301,
            "macro avg": {
                "precision": 0.919419872686142,
                "recall": 0.9194356341881369,
                "f1-score": 0.9194173881673882,
                "support": 1787
            },
            "weighted avg": {
                "precision": 0.9194402629443926,
                "recall": 0.919418019026301,
                "f1-score": 0.9194187760569965,
                "support": 1787
            },
            "cross-entropy": 0.19257912906486147,
            "roc-auc": 0.979948942268186,
            "score": 0.919418019026301
        },
        "val": {
            "0": {
                "precision": 0.8389830508474576,
                "recall": 0.8181818181818182,
                "f1-score": 0.8284518828451883,
                "support": 121
            },
            "1": {
                "precision": 0.8035714285714286,
                "recall": 0.8256880733944955,
                "f1-score": 0.8144796380090498,
                "support": 109
            },
            "accuracy": 0.8217391304347826,
            "macro avg": {
                "precision": 0.8212772397094431,
                "recall": 0.8219349457881568,
                "f1-score": 0.821465760427119,
                "support": 230
            },
            "weighted avg": {
                "precision": 0.8222010211601222,
                "recall": 0.8217391304347826,
                "f1-score": 0.8218302537706704,
                "support": 230
            },
            "cross-entropy": 0.5765637912331536,
            "roc-auc": 0.8639775570551218,
            "score": 0.8217391304347826
        },
        "test": {
            "0": {
                "precision": 0.7586206896551724,
                "recall": 0.7704280155642024,
                "f1-score": 0.7644787644787644,
                "support": 257
            },
            "1": {
                "precision": 0.7862318840579711,
                "recall": 0.775,
                "f1-score": 0.7805755395683452,
                "support": 280
            },
            "accuracy": 0.7728119180633147,
            "macro avg": {
                "precision": 0.7724262868565717,
                "recall": 0.7727140077821012,
                "f1-score": 0.7725271520235548,
                "support": 537
            },
            "weighted avg": {
                "precision": 0.7730175880402442,
                "recall": 0.7728119180633147,
                "f1-score": 0.7728718688085272,
                "support": 537
            },
            "cross-entropy": 0.5703796222037054,
            "roc-auc": 0.8465397443023902,
            "score": 0.7728119180633147
        }
    },
    "time": "0:00:06",
    "chunk_size": null,
    "eval_batch_size": 32768
}
