{
    "function": "bin.lightgbm_.main",
    "gpus": [
        "GeForce RTX 2080 Ti",
        "GeForce RTX 2080 Ti"
    ],
    "config": {
        "seed": 1,
        "data": {
            "seed": 0,
            "num_policy": null,
            "cache": true,
            "path": ":data/classif-cat-medium-0-compass",
            "cat_policy": "one-hot",
            "y_policy": null
        },
        "model": {
            "n_estimators": 4000,
            "n_jobs": 4,
            "feature_fraction": 0.556382727200904,
            "lambda_l2": 0.10010408902165004,
            "learning_rate": 0.05271697395371744,
            "num_leaves": 207,
            "min_sum_hessian_in_leaf": 0.5205740657966351,
            "bagging_fraction": 0.620830646841014
        },
        "fit": {
            "early_stopping_rounds": 200,
            "verbose": true
        }
    },
    "prediction_type": "probs",
    "time": "0:00:03",
    "best_iteration": 237,
    "metrics": {
        "train": {
            "0": {
                "precision": 0.968817415179447,
                "recall": 0.9811320754716981,
                "f1-score": 0.9749358594829287,
                "support": 5035
            },
            "1": {
                "precision": 0.9806162007753519,
                "recall": 0.9679758308157099,
                "f1-score": 0.9742550172308939,
                "support": 4965
            },
            "accuracy": 0.9746,
            "macro avg": {
                "precision": 0.9747168079773995,
                "recall": 0.974553953143704,
                "f1-score": 0.9745954383569113,
                "support": 10000
            },
            "weighted avg": {
                "precision": 0.9746755122278137,
                "recall": 0.9746,
                "f1-score": 0.9745978213047934,
                "support": 10000
            },
            "cross-entropy": 0.1890252130881435,
            "roc-auc": 0.9972608857834034,
            "score": 0.9746
        },
        "val": {
            "0": {
                "precision": 0.7655786350148368,
                "recall": 0.7954779033915724,
                "f1-score": 0.7802419354838709,
                "support": 973
            },
            "1": {
                "precision": 0.7973523421588594,
                "recall": 0.7676470588235295,
                "f1-score": 0.7822177822177822,
                "support": 1020
            },
            "accuracy": 0.7812343201204215,
            "macro avg": {
                "precision": 0.7814654885868482,
                "recall": 0.781562481107551,
                "f1-score": 0.7812298588508265,
                "support": 1993
            },
            "weighted avg": {
                "precision": 0.7818401409289879,
                "recall": 0.7812343201204215,
                "f1-score": 0.7812531565920442,
                "support": 1993
            },
            "cross-entropy": 0.4744955703107668,
            "roc-auc": 0.8559639683211414,
            "score": 0.7812343201204215
        },
        "test": {
            "0": {
                "precision": 0.7680170575692964,
                "recall": 0.7786424556852573,
                "f1-score": 0.7732932589094033,
                "support": 2313
            },
            "1": {
                "precision": 0.7778741865509762,
                "recall": 0.7672229353872486,
                "f1-score": 0.7725118483412323,
                "support": 2337
            },
            "accuracy": 0.7729032258064517,
            "macro avg": {
                "precision": 0.7729456220601363,
                "recall": 0.772932695536253,
                "f1-score": 0.7729025536253178,
                "support": 4650
            },
            "weighted avg": {
                "precision": 0.772971059812347,
                "recall": 0.7729032258064517,
                "f1-score": 0.7729005370819161,
                "support": 4650
            },
            "cross-entropy": 0.48470265190979006,
            "roc-auc": 0.8502651290421703,
            "score": 0.7729032258064517
        }
    }
}
