{
    "function": "bin.lightgbm_.main",
    "gpus": [
        "NVIDIA GeForce RTX 2080 Ti",
        "NVIDIA GeForce RTX 2080 Ti"
    ],
    "config": {
        "seed": 6,
        "data": {
            "seed": 0,
            "num_policy": null,
            "cache": true,
            "path": ":data/regression-cat-medium-0-analcatdata_supreme",
            "cat_policy": null,
            "y_policy": "standard"
        },
        "model": {
            "n_estimators": 4000,
            "n_jobs": 4
        },
        "fit": {
            "early_stopping_rounds": 3999,
            "verbose": true
        }
    },
    "prediction_type": null,
    "time": "0:00:02",
    "best_iteration": 116,
    "metrics": {
        "train": {
            "rmse": 0.06552611869962531,
            "mae": 0.015356727823223398,
            "r2": 0.9852016244834209,
            "score": -0.06552611869962531
        },
        "val": {
            "rmse": 0.04580499311238405,
            "mae": 0.011115497963115239,
            "r2": 0.9931484962862493,
            "score": -0.04580499311238405
        },
        "test": {
            "rmse": 0.07411124989925705,
            "mae": 0.018891211372722237,
            "r2": 0.9837127100558491,
            "score": -0.07411124989925705
        }
    }
}
