{
    "function": "bin.ft_transformer.main",
    "gpus": [
        "A100-SXM-80GB"
    ],
    "config": {
        "seed": 0,
        "batch_size": 256,
        "patience": 16,
        "n_epochs": Infinity,
        "data": {
            "seed": 0,
            "cache": true,
            "path": ":data/regression-num-medium-0-fifa",
            "num_policy": "quantile",
            "cat_policy": null,
            "y_policy": "standard"
        },
        "optimizer": {
            "type": "AdamW",
            "lr": 7.120596738751607e-05,
            "weight_decay": 7.930146250967693e-06
        },
        "model": {
            "d_token": 248,
            "n_blocks": 3,
            "attention_dropout": 0.3579943564744576,
            "ffn_d_hidden_factor": 2.040729117855148,
            "ffn_dropout": 0.111607479849668,
            "residual_dropout": 0.03798480730309016
        }
    },
    "n_parameters": 1880149,
    "prediction_type": null,
    "best_epoch": 76,
    "metrics": {
        "train": {
            "rmse": 0.7522072301405948,
            "mae": 0.5492660697895388,
            "r2": 0.6933679841186685,
            "score": -0.7522072301405948
        },
        "val": {
            "rmse": 0.7610935787002091,
            "mae": 0.5585965619507931,
            "r2": 0.691720857094467,
            "score": -0.7610935787002091
        },
        "test": {
            "rmse": 0.8069785157333215,
            "mae": 0.5872654905589698,
            "r2": 0.6473811726830621,
            "score": -0.8069785157333215
        }
    },
    "time": "0:00:49",
    "chunk_size": null,
    "eval_batch_size": 32768
}
