{
    "function": "bin.catboost_.main",
    "gpus": [
        "NVIDIA GeForce RTX 2080 Ti",
        "NVIDIA GeForce RTX 2080 Ti"
    ],
    "config": {
        "seed": 2,
        "data": {
            "seed": 0,
            "num_policy": null,
            "cat_policy": null,
            "cache": true,
            "path": ":data/regression-num-medium-2-cpu_act",
            "y_policy": "standard"
        },
        "model": {
            "iterations": 4000,
            "early_stopping_rounds": 3999,
            "thread_count": 4,
            "task_type": "CPU",
            "od_pval": 0.001
        },
        "fit": {
            "logging_level": "Verbose"
        }
    },
    "prediction_type": null,
    "time": "0:00:10",
    "best_iteration": 3969,
    "metrics": {
        "train": {
            "rmse": 0.932384606867149,
            "mae": 0.7009695183195147,
            "r2": 0.9973727026713939,
            "score": -0.932384606867149
        },
        "val": {
            "rmse": 2.13039680761437,
            "mae": 1.5003305078115976,
            "r2": 0.9891709323384837,
            "score": -2.13039680761437
        },
        "test": {
            "rmse": 2.140688622489448,
            "mae": 1.5288524430008184,
            "r2": 0.9860694227780459,
            "score": -2.140688622489448
        }
    }
}
