{
    "function": "bin.ffn.main",
    "gpus": [
        "A100-SXM-80GB"
    ],
    "config": {
        "seed": 12,
        "batch_size": 256,
        "patience": 16,
        "n_epochs": Infinity,
        "data": {
            "seed": 0,
            "cache": true,
            "path": ":data/classif-num-medium-2-MagicTelescope",
            "num_policy": "quantile",
            "cat_policy": null,
            "y_policy": null
        },
        "optimizer": {
            "type": "AdamW",
            "lr": 0.00010305922400416856,
            "weight_decay": 0.0
        },
        "model": {
            "num_embeddings": null,
            "backbone": {
                "type": "MLP",
                "n_blocks": 4,
                "d_layer": 909,
                "dropout": 0.0742921994990971,
                "activation": "ReLU"
            }
        }
    },
    "n_parameters": 2492479,
    "prediction_type": "logits",
    "best_epoch": 26,
    "metrics": {
        "train": {
            "0": {
                "precision": 0.8640737770649559,
                "recall": 0.9237033861980283,
                "f1-score": 0.8928941371452248,
                "support": 4666
            },
            "1": {
                "precision": 0.9186285714285715,
                "recall": 0.8556525441771343,
                "f1-score": 0.8860229276895943,
                "support": 4697
            },
            "accuracy": 0.8895653102638044,
            "macro avg": {
                "precision": 0.8913511742467637,
                "recall": 0.8896779651875812,
                "f1-score": 0.8894585324174096,
                "support": 9363
            },
            "weighted avg": {
                "precision": 0.8914414871072397,
                "recall": 0.8895653102638044,
                "f1-score": 0.8894471574578281,
                "support": 9363
            },
            "cross-entropy": 0.2600393816473065,
            "roc-auc": 0.9572244771242755,
            "score": 0.8895653102638044
        },
        "val": {
            "0": {
                "precision": 0.8310077519379845,
                "recall": 0.8933333333333333,
                "f1-score": 0.8610441767068272,
                "support": 600
            },
            "1": {
                "precision": 0.8853046594982079,
                "recall": 0.8192371475953566,
                "f1-score": 0.8509905254091301,
                "support": 603
            },
            "accuracy": 0.8561928512053201,
            "macro avg": {
                "precision": 0.8581562057180963,
                "recall": 0.856285240464345,
                "f1-score": 0.8560173510579787,
                "support": 1203
            },
            "weighted avg": {
                "precision": 0.8582239075978471,
                "recall": 0.8561928512053201,
                "f1-score": 0.8560048153331686,
                "support": 1203
            },
            "cross-entropy": 0.350182333755359,
            "roc-auc": 0.9236207849640685,
            "score": 0.8561928512053201
        },
        "test": {
            "0": {
                "precision": 0.833767926988266,
                "recall": 0.89943741209564,
                "f1-score": 0.8653585926928281,
                "support": 1422
            },
            "1": {
                "precision": 0.8879310344827587,
                "recall": 0.8162824207492796,
                "f1-score": 0.8506006006006006,
                "support": 1388
            },
            "accuracy": 0.8583629893238434,
            "macro avg": {
                "precision": 0.8608494807355123,
                "recall": 0.8578599164224598,
                "f1-score": 0.8579795966467143,
                "support": 2810
            },
            "weighted avg": {
                "precision": 0.8605218035727343,
                "recall": 0.8583629893238434,
                "f1-score": 0.858068879872895,
                "support": 2810
            },
            "cross-entropy": 0.31774310922385046,
            "roc-auc": 0.9346898470717462,
            "score": 0.8583629893238434
        }
    },
    "time": "0:00:06",
    "chunk_size": null,
    "eval_batch_size": 32768
}
