{
    "function": "bin.tabr_scaling.main",
    "gpus": [
        "NVIDIA A100-SXM4-80GB"
    ],
    "config": {
        "seed": 2,
        "batch_size": 512,
        "patience": 16,
        "n_epochs": Infinity,
        "context_size": 96,
        "freeze_contexts_after_n_epochs": 1,
        "data": {
            "seed": 0,
            "cache": true,
            "path": ":data/diamond",
            "num_policy": "quantile",
            "cat_policy": "ordinal",
            "y_policy": "standard"
        },
        "model": {
            "num_embeddings": null,
            "d_main": 265,
            "mixer_dropout": 0.38920071545944357,
            "d_multiplier": 2.0,
            "encoder_n_blocks": 0,
            "predictor_n_blocks": 1,
            "mixer_normalization": "auto",
            "dropout0": 0.38852797479169876,
            "dropout1": 0.0,
            "normalization": "LayerNorm",
            "activation": "ReLU"
        },
        "optimizer": {
            "type": "AdamW",
            "lr": 0.0003121273641315169,
            "weight_decay": 1.2260352006404615e-06
        }
    },
    "n_parameters": 642626,
    "prediction_type": null,
    "best_epoch": 23,
    "metrics": {
        "train": {
            "rmse": 0.13190790956738618,
            "mae": 0.07103604211700151,
            "r2": 0.9825181524890618,
            "score": -0.13190790956738618
        },
        "val": {
            "rmse": 0.13357067861541932,
            "mae": 0.07151673646033252,
            "r2": 0.9825723220949503,
            "score": -0.13357067861541932
        },
        "test": {
            "rmse": 0.13704354588649606,
            "mae": 0.07159181902482309,
            "r2": 0.9811436498005109,
            "score": -0.13704354588649606
        }
    },
    "time": "0:00:41",
    "chunk_size": null,
    "eval_batch_size": 32768
}