{
    "function": "bin.xgboost_.main",
    "gpus": [
        "NVIDIA GeForce RTX 2080 Ti"
    ],
    "config": {
        "seed": 2,
        "data": {
            "seed": 0,
            "num_policy": null,
            "cache": true,
            "path": ":data/regression-cat-medium-0-analcatdata_supreme",
            "cat_policy": null,
            "y_policy": "standard"
        },
        "model": {
            "booster": "gbtree",
            "n_estimators": 4000,
            "n_jobs": 1,
            "tree_method": "gpu_hist",
            "use_label_encoder": false,
            "colsample_bytree": 0.9806080476996355,
            "gamma": 0,
            "lambda": 3.737391405379522,
            "learning_rate": 0.38772130883804423,
            "max_depth": 13,
            "min_child_weight": 0.01577202393704318,
            "subsample": 0.7814330757433205
        },
        "fit": {
            "early_stopping_rounds": 200,
            "verbose": true
        },
        "neighbors": null
    },
    "prediction_type": null,
    "time": "0:00:01",
    "best_iteration": 13,
    "metrics": {
        "train": {
            "rmse": 0.05292345988790768,
            "mae": 0.012155232000602645,
            "r2": 0.990346572001698,
            "score": -0.05292345988790768
        },
        "val": {
            "rmse": 0.03470704566052135,
            "mae": 0.009885785420867932,
            "r2": 0.9960663513763853,
            "score": -0.03470704566052135
        },
        "test": {
            "rmse": 0.07682401478363012,
            "mae": 0.019069133577901853,
            "r2": 0.9824985295080549,
            "score": -0.07682401478363012
        }
    }
}
