{
    "function": "bin.ensemble.main",
    "config": {
        "seeds": [
            5,
            6,
            7,
            8,
            9
        ]
    },
    "single_model_function": "bin.tabr_design.main",
    "data": ":data/diamond",
    "prediction_type": null,
    "metrics": {
        "train": {
            "rmse": 0.12199909187430144,
            "mae": 0.06803729374901586,
            "r2": 0.9850459493301456,
            "score": -0.12199909187430144
        },
        "val": {
            "rmse": 0.13606481649988686,
            "mae": 0.0736593659123855,
            "r2": 0.9819153986198331,
            "score": -0.13606481649988686
        },
        "test": {
            "rmse": 0.1384737161466454,
            "mae": 0.07319635395332237,
            "r2": 0.9807480309125535,
            "score": -0.1384737161466454
        }
    }
}