{
    "function": "bin.tabr.main",
    "gpus": [
        "NVIDIA A100-SXM4-80GB"
    ],
    "config": {
        "seed": 13,
        "batch_size": 256,
        "patience": 16,
        "n_epochs": Infinity,
        "context_size": 96,
        "data": {
            "seed": 0,
            "cache": true,
            "path": ":data/regression-num-medium-0-superconduct",
            "num_policy": "quantile",
            "cat_policy": null,
            "y_policy": "standard"
        },
        "model": {
            "num_embeddings": null,
            "d_main": 265,
            "mixer_dropout": 0.38920071545944357,
            "d_multiplier": 2.0,
            "encoder_n_blocks": 0,
            "predictor_n_blocks": 1,
            "mixer_normalization": "auto",
            "dropout0": 0.38852797479169876,
            "dropout1": 0.0,
            "normalization": "LayerNorm",
            "activation": "ReLU"
        },
        "optimizer": {
            "type": "AdamW",
            "lr": 0.0003121273641315169,
            "weight_decay": 1.2260352006404615e-06
        }
    },
    "n_parameters": 656671,
    "prediction_type": null,
    "best_epoch": 59,
    "metrics": {
        "train": {
            "rmse": 7.972016443206417,
            "mae": 5.168764160796684,
            "r2": 0.9462364682957815,
            "score": -7.972016443206417
        },
        "val": {
            "rmse": 9.853444339535471,
            "mae": 6.186274283894704,
            "r2": 0.9166084534720242,
            "score": -9.853444339535471
        },
        "test": {
            "rmse": 10.786155261878163,
            "mae": 6.454723680336315,
            "r2": 0.9002225709240892,
            "score": -10.786155261878163
        }
    },
    "time": "0:00:36",
    "chunk_size": null,
    "eval_batch_size": 32768
}