{
    "function": "bin.ffn.main",
    "gpus": [
        "A100-SXM-80GB"
    ],
    "config": {
        "seed": 6,
        "batch_size": 256,
        "patience": 16,
        "n_epochs": Infinity,
        "data": {
            "seed": 0,
            "cache": true,
            "path": ":data/regression-num-medium-0-house_16H",
            "num_policy": "quantile",
            "cat_policy": null,
            "y_policy": "standard"
        },
        "optimizer": {
            "type": "AdamW",
            "lr": 0.0008002696817378033,
            "weight_decay": 0.0
        },
        "model": {
            "num_embeddings": null,
            "backbone": {
                "type": "MLP",
                "n_blocks": 3,
                "d_layer": 280,
                "dropout": 0.15980157747241322,
                "activation": "ReLU"
            }
        }
    },
    "n_parameters": 162401,
    "prediction_type": null,
    "best_epoch": 11,
    "metrics": {
        "train": {
            "rmse": 0.4714876459151988,
            "mae": 0.29041192323383314,
            "r2": 0.7139431890152614,
            "score": -0.4714876459151988
        },
        "val": {
            "rmse": 0.6030259529697685,
            "mae": 0.3184893299616576,
            "r2": 0.5631064965658108,
            "score": -0.6030259529697685
        },
        "test": {
            "rmse": 0.6084975316940885,
            "mae": 0.320618943871942,
            "r2": 0.4909443038133263,
            "score": -0.6084975316940885
        }
    },
    "time": "0:00:02",
    "chunk_size": null,
    "eval_batch_size": 32768
}
