{
    "function": "bin.tabr_design.main",
    "gpus": [
        "GeForce RTX 2080 Ti"
    ],
    "config": {
        "seed": 7,
        "batch_size": 256,
        "patience": 16,
        "n_epochs": Infinity,
        "context_size": 96,
        "data": {
            "seed": 0,
            "cache": true,
            "path": ":data/churn",
            "num_policy": "quantile",
            "cat_policy": "ordinal",
            "y_policy": null
        },
        "model": {
            "num_embeddings": null,
            "d_main": 260,
            "context_dropout": 0.3108821029638352,
            "d_multiplier": 2.0,
            "encoder_n_blocks": 0,
            "predictor_n_blocks": 1,
            "mixer_normalization": "auto",
            "dropout0": 0.261038591585561,
            "dropout1": 0.0,
            "normalization": "LayerNorm",
            "activation": "ReLU",
            "dot_product": true,
            "use_Q": false,
            "use_V": true,
            "use_labels": false,
            "use_T": false,
            "self_attention": true,
            "scale_similarities": true
        },
        "optimizer": {
            "type": "AdamW",
            "lr": 7.402963067277304e-05,
            "weight_decay": 0.0
        }
    },
    "n_parameters": 411841,
    "prediction_type": "logits",
    "best_epoch": 51,
    "metrics": {
        "train": {
            "0": {
                "precision": 0.9028137726767864,
                "recall": 0.9570251177394035,
                "f1-score": 0.9291293579729472,
                "support": 5096
            },
            "1": {
                "precision": 0.7805611222444889,
                "recall": 0.5973926380368099,
                "f1-score": 0.6768027801911382,
                "support": 1304
            },
            "accuracy": 0.88375,
            "macro avg": {
                "precision": 0.8416874474606377,
                "recall": 0.7772088778881067,
                "f1-score": 0.8029660690820426,
                "support": 6400
            },
            "weighted avg": {
                "precision": 0.8779047951512058,
                "recall": 0.88375,
                "f1-score": 0.8777178177499035,
                "support": 6400
            },
            "cross-entropy": 0.28797764567584944,
            "roc-auc": 0.9058628022941126,
            "score": 0.88375
        },
        "val": {
            "0": {
                "precision": 0.8930957683741648,
                "recall": 0.9442700156985872,
                "f1-score": 0.9179702403662725,
                "support": 1274
            },
            "1": {
                "precision": 0.7193675889328063,
                "recall": 0.558282208588957,
                "f1-score": 0.6286701208981001,
                "support": 326
            },
            "accuracy": 0.865625,
            "macro avg": {
                "precision": 0.8062316786534856,
                "recall": 0.7512761121437721,
                "f1-score": 0.7733201806321863,
                "support": 1600
            },
            "weighted avg": {
                "precision": 0.857698651812988,
                "recall": 0.865625,
                "f1-score": 0.8590253410246325,
                "support": 1600
            },
            "cross-entropy": 0.339245558541148,
            "roc-auc": 0.8657024395411775,
            "score": 0.865625
        },
        "test": {
            "0": {
                "precision": 0.884478672985782,
                "recall": 0.9372253609541745,
                "f1-score": 0.9100883876866808,
                "support": 1593
            },
            "1": {
                "precision": 0.6794871794871795,
                "recall": 0.5208845208845209,
                "f1-score": 0.5897079276773296,
                "support": 407
            },
            "accuracy": 0.8525,
            "macro avg": {
                "precision": 0.7819829262364808,
                "recall": 0.7290549409193476,
                "f1-score": 0.7498981576820052,
                "support": 2000
            },
            "weighted avg": {
                "precision": 0.8427629040588164,
                "recall": 0.8525,
                "f1-score": 0.8448909640747778,
                "support": 2000
            },
            "cross-entropy": 0.35642154473649906,
            "roc-auc": 0.849843680352155,
            "score": 0.8525
        }
    },
    "time": "0:00:12",
    "chunk_size": null,
    "eval_batch_size": 32768
}