{
    "function": "bin.ensemble.main",
    "config": {
        "seeds": [
            0,
            1,
            2,
            3,
            4
        ]
    },
    "single_model_function": "bin.tabr.main",
    "data": ":data/regression-num-medium-1-elevators",
    "prediction_type": null,
    "metrics": {
        "train": {
            "rmse": 0.0042835987144949975,
            "mae": 0.0027407374425025832,
            "r2": 0.5943740497077092,
            "score": -0.0042835987144949975
        },
        "val": {
            "rmse": 0.004697788398390784,
            "mae": 0.0029851731361528466,
            "r2": 0.5087524908968182,
            "score": -0.004697788398390784
        },
        "test": {
            "rmse": 0.004857322504709432,
            "mae": 0.003009340431685409,
            "r2": 0.4748812895381507,
            "score": -0.004857322504709432
        }
    }
}