{
    "function": "bin.ffn.main",
    "gpus": [
        "A100-SXM-80GB"
    ],
    "config": {
        "seed": 11,
        "batch_size": 128,
        "patience": 16,
        "n_epochs": Infinity,
        "data": {
            "seed": 0,
            "cache": true,
            "path": ":data/regression-cat-medium-1-visualizing_soil",
            "num_policy": "quantile",
            "cat_policy": null,
            "y_policy": "standard"
        },
        "optimizer": {
            "type": "AdamW",
            "lr": 1.1606358215402464e-05,
            "weight_decay": 0.0
        },
        "model": {
            "num_embeddings": null,
            "backbone": {
                "type": "MLP",
                "n_blocks": 6,
                "d_layer": 681,
                "dropout": 0.0,
                "activation": "ReLU"
            }
        }
    },
    "n_parameters": 2326297,
    "prediction_type": null,
    "best_epoch": 121,
    "metrics": {
        "train": {
            "rmse": 0.10749942060663417,
            "mae": 0.06460516219862456,
            "r2": 0.9999255639109598,
            "score": -0.10749942060663417
        },
        "val": {
            "rmse": 0.11757109679477844,
            "mae": 0.07108556334258154,
            "r2": 0.9999062113633167,
            "score": -0.11757109679477844
        },
        "test": {
            "rmse": 0.14244735233796735,
            "mae": 0.0757938204225681,
            "r2": 0.9998643685938252,
            "score": -0.14244735233796735
        }
    },
    "time": "0:00:23",
    "chunk_size": null,
    "eval_batch_size": 32768
}
