{
    "function": "bin.ensemble.main",
    "config": {
        "seeds": [
            5,
            6,
            7,
            8,
            9
        ]
    },
    "single_model_function": "bin.tabr.main",
    "data": ":data/classif-cat-medium-1-compass",
    "prediction_type": "probs",
    "metrics": {
        "train": {
            "0": {
                "precision": 0.8661543959971408,
                "recall": 0.9638099025651223,
                "f1-score": 0.9123764705882352,
                "support": 5029
            },
            "1": {
                "precision": 0.9586739327883742,
                "recall": 0.8493260913297124,
                "f1-score": 0.9006933333333335,
                "support": 4971
            },
            "accuracy": 0.9069,
            "macro avg": {
                "precision": 0.9124141643927575,
                "recall": 0.9065679969474174,
                "f1-score": 0.9065349019607843,
                "support": 10000
            },
            "weighted avg": {
                "precision": 0.912145857736063,
                "recall": 0.9069,
                "f1-score": 0.9065687830588235,
                "support": 10000
            },
            "cross-entropy": 0.2288440536752563,
            "roc-auc": 0.9684209976823621,
            "score": 0.9069
        },
        "val": {
            "0": {
                "precision": 0.835304822565969,
                "recall": 0.9357798165137615,
                "f1-score": 0.8826923076923078,
                "support": 981
            },
            "1": {
                "precision": 0.9295302013422819,
                "recall": 0.8211462450592886,
                "f1-score": 0.8719832109129066,
                "support": 1012
            },
            "accuracy": 0.877571500250878,
            "macro avg": {
                "precision": 0.8824175119541255,
                "recall": 0.8784630307865251,
                "f1-score": 0.8773377593026073,
                "support": 1993
            },
            "weighted avg": {
                "precision": 0.8831503234799825,
                "recall": 0.877571500250878,
                "f1-score": 0.8772544722980509,
                "support": 1993
            },
            "cross-entropy": 0.2755055219861155,
            "roc-auc": 0.9469404858315907,
            "score": 0.877571500250878
        },
        "test": {
            "0": {
                "precision": 0.8250382848392037,
                "recall": 0.9320934256055363,
                "f1-score": 0.8753046303818034,
                "support": 2312
            },
            "1": {
                "precision": 0.9230014713094654,
                "recall": 0.804617357845233,
                "f1-score": 0.8597533120146186,
                "support": 2339
            },
            "accuracy": 0.8679853794882821,
            "macro avg": {
                "precision": 0.8740198780743346,
                "recall": 0.8683553917253847,
                "f1-score": 0.867528971198211,
                "support": 4651
            },
            "weighted avg": {
                "precision": 0.8743042261752481,
                "recall": 0.8679853794882821,
                "f1-score": 0.8674838319167754,
                "support": 4651
            },
            "cross-entropy": 0.29284873213736545,
            "roc-auc": 0.9420875673660556,
            "score": 0.8679853794882821
        }
    }
}