{
    "function": "bin.lightgbm_.main",
    "gpus": [
        "GeForce RTX 2080 Ti",
        "GeForce RTX 2080 Ti"
    ],
    "config": {
        "seed": 5,
        "data": {
            "seed": 0,
            "num_policy": null,
            "cache": true,
            "path": ":data/regression-num-medium-0-houses",
            "cat_policy": null,
            "y_policy": "standard"
        },
        "model": {
            "n_estimators": 4000,
            "n_jobs": 4,
            "feature_fraction": 0.6368298511903369,
            "lambda_l2": 3.6836199406559285,
            "learning_rate": 0.024541283831668405,
            "num_leaves": 159,
            "min_sum_hessian_in_leaf": 0.011434854532528719,
            "bagging_fraction": 0.5668451868325164
        },
        "fit": {
            "early_stopping_rounds": 200,
            "verbose": true
        }
    },
    "prediction_type": null,
    "time": "0:00:02",
    "best_iteration": 488,
    "metrics": {
        "train": {
            "rmse": 0.10649622305758985,
            "mae": 0.0752192919666985,
            "r2": 0.9646666175378621,
            "score": -0.10649622305758985
        },
        "val": {
            "rmse": 0.23283915013672998,
            "mae": 0.15812127366354045,
            "r2": 0.8384988812627616,
            "score": -0.23283915013672998
        },
        "test": {
            "rmse": 0.21913277556294383,
            "mae": 0.15223469388674443,
            "r2": 0.8512125870276641,
            "score": -0.21913277556294383
        }
    }
}
