{
    "function": "bin.ffn.main",
    "gpus": [
        "A100-SXM-80GB"
    ],
    "config": {
        "seed": 4,
        "batch_size": 64,
        "patience": 16,
        "n_epochs": Infinity,
        "data": {
            "seed": 0,
            "cache": true,
            "path": ":data/regression-cat-medium-1-analcatdata_supreme",
            "num_policy": "quantile",
            "cat_policy": null,
            "y_policy": "standard"
        },
        "optimizer": {
            "type": "AdamW",
            "lr": 4.129972360232342e-05,
            "weight_decay": 1.6567638725903722e-06
        },
        "model": {
            "num_embeddings": null,
            "backbone": {
                "type": "MLP",
                "n_blocks": 6,
                "d_layer": 80,
                "dropout": 0.0,
                "activation": "ReLU"
            }
        }
    },
    "n_parameters": 33121,
    "prediction_type": null,
    "best_epoch": 46,
    "metrics": {
        "train": {
            "rmse": 0.07709305491235781,
            "mae": 0.020405899482456302,
            "r2": 0.9803975809532274,
            "score": -0.07709305491235781
        },
        "val": {
            "rmse": 0.04656734764845792,
            "mae": 0.01757546542452415,
            "r2": 0.9928059017644434,
            "score": -0.04656734764845792
        },
        "test": {
            "rmse": 0.08431832524976864,
            "mae": 0.023436926173892036,
            "r2": 0.9761103130736748,
            "score": -0.08431832524976864
        }
    },
    "time": "0:00:08",
    "chunk_size": null,
    "eval_batch_size": 32768
}
