{
    "function": "bin.catboost_.main",
    "gpus": [
        "NVIDIA GeForce RTX 2080 Ti",
        "NVIDIA GeForce RTX 2080 Ti"
    ],
    "config": {
        "seed": 7,
        "data": {
            "seed": 0,
            "num_policy": null,
            "cat_policy": null,
            "cache": true,
            "path": ":data/regression-num-medium-1-sulfur",
            "y_policy": "standard"
        },
        "model": {
            "iterations": 4000,
            "early_stopping_rounds": 3999,
            "thread_count": 4,
            "task_type": "CPU",
            "od_pval": 0.001
        },
        "fit": {
            "logging_level": "Verbose"
        }
    },
    "prediction_type": null,
    "time": "0:00:06",
    "best_iteration": 3443,
    "metrics": {
        "train": {
            "rmse": 0.007763838318209952,
            "mae": 0.0060184622746146344,
            "r2": 0.9777042499335303,
            "score": -0.007763838318209952
        },
        "val": {
            "rmse": 0.028142892225895586,
            "mae": 0.01075701462143516,
            "r2": 0.8028921970190228,
            "score": -0.028142892225895586
        },
        "test": {
            "rmse": 0.022402758369457598,
            "mae": 0.009748706693421991,
            "r2": 0.8092507962119422,
            "score": -0.022402758369457598
        }
    }
}
