{
    "function": "bin.tabr.main",
    "gpus": [
        "NVIDIA A100-SXM4-80GB"
    ],
    "config": {
        "seed": 5,
        "batch_size": 32,
        "patience": 16,
        "n_epochs": Infinity,
        "context_size": 96,
        "data": {
            "seed": 0,
            "cache": true,
            "path": ":data/classif-num-medium-2-wine",
            "num_policy": "quantile",
            "cat_policy": null,
            "y_policy": null
        },
        "model": {
            "num_embeddings": null,
            "d_main": 265,
            "mixer_dropout": 0.38920071545944357,
            "d_multiplier": 2.0,
            "encoder_n_blocks": 0,
            "predictor_n_blocks": 1,
            "mixer_normalization": "auto",
            "dropout0": 0.38852797479169876,
            "dropout1": 0.0,
            "normalization": "LayerNorm",
            "activation": "ReLU"
        },
        "optimizer": {
            "type": "AdamW",
            "lr": 0.0003121273641315169,
            "weight_decay": 1.2260352006404615e-06
        }
    },
    "n_parameters": 638651,
    "prediction_type": "logits",
    "best_epoch": 15,
    "metrics": {
        "train": {
            "0": {
                "precision": 0.9,
                "recall": 0.8199780461031834,
                "f1-score": 0.8581275129236071,
                "support": 911
            },
            "1": {
                "precision": 0.8286311389759665,
                "recall": 0.9052511415525114,
                "f1-score": 0.8652482269503545,
                "support": 876
            },
            "accuracy": 0.8617795187465025,
            "macro avg": {
                "precision": 0.8643155694879833,
                "recall": 0.8626145938278473,
                "f1-score": 0.8616878699369808,
                "support": 1787
            },
            "weighted avg": {
                "precision": 0.8650144811096513,
                "recall": 0.8617795187465025,
                "f1-score": 0.8616181371471273,
                "support": 1787
            },
            "cross-entropy": 0.30603267703912695,
            "roc-auc": 0.9431892796816184,
            "score": 0.8617795187465025
        },
        "val": {
            "0": {
                "precision": 0.8350515463917526,
                "recall": 0.7714285714285715,
                "f1-score": 0.801980198019802,
                "support": 105
            },
            "1": {
                "precision": 0.8195488721804511,
                "recall": 0.872,
                "f1-score": 0.8449612403100776,
                "support": 125
            },
            "accuracy": 0.8260869565217391,
            "macro avg": {
                "precision": 0.8273002092861019,
                "recall": 0.8217142857142857,
                "f1-score": 0.8234707191649397,
                "support": 230
            },
            "weighted avg": {
                "precision": 0.826626179972567,
                "recall": 0.8260869565217391,
                "f1-score": 0.8253394601340821,
                "support": 230
            },
            "cross-entropy": 0.4001768035322924,
            "roc-auc": 0.9017142857142857,
            "score": 0.8260869565217391
        },
        "test": {
            "0": {
                "precision": 0.8032128514056225,
                "recall": 0.7662835249042146,
                "f1-score": 0.7843137254901961,
                "support": 261
            },
            "1": {
                "precision": 0.7881944444444444,
                "recall": 0.822463768115942,
                "f1-score": 0.8049645390070922,
                "support": 276
            },
            "accuracy": 0.7951582867783985,
            "macro avg": {
                "precision": 0.7957036479250335,
                "recall": 0.7943736465100784,
                "f1-score": 0.7946391322486441,
                "support": 537
            },
            "weighted avg": {
                "precision": 0.7954938936378663,
                "recall": 0.7951582867783985,
                "f1-score": 0.794927551431841,
                "support": 537
            },
            "cross-entropy": 0.42422699018178306,
            "roc-auc": 0.8919429174301737,
            "score": 0.7951582867783985
        }
    },
    "time": "0:00:10",
    "chunk_size": null,
    "eval_batch_size": 32768
}