{
    "function": "bin.tabr.main",
    "gpus": [
        "A100-SXM-80GB"
    ],
    "config": {
        "seed": 7,
        "batch_size": 256,
        "patience": 16,
        "n_epochs": Infinity,
        "context_size": 96,
        "data": {
            "seed": 0,
            "cache": true,
            "path": ":data/classif-num-medium-1-credit",
            "num_policy": "quantile",
            "cat_policy": null,
            "y_policy": null
        },
        "model": {
            "d_main": 88,
            "context_dropout": 0.13370398124004218,
            "d_multiplier": 2.0,
            "encoder_n_blocks": 0,
            "predictor_n_blocks": 2,
            "mixer_normalization": "auto",
            "dropout0": 0.1977997803990012,
            "dropout1": 0.0,
            "normalization": "LayerNorm",
            "activation": "ReLU",
            "num_embeddings": {
                "type": "PLREmbeddings",
                "n_frequencies": 55,
                "frequency_scale": 0.06757977437675855,
                "d_embedding": 41,
                "lite": true
            }
        },
        "optimizer": {
            "type": "AdamW",
            "lr": 0.00046552991427257725,
            "weight_decay": 9.793935052446206e-05
        }
    },
    "n_parameters": 143526,
    "prediction_type": "logits",
    "best_epoch": 0,
    "metrics": {
        "train": {
            "0": {
                "precision": 0.7824791418355185,
                "recall": 0.781237604125347,
                "f1-score": 0.7818578801111552,
                "support": 5042
            },
            "1": {
                "precision": 0.7778896496173983,
                "recall": 0.7791448164582493,
                "f1-score": 0.7785167271261588,
                "support": 4958
            },
            "accuracy": 0.7802,
            "macro avg": {
                "precision": 0.7801843957264584,
                "recall": 0.7801912102917982,
                "f1-score": 0.7801873036186571,
                "support": 10000
            },
            "weighted avg": {
                "precision": 0.7802036715937745,
                "recall": 0.7802,
                "f1-score": 0.780201336461194,
                "support": 10000
            },
            "cross-entropy": 0.4768278733490873,
            "roc-auc": 0.8589229456030417,
            "score": 0.7802
        },
        "val": {
            "0": {
                "precision": 0.768920282542886,
                "recall": 0.7522211253701876,
                "f1-score": 0.7604790419161677,
                "support": 1013
            },
            "1": {
                "precision": 0.7546432062561095,
                "recall": 0.7712287712287712,
                "f1-score": 0.7628458498023716,
                "support": 1001
            },
            "accuracy": 0.7616683217477657,
            "macro avg": {
                "precision": 0.7617817443994978,
                "recall": 0.7617249482994795,
                "f1-score": 0.7616624458592696,
                "support": 2014
            },
            "weighted avg": {
                "precision": 0.7618242778938973,
                "recall": 0.7616683217477657,
                "f1-score": 0.7616553947930743,
                "support": 2014
            },
            "cross-entropy": 0.49966583959427324,
            "roc-auc": 0.8460670622565982,
            "score": 0.7616683217477657
        },
        "test": {
            "0": {
                "precision": 0.7709327548806941,
                "recall": 0.7719374456993918,
                "f1-score": 0.7714347731712611,
                "support": 2302
            },
            "1": {
                "precision": 0.7807933194154488,
                "recall": 0.7798165137614679,
                "f1-score": 0.7803046108908825,
                "support": 2398
            },
            "accuracy": 0.7759574468085106,
            "macro avg": {
                "precision": 0.7758630371480715,
                "recall": 0.7758769797304299,
                "f1-score": 0.7758696920310718,
                "support": 4700
            },
            "weighted avg": {
                "precision": 0.7759637407858732,
                "recall": 0.7759574468085106,
                "f1-score": 0.7759602776077829,
                "support": 4700
            },
            "cross-entropy": 0.4883495402353229,
            "roc-auc": 0.8495409402129925,
            "score": 0.7759574468085106
        }
    },
    "time": "0:00:09",
    "chunk_size": null,
    "eval_batch_size": 32768
}