{
    "function": "bin.ft_transformer.main",
    "gpus": [
        "A100-SXM-80GB"
    ],
    "config": {
        "seed": 7,
        "batch_size": 128,
        "patience": 16,
        "n_epochs": Infinity,
        "data": {
            "seed": 0,
            "cache": true,
            "path": ":data/regression-cat-medium-2-visualizing_soil",
            "num_policy": "quantile",
            "cat_policy": null,
            "y_policy": "standard"
        },
        "optimizer": {
            "type": "AdamW",
            "lr": 0.0002163415023474918,
            "weight_decay": 2.5576863137536835e-06
        },
        "model": {
            "d_token": 288,
            "n_blocks": 2,
            "attention_dropout": 0.008712623596257515,
            "ffn_d_hidden_factor": 2.622731993351664,
            "ffn_dropout": 0.00024533701105674925,
            "residual_dropout": 0.0
        }
    },
    "n_parameters": 1979277,
    "prediction_type": null,
    "best_epoch": 28,
    "metrics": {
        "train": {
            "rmse": 0.12467910665933543,
            "mae": 0.08330494672574451,
            "r2": 0.9998981080460149,
            "score": -0.12467910665933543
        },
        "val": {
            "rmse": 0.1301180035595648,
            "mae": 0.08613155265092676,
            "r2": 0.9998898806168358,
            "score": -0.1301180035595648
        },
        "test": {
            "rmse": 0.13082357967781919,
            "mae": 0.08688560794953482,
            "r2": 0.999890202304967,
            "score": -0.13082357967781919
        }
    },
    "time": "0:00:45",
    "chunk_size": null,
    "eval_batch_size": 32768
}
