{
    "function": "bin.ffn.main",
    "environment": {
        "CUDA_VISIBLE_DEVICES": "1",
        "gpus": {
            "driver": "460.80",
            "devices": [
                {
                    "name": "GeForce RTX 2080 Ti",
                    "memory_total": 11554717696,
                    "memory_free": 1977024512,
                    "memory_used": 9577693184,
                    "utilization": 98
                },
                {
                    "name": "GeForce RTX 2080 Ti",
                    "memory_total": 11552096256,
                    "memory_free": 9782099968,
                    "memory_used": 1769996288,
                    "utilization": 29
                }
            ]
        },
        "torch.version.cuda": "11.1",
        "torch.backends.cudnn.version()": 8005,
        "torch.cuda.nccl.version()": [
            2,
            10,
            3
        ]
    },
    "config": {
        "seed": 10,
        "batch_size": 128,
        "patience": 16,
        "n_epochs": Infinity,
        "data": {
            "seed": 0,
            "cache": true,
            "path": ":data/regression-cat-medium-2-Brazilian_houses",
            "num_policy": "quantile",
            "cat_policy": "ordinal",
            "y_policy": "standard"
        },
        "optimizer": {
            "type": "AdamW",
            "lr": 0.0004160455957141494,
            "weight_decay": 0.0
        },
        "model": {
            "backbone": {
                "type": "MLP",
                "n_blocks": 2,
                "d_layer": 392,
                "dropout": 0.0,
                "activation": "ReLU"
            },
            "num_embeddings": {
                "type": "PLREmbeddings",
                "n_frequencies": 81,
                "frequency_scale": 0.66505494493199,
                "d_embedding": 59,
                "lite": true
            }
        }
    },
    "n_parameters": 352874,
    "prediction_type": null,
    "best_epoch": 52,
    "metrics": {
        "train": {
            "rmse": 0.007043231761855527,
            "mae": 0.004949439986472681,
            "r2": 0.9999219363018764,
            "score": -0.007043231761855527
        },
        "val": {
            "rmse": 0.015944172002579002,
            "mae": 0.008205255294174485,
            "r2": 0.9995973738760331,
            "score": -0.015944172002579002
        },
        "test": {
            "rmse": 0.07188696913791268,
            "mae": 0.010285782829906776,
            "r2": 0.991989932818885,
            "score": -0.07188696913791268
        }
    },
    "time": "0:00:09",
    "chunk_size": null,
    "eval_batch_size": 32768
}
