{
    "function": "bin.catboost_.main",
    "gpus": [
        "GeForce RTX 2080 Ti",
        "GeForce RTX 2080 Ti"
    ],
    "config": {
        "seed": 10,
        "data": {
            "seed": 0,
            "num_policy": null,
            "cat_policy": null,
            "cache": true,
            "path": ":data/regression-cat-medium-0-Mercedes_Benz_Greener_Manufacturing",
            "y_policy": "standard"
        },
        "model": {
            "iterations": 4000,
            "early_stopping_rounds": 200,
            "od_pval": 0.001,
            "bagging_temperature": 0.4713304757020423,
            "depth": 3,
            "l2_leaf_reg": 8.521295303794405,
            "leaf_estimation_iterations": 1,
            "learning_rate": 0.01452801217342092,
            "task_type": "CPU",
            "thread_count": 4
        },
        "fit": {
            "logging_level": "Verbose"
        }
    },
    "prediction_type": null,
    "time": "0:00:03",
    "best_iteration": 2225,
    "metrics": {
        "train": {
            "rmse": 7.611349243604014,
            "mae": 5.071201158706863,
            "r2": 0.6261959703857652,
            "score": -7.611349243604014
        },
        "val": {
            "rmse": 8.047802912530397,
            "mae": 5.405886131701304,
            "r2": 0.5834949890628983,
            "score": -8.047802912530397
        },
        "test": {
            "rmse": 9.762666421630113,
            "mae": 5.354158711818006,
            "r2": 0.4757228089679688,
            "score": -9.762666421630113
        }
    }
}
