{
    "function": "bin.catboost_.main",
    "gpus": [],
    "config": {
        "seed": 7,
        "data": {
            "seed": 0,
            "num_policy": null,
            "cat_policy": null,
            "cache": true,
            "path": ":data/adult",
            "y_policy": null
        },
        "model": {
            "iterations": 4000,
            "early_stopping_rounds": 200,
            "od_pval": 0.001,
            "bagging_temperature": 0.6573996271166188,
            "depth": 10,
            "l2_leaf_reg": 9.523421628335239,
            "leaf_estimation_iterations": 5,
            "learning_rate": 0.01775079785751064,
            "task_type": "CPU",
            "thread_count": 4
        },
        "fit": {
            "logging_level": "Verbose"
        }
    },
    "prediction_type": "probs",
    "time": "0:01:13",
    "best_iteration": 1664,
    "metrics": {
        "train": {
            "0": {
                "precision": 0.9118963940108805,
                "recall": 0.9578255372945639,
                "f1-score": 0.934296848024466,
                "support": 19775
            },
            "1": {
                "precision": 0.8419556566230812,
                "recall": 0.7082735533237685,
                "f1-score": 0.7693506493506493,
                "support": 6273
            },
            "accuracy": 0.8977272727272727,
            "macro avg": {
                "precision": 0.8769260253169808,
                "recall": 0.8330495453091662,
                "f1-score": 0.8518237486875577,
                "support": 26048
            },
            "weighted avg": {
                "precision": 0.8950529417061484,
                "recall": 0.8977272727272727,
                "f1-score": 0.8945737405198265,
                "support": 26048
            },
            "cross-entropy": 0.23786741456710034,
            "roc-auc": 0.9512322289877171,
            "score": 0.8977272727272727
        },
        "val": {
            "0": {
                "precision": 0.8985143739147212,
                "recall": 0.9417593528816987,
                "f1-score": 0.9196287519747236,
                "support": 4945
            },
            "1": {
                "precision": 0.7834586466165413,
                "recall": 0.6645408163265306,
                "f1-score": 0.7191166321601103,
                "support": 1568
            },
            "accuracy": 0.8750191923844618,
            "macro avg": {
                "precision": 0.8409865102656313,
                "recall": 0.8031500846041146,
                "f1-score": 0.8193726920674169,
                "support": 6513
            },
            "weighted avg": {
                "precision": 0.870814791479047,
                "recall": 0.8750191923844618,
                "f1-score": 0.8713556053649718,
                "support": 6513
            },
            "cross-entropy": 0.2768318427244648,
            "roc-auc": 0.9298019283547595,
            "score": 0.8750191923844618
        },
        "test": {
            "0": {
                "precision": 0.8948376225490197,
                "recall": 0.9395255327704061,
                "f1-score": 0.9166372445176729,
                "support": 12435
            },
            "1": {
                "precision": 0.7668217054263566,
                "recall": 0.6430057202288092,
                "f1-score": 0.6994767359637959,
                "support": 3846
            },
            "accuracy": 0.8694797616854002,
            "macro avg": {
                "precision": 0.8308296639876882,
                "recall": 0.7912656264996076,
                "f1-score": 0.8080569902407344,
                "support": 16281
            },
            "weighted avg": {
                "precision": 0.8645968991749172,
                "recall": 0.8694797616854002,
                "f1-score": 0.8653382262818022,
                "support": 16281
            },
            "cross-entropy": 0.28074532219914194,
            "roc-auc": 0.9251758441869642,
            "score": 0.8694797616854002
        }
    }
}
