{
    "function": "bin.ensemble.main",
    "config": {
        "seeds": [
            5,
            6,
            7,
            8,
            9
        ]
    },
    "single_model_function": "bin.ffn.main",
    "data": ":data/microsoft",
    "prediction_type": null,
    "metrics": {
        "train": {
            "rmse": 0.7158862803948619,
            "mae": 0.5679158804614879,
            "r2": 0.2417534564566174,
            "score": -0.7158862803948619
        },
        "val": {
            "rmse": 0.7425727208293383,
            "mae": 0.5869014903472802,
            "r2": 0.19963279688759417,
            "score": -0.7425727208293383
        },
        "test": {
            "rmse": 0.7460754301004057,
            "mae": 0.5877294869977128,
            "r2": 0.19729085367749133,
            "score": -0.7460754301004057
        }
    }
}
