{
    "function": "bin.tabr.main",
    "gpus": [
        "A100-SXM-80GB"
    ],
    "config": {
        "seed": 3,
        "batch_size": 1024,
        "patience": 16,
        "n_epochs": Infinity,
        "context_size": 96,
        "data": {
            "seed": 0,
            "cache": true,
            "path": ":data/weather-small",
            "num_policy": "quantile",
            "cat_policy": null,
            "y_policy": "standard"
        },
        "model": {
            "num_embeddings": null,
            "d_main": 133,
            "context_dropout": 0.1827034829171335,
            "d_multiplier": 2.0,
            "encoder_n_blocks": 0,
            "predictor_n_blocks": 1,
            "mixer_normalization": "auto",
            "dropout0": 0.2620658901638025,
            "dropout1": 0.0,
            "normalization": "LayerNorm",
            "activation": "ReLU"
        },
        "optimizer": {
            "type": "AdamW",
            "lr": 0.0002328430093712342,
            "weight_decay": 1.4205752150991679e-06
        }
    },
    "n_parameters": 176891,
    "prediction_type": null,
    "best_epoch": 52,
    "metrics": {
        "train": {
            "rmse": 1.6539029948869164,
            "mae": 1.2219547373091046,
            "r2": 0.9740588732879915,
            "score": -1.6539029948869164
        },
        "val": {
            "rmse": 1.7491024621893545,
            "mae": 1.2866459159406531,
            "r2": 0.9709709562560307,
            "score": -1.7491024621893545
        },
        "test": {
            "rmse": 1.751105210321006,
            "mae": 1.2855477228378476,
            "r2": 0.9709825868920203,
            "score": -1.751105210321006
        }
    },
    "time": "0:10:48",
    "chunk_size": null,
    "eval_batch_size": 32768
}