{
    "function": "bin.ffn.main",
    "gpus": [
        "A100-SXM-80GB"
    ],
    "config": {
        "seed": 0,
        "batch_size": 256,
        "patience": 16,
        "n_epochs": Infinity,
        "data": {
            "seed": 0,
            "cache": true,
            "path": ":data/adult",
            "num_policy": "quantile",
            "cat_policy": "ordinal",
            "y_policy": null
        },
        "optimizer": {
            "type": "AdamW",
            "lr": 4.031458718510787e-05,
            "weight_decay": 0.0
        },
        "model": {
            "backbone": {
                "type": "MLP",
                "n_blocks": 4,
                "d_layer": 122,
                "dropout": 0.45219231141308014,
                "activation": "ReLU"
            },
            "num_embeddings": {
                "type": "PLREmbeddings",
                "n_frequencies": 33,
                "frequency_scale": 31.599598434754814,
                "d_embedding": 38,
                "lite": false
            }
        }
    },
    "n_parameters": 100875,
    "prediction_type": "logits",
    "best_epoch": 74,
    "metrics": {
        "train": {
            "0": {
                "precision": 0.9153539478802023,
                "recall": 0.9520606826801518,
                "f1-score": 0.9333465533054062,
                "support": 19775
            },
            "1": {
                "precision": 0.827007299270073,
                "recall": 0.7224613422604814,
                "f1-score": 0.7712073513145579,
                "support": 6273
            },
            "accuracy": 0.8967675061425061,
            "macro avg": {
                "precision": 0.8711806235751376,
                "recall": 0.8372610124703166,
                "f1-score": 0.852276952309982,
                "support": 26048
            },
            "weighted avg": {
                "precision": 0.8940778987888578,
                "recall": 0.8967675061425061,
                "f1-score": 0.8942994397424227,
                "support": 26048
            },
            "cross-entropy": 0.23872533891246583,
            "roc-auc": 0.9484712017046548,
            "score": 0.8967675061425061
        },
        "val": {
            "0": {
                "precision": 0.8989547038327527,
                "recall": 0.9391304347826087,
                "f1-score": 0.9186035011373752,
                "support": 4945
            },
            "1": {
                "precision": 0.7765404602821084,
                "recall": 0.6670918367346939,
                "f1-score": 0.7176672384219553,
                "support": 1568
            },
            "accuracy": 0.873637340703209,
            "macro avg": {
                "precision": 0.8377475820574305,
                "recall": 0.8031111357586513,
                "f1-score": 0.8181353697796653,
                "support": 6513
            },
            "weighted avg": {
                "precision": 0.8694835639759416,
                "recall": 0.873637340703209,
                "f1-score": 0.8702282424335862,
                "support": 6513
            },
            "cross-entropy": 0.2813926269879116,
            "roc-auc": 0.9287628195868843,
            "score": 0.873637340703209
        },
        "test": {
            "0": {
                "precision": 0.8978158524349772,
                "recall": 0.9355046240450342,
                "f1-score": 0.9162728418399496,
                "support": 12435
            },
            "1": {
                "precision": 0.7587244283995187,
                "recall": 0.655746229849194,
                "f1-score": 0.7034867503486751,
                "support": 3846
            },
            "accuracy": 0.8694183403967816,
            "macro avg": {
                "precision": 0.8282701404172479,
                "recall": 0.7956254269471141,
                "f1-score": 0.8098797960943124,
                "support": 16281
            },
            "weighted avg": {
                "precision": 0.8649588033077507,
                "recall": 0.8694183403967816,
                "f1-score": 0.8660071758565676,
                "support": 16281
            },
            "cross-entropy": 0.2850725874415674,
            "roc-auc": 0.9251094772379558,
            "score": 0.8694183403967816
        }
    },
    "time": "0:00:38",
    "chunk_size": null,
    "eval_batch_size": 32768
}
