{
    "function": "bin.tabr.main",
    "gpus": [
        "NVIDIA A100-SXM4-80GB"
    ],
    "config": {
        "seed": 5,
        "batch_size": 256,
        "patience": 16,
        "n_epochs": Infinity,
        "context_size": 96,
        "data": {
            "seed": 0,
            "cache": true,
            "path": ":data/regression-cat-medium-1-Brazilian_houses",
            "num_policy": "quantile",
            "cat_policy": "ordinal",
            "y_policy": "standard"
        },
        "model": {
            "num_embeddings": null,
            "d_main": 265,
            "mixer_dropout": 0.38920071545944357,
            "d_multiplier": 2.0,
            "encoder_n_blocks": 0,
            "predictor_n_blocks": 1,
            "mixer_normalization": "auto",
            "dropout0": 0.38852797479169876,
            "dropout1": 0.0,
            "normalization": "LayerNorm",
            "activation": "ReLU"
        },
        "optimizer": {
            "type": "AdamW",
            "lr": 0.0003121273641315169,
            "weight_decay": 1.2260352006404615e-06
        }
    },
    "n_parameters": 639711,
    "prediction_type": null,
    "best_epoch": 81,
    "metrics": {
        "train": {
            "rmse": 0.03335992564606137,
            "mae": 0.019010678184157914,
            "r2": 0.9982789001767902,
            "score": -0.03335992564606137
        },
        "val": {
            "rmse": 0.09797198216366651,
            "mae": 0.022287381877352797,
            "r2": 0.9845049612952217,
            "score": -0.09797198216366651
        },
        "test": {
            "rmse": 0.059130082859358106,
            "mae": 0.0209300282299818,
            "r2": 0.9943031620259094,
            "score": -0.059130082859358106
        }
    },
    "time": "0:00:33",
    "chunk_size": null,
    "eval_batch_size": 32768
}