{
    "function": "bin.xgboost_.main",
    "gpus": [
        "NVIDIA GeForce RTX 2080 Ti"
    ],
    "config": {
        "seed": 3,
        "data": {
            "seed": 0,
            "num_policy": null,
            "cache": true,
            "path": ":data/regression-num-medium-2-Ailerons",
            "cat_policy": null,
            "y_policy": "standard"
        },
        "model": {
            "booster": "gbtree",
            "n_estimators": 4000,
            "n_jobs": 1,
            "tree_method": "gpu_hist",
            "use_label_encoder": false,
            "colsample_bytree": 0.6777668870095889,
            "gamma": 0.00928108451499271,
            "lambda": 0.0,
            "learning_rate": 0.011822452144008507,
            "max_depth": 6,
            "min_child_weight": 0.013914510053640122,
            "subsample": 0.623233636534637
        },
        "fit": {
            "early_stopping_rounds": 200,
            "verbose": true
        },
        "neighbors": null
    },
    "prediction_type": null,
    "time": "0:00:03",
    "best_iteration": 1140,
    "metrics": {
        "train": {
            "rmse": 0.00010557594597461832,
            "mae": 8.041320425719069e-05,
            "r2": 0.9335491869071121,
            "score": -0.00010557594597461832
        },
        "val": {
            "rmse": 0.00015037982388569807,
            "mae": 0.00010907067652477127,
            "r2": 0.8408916449099575,
            "score": -0.00015037982388569807
        },
        "test": {
            "rmse": 0.0001536800993519995,
            "mae": 0.0001114997332752896,
            "r2": 0.8625276024061019,
            "score": -0.0001536800993519995
        }
    }
}
