{
    "function": "bin.dkl.main",
    "gpus": [
        "A100-SXM-80GB"
    ],
    "config": {
        "seed": 5,
        "kernel": "rbf",
        "lr": 0.0077514101268319705,
        "weight_decay": 0.0,
        "patience": 16,
        "n_epochs": Infinity,
        "data": {
            "seed": 0,
            "cache": true,
            "path": ":data/california",
            "num_policy": "quantile",
            "cat_policy": null,
            "y_policy": "standard"
        },
        "mlp": {
            "n_blocks": 3,
            "d_layer": 417,
            "dropout": 0.35986611722813866,
            "activation": "ReLU"
        }
    },
    "prediction_type": null,
    "best_epoch": 188,
    "metrics": {
        "train": {
            "rmse": 0.395528908569255,
            "mae": 0.27393759957434227,
            "r2": 0.8838555210386293,
            "score": -0.395528908569255
        },
        "val": {
            "rmse": 0.48611503539183776,
            "mae": 0.3163392756329486,
            "r2": 0.8187642040257523,
            "score": -0.48611503539183776
        },
        "test": {
            "rmse": 0.639821123330581,
            "mae": 0.515603429003022,
            "r2": 0.6860542553516914,
            "score": -0.639821123330581
        }
    },
    "time": "0:06:41"
}
