{
    "function": "bin.ensemble.main",
    "config": {
        "seeds": [
            10,
            11,
            12,
            13,
            14
        ]
    },
    "single_model_function": "bin.xgboost_.main",
    "data": ":data/regression-num-medium-1-fifa",
    "prediction_type": null,
    "metrics": {
        "train": {
            "rmse": 0.6725296516189613,
            "mae": 0.5001977098424817,
            "r2": 0.7597595211404934,
            "score": -0.6725296516189613
        },
        "val": {
            "rmse": 0.7425608947886354,
            "mae": 0.5484305326354004,
            "r2": 0.7029123280698614,
            "score": -0.7425608947886354
        },
        "test": {
            "rmse": 0.7689249364866937,
            "mae": 0.566220929398348,
            "r2": 0.6697744674605671,
            "score": -0.7689249364866937
        }
    }
}
