{
    "function": "bin.ft_transformer.main",
    "gpus": [
        "A100-SXM-80GB"
    ],
    "config": {
        "seed": 5,
        "batch_size": 256,
        "patience": 16,
        "n_epochs": Infinity,
        "data": {
            "seed": 0,
            "cache": true,
            "path": ":data/classif-num-medium-2-bank-marketing",
            "num_policy": "quantile",
            "cat_policy": null,
            "y_policy": null
        },
        "optimizer": {
            "type": "AdamW",
            "lr": 0.0005147654133756325,
            "weight_decay": 2.894966513340512e-06
        },
        "model": {
            "d_token": 40,
            "n_blocks": 4,
            "attention_dropout": 0.49699639409816837,
            "ffn_d_hidden_factor": 2.324301756385273,
            "ffn_dropout": 0.08149172479518665,
            "residual_dropout": 0.0
        }
    },
    "n_parameters": 72577,
    "prediction_type": "logits",
    "best_epoch": 46,
    "metrics": {
        "train": {
            "0": {
                "precision": 0.8242865137101287,
                "recall": 0.7964314679643146,
                "f1-score": 0.8101196205142306,
                "support": 3699
            },
            "1": {
                "precision": 0.8033942558746736,
                "recall": 0.8304993252361673,
                "f1-score": 0.8167219641672196,
                "support": 3705
            },
            "accuracy": 0.8134792004321988,
            "macro avg": {
                "precision": 0.8138403847924012,
                "recall": 0.813465396600241,
                "f1-score": 0.8134207923407251,
                "support": 7404
            },
            "weighted avg": {
                "precision": 0.813831919533959,
                "recall": 0.8134792004321988,
                "f1-score": 0.8134234675204873,
                "support": 7404
            },
            "cross-entropy": 0.4150198218565804,
            "roc-auc": 0.8928530853617292,
            "score": 0.8134792004321988
        },
        "val": {
            "0": {
                "precision": 0.8277404921700223,
                "recall": 0.7991360691144709,
                "f1-score": 0.8131868131868131,
                "support": 463
            },
            "1": {
                "precision": 0.8158415841584158,
                "recall": 0.8425357873210634,
                "f1-score": 0.8289738430583501,
                "support": 489
            },
            "accuracy": 0.8214285714285714,
            "macro avg": {
                "precision": 0.8217910381642191,
                "recall": 0.8208359282177671,
                "f1-score": 0.8210803281225816,
                "support": 952
            },
            "weighted avg": {
                "precision": 0.8216285530758253,
                "recall": 0.8214285714285714,
                "f1-score": 0.8212959073120039,
                "support": 952
            },
            "cross-entropy": 0.42100354532350953,
            "roc-auc": 0.8876580671092326,
            "score": 0.8214285714285714
        },
        "test": {
            "0": {
                "precision": 0.8114754098360656,
                "recall": 0.7905944986690329,
                "f1-score": 0.8008988764044944,
                "support": 1127
            },
            "1": {
                "precision": 0.7900355871886121,
                "recall": 0.810958904109589,
                "f1-score": 0.8003605227579991,
                "support": 1095
            },
            "accuracy": 0.8006300630063007,
            "macro avg": {
                "precision": 0.8007554985123388,
                "recall": 0.800776701389311,
                "f1-score": 0.8006296995812467,
                "support": 2222
            },
            "weighted avg": {
                "precision": 0.8009098806736166,
                "recall": 0.8006300630063007,
                "f1-score": 0.8006335761151548,
                "support": 2222
            },
            "cross-entropy": 0.4392091258571922,
            "roc-auc": 0.8818052533699602,
            "score": 0.8006300630063007
        }
    },
    "time": "0:01:04",
    "chunk_size": null,
    "eval_batch_size": 32768
}
