{
    "function": "bin.tabr.main",
    "gpus": [
        "A100-SXM-80GB"
    ],
    "config": {
        "seed": 3,
        "batch_size": 256,
        "patience": 16,
        "n_epochs": Infinity,
        "context_size": 96,
        "data": {
            "seed": 0,
            "cache": true,
            "path": ":data/house",
            "num_policy": "quantile",
            "cat_policy": null,
            "y_policy": "standard"
        },
        "model": {
            "num_embeddings": null,
            "d_main": 132,
            "context_dropout": 0.5694586858783024,
            "d_multiplier": 2.0,
            "encoder_n_blocks": 0,
            "predictor_n_blocks": 1,
            "mixer_normalization": "auto",
            "dropout0": 0.2518549416145432,
            "dropout1": 0.0,
            "normalization": "LayerNorm",
            "activation": "ReLU"
        },
        "optimizer": {
            "type": "AdamW",
            "lr": 0.0003111311207454518,
            "weight_decay": 0.0
        }
    },
    "n_parameters": 160777,
    "prediction_type": null,
    "best_epoch": 41,
    "metrics": {
        "train": {
            "rmse": 22729.122076198473,
            "mae": 12548.65944688028,
            "r2": 0.8097561307309016,
            "score": -22729.122076198473
        },
        "val": {
            "rmse": 28323.660382066897,
            "mae": 14466.58556448808,
            "r2": 0.7307936435363085,
            "score": -28323.660382066897
        },
        "test": {
            "rmse": 31006.790764575722,
            "mae": 15076.202315820847,
            "r2": 0.6669714314639451,
            "score": -31006.790764575722
        }
    },
    "time": "0:01:05",
    "chunk_size": null,
    "eval_batch_size": 32768
}