{
    "function": "bin.ensemble.main",
    "config": {
        "seeds": [
            0,
            1,
            2,
            3,
            4
        ]
    },
    "single_model_function": "bin.ft_transformer.main",
    "data": ":data/regression-cat-large-0-SGEMM_GPU_kernel_performance",
    "prediction_type": null,
    "metrics": {
        "train": {
            "rmse": 0.016679157097066414,
            "mae": 0.009734908835654199,
            "r2": 0.9997782098988875,
            "score": -0.016679157097066414
        },
        "val": {
            "rmse": 0.016540153229166087,
            "mae": 0.009767831514528869,
            "r2": 0.9997832268488621,
            "score": -0.016540153229166087
        },
        "test": {
            "rmse": 0.016263943741058464,
            "mae": 0.009693395636464874,
            "r2": 0.9997865078365757,
            "score": -0.016263943741058464
        }
    }
}
