{
    "function": "bin.lightgbm_.main",
    "gpus": [
        "GeForce RTX 2080 Ti",
        "GeForce RTX 2080 Ti"
    ],
    "config": {
        "seed": 12,
        "data": {
            "seed": 0,
            "num_policy": null,
            "cache": true,
            "path": ":data/classif-num-medium-3-wine",
            "cat_policy": null,
            "y_policy": null
        },
        "model": {
            "n_estimators": 4000,
            "n_jobs": 4,
            "feature_fraction": 0.939619677156152,
            "lambda_l2": 1.111525593876429,
            "learning_rate": 0.028359843726959058,
            "num_leaves": 482,
            "min_sum_hessian_in_leaf": 0.011438276994063861,
            "bagging_fraction": 0.8767735314562767
        },
        "fit": {
            "early_stopping_rounds": 200,
            "verbose": true
        }
    },
    "prediction_type": "probs",
    "time": "0:00:00",
    "best_iteration": 207,
    "metrics": {
        "train": {
            "0": {
                "precision": 0.9955406911928651,
                "recall": 0.9911209766925638,
                "f1-score": 0.9933259176863182,
                "support": 901
            },
            "1": {
                "precision": 0.9910112359550561,
                "recall": 0.9954853273137697,
                "f1-score": 0.9932432432432432,
                "support": 886
            },
            "accuracy": 0.9932848349188584,
            "macro avg": {
                "precision": 0.9932759635739606,
                "recall": 0.9933031520031668,
                "f1-score": 0.9932845804647807,
                "support": 1787
            },
            "weighted avg": {
                "precision": 0.9932949735987416,
                "recall": 0.9932848349188584,
                "f1-score": 0.993284927447614,
                "support": 1787
            },
            "cross-entropy": 0.13693318159881995,
            "roc-auc": 0.9996592699859449,
            "score": 0.9932848349188584
        },
        "val": {
            "0": {
                "precision": 0.8301886792452831,
                "recall": 0.7787610619469026,
                "f1-score": 0.8036529680365297,
                "support": 113
            },
            "1": {
                "precision": 0.7983870967741935,
                "recall": 0.8461538461538461,
                "f1-score": 0.8215767634854771,
                "support": 117
            },
            "accuracy": 0.8130434782608695,
            "macro avg": {
                "precision": 0.8142878880097383,
                "recall": 0.8124574540503744,
                "f1-score": 0.8126148657610035,
                "support": 230
            },
            "weighted avg": {
                "precision": 0.8140113525099898,
                "recall": 0.8130434782608695,
                "f1-score": 0.8127707248518637,
                "support": 230
            },
            "cross-entropy": 0.44264677436556576,
            "roc-auc": 0.8714923228197564,
            "score": 0.8130434782608695
        },
        "test": {
            "0": {
                "precision": 0.8227848101265823,
                "recall": 0.7414448669201521,
                "f1-score": 0.7800000000000001,
                "support": 263
            },
            "1": {
                "precision": 0.7733333333333333,
                "recall": 0.8467153284671532,
                "f1-score": 0.808362369337979,
                "support": 274
            },
            "accuracy": 0.7951582867783985,
            "macro avg": {
                "precision": 0.7980590717299578,
                "recall": 0.7940800976936526,
                "f1-score": 0.7941811846689896,
                "support": 537
            },
            "weighted avg": {
                "precision": 0.7975525854685744,
                "recall": 0.7951582867783985,
                "f1-score": 0.7944716744853003,
                "support": 537
            },
            "cross-entropy": 0.45483617800839976,
            "roc-auc": 0.8706391718242625,
            "score": 0.7951582867783985
        }
    }
}
