{
    "function": "bin.ensemble.main",
    "config": {
        "seeds": [
            5,
            6,
            7,
            8,
            9
        ]
    },
    "single_model_function": "bin.tabr_design.main",
    "data": ":data/otto",
    "prediction_type": "probs",
    "metrics": {
        "train": {
            "0": {
                "precision": 0.8680688336520076,
                "recall": 0.7352226720647773,
                "f1-score": 0.7961420429636124,
                "support": 1235
            },
            "1": {
                "precision": 0.8184724689165187,
                "recall": 0.893196355882923,
                "f1-score": 0.8542033552692557,
                "support": 10318
            },
            "2": {
                "precision": 0.7278695468022025,
                "recall": 0.6710269426005466,
                "f1-score": 0.6982933766761479,
                "support": 5122
            },
            "3": {
                "precision": 0.8915281076801267,
                "recall": 0.6538908246225319,
                "f1-score": 0.7544388609715242,
                "support": 1722
            },
            "4": {
                "precision": 0.9829738933030647,
                "recall": 0.9880205362236166,
                "f1-score": 0.9854907539118065,
                "support": 1753
            },
            "5": {
                "precision": 0.9668771463387615,
                "recall": 0.9648463409241653,
                "f1-score": 0.9658606761467382,
                "support": 9046
            },
            "6": {
                "precision": 0.823013698630137,
                "recall": 0.8266373142542652,
                "f1-score": 0.8248215266337178,
                "support": 1817
            },
            "7": {
                "precision": 0.9475799086757991,
                "recall": 0.9577256784197895,
                "f1-score": 0.9526257803892766,
                "support": 5417
            },
            "8": {
                "precision": 0.9121390872399876,
                "recall": 0.9265216020182908,
                "f1-score": 0.9192740926157696,
                "support": 3171
            },
            "accuracy": 0.8781343905456933,
            "macro avg": {
                "precision": 0.8820580768042895,
                "recall": 0.8463431407789896,
                "f1-score": 0.861238940619761,
                "support": 39601
            },
            "weighted avg": {
                "precision": 0.8780282408543573,
                "recall": 0.8781343905456933,
                "f1-score": 0.8765319491587082,
                "support": 39601
            },
            "cross-entropy": 0.32742887653076186,
            "score": 0.8781343905456933
        },
        "val": {
            "0": {
                "precision": 0.6639676113360324,
                "recall": 0.5324675324675324,
                "f1-score": 0.5909909909909911,
                "support": 308
            },
            "1": {
                "precision": 0.7610776320453739,
                "recall": 0.8321705426356589,
                "f1-score": 0.7950379559340863,
                "support": 2580
            },
            "2": {
                "precision": 0.6198486122792263,
                "recall": 0.5753317720530835,
                "f1-score": 0.596761133603239,
                "support": 1281
            },
            "3": {
                "precision": 0.7672955974842768,
                "recall": 0.5661252900232019,
                "f1-score": 0.6515353805073432,
                "support": 431
            },
            "4": {
                "precision": 0.9702517162471396,
                "recall": 0.9680365296803652,
                "f1-score": 0.9691428571428571,
                "support": 438
            },
            "5": {
                "precision": 0.9519533004041311,
                "recall": 0.9372236958443855,
                "f1-score": 0.9445310759634662,
                "support": 2262
            },
            "6": {
                "precision": 0.7302631578947368,
                "recall": 0.7334801762114538,
                "f1-score": 0.7318681318681318,
                "support": 454
            },
            "7": {
                "precision": 0.9121915820029027,
                "recall": 0.9283604135893648,
                "f1-score": 0.9202049780380673,
                "support": 1354
            },
            "8": {
                "precision": 0.8514492753623188,
                "recall": 0.8890290037831021,
                "f1-score": 0.8698334361505243,
                "support": 793
            },
            "accuracy": 0.8212301787698212,
            "macro avg": {
                "precision": 0.8031442761173486,
                "recall": 0.7735805506986831,
                "f1-score": 0.7855451044665229,
                "support": 9901
            },
            "weighted avg": {
                "precision": 0.8194068839635215,
                "recall": 0.8212301787698212,
                "f1-score": 0.818857021001571,
                "support": 9901
            },
            "cross-entropy": 0.46777051119787594,
            "score": 0.8212301787698212
        },
        "test": {
            "0": {
                "precision": 0.6603174603174603,
                "recall": 0.538860103626943,
                "f1-score": 0.5934379457917262,
                "support": 386
            },
            "1": {
                "precision": 0.7588854137048621,
                "recall": 0.8278535980148883,
                "f1-score": 0.7918706423379321,
                "support": 3224
            },
            "2": {
                "precision": 0.6027118644067797,
                "recall": 0.5552779512804498,
                "f1-score": 0.5780234070221066,
                "support": 1601
            },
            "3": {
                "precision": 0.7212713936430318,
                "recall": 0.5483271375464684,
                "f1-score": 0.6230200633579727,
                "support": 538
            },
            "4": {
                "precision": 0.967391304347826,
                "recall": 0.9744525547445255,
                "f1-score": 0.9709090909090909,
                "support": 548
            },
            "5": {
                "precision": 0.9514459121742235,
                "recall": 0.942695436858861,
                "f1-score": 0.9470504619758351,
                "support": 2827
            },
            "6": {
                "precision": 0.7287234042553191,
                "recall": 0.7235915492957746,
                "f1-score": 0.7261484098939929,
                "support": 568
            },
            "7": {
                "precision": 0.9161290322580645,
                "recall": 0.9226225634967513,
                "f1-score": 0.9193643319599765,
                "support": 1693
            },
            "8": {
                "precision": 0.8516377649325626,
                "recall": 0.8920282542885973,
                "f1-score": 0.8713652045342533,
                "support": 991
            },
            "accuracy": 0.8174692954104719,
            "macro avg": {
                "precision": 0.7953903944489032,
                "recall": 0.7695232387948067,
                "f1-score": 0.7801321730869873,
                "support": 12376
            },
            "weighted avg": {
                "precision": 0.8147444422219984,
                "recall": 0.8174692954104719,
                "f1-score": 0.8148422053205738,
                "support": 12376
            },
            "cross-entropy": 0.46174051987069864,
            "score": 0.8174692954104719
        }
    }
}