{
    "function": "bin.lightgbm_.main",
    "gpus": [
        "GeForce RTX 2080 Ti",
        "GeForce RTX 2080 Ti"
    ],
    "config": {
        "seed": 10,
        "data": {
            "seed": 0,
            "num_policy": null,
            "cache": true,
            "path": ":data/regression-num-medium-1-Ailerons",
            "cat_policy": null,
            "y_policy": "standard"
        },
        "model": {
            "n_estimators": 4000,
            "n_jobs": 4,
            "feature_fraction": 0.7462326166387484,
            "lambda_l2": 0.2903002897201309,
            "learning_rate": 0.01902505990391931,
            "num_leaves": 54,
            "min_sum_hessian_in_leaf": 0.07874359129808092,
            "bagging_fraction": 0.530483931470234
        },
        "fit": {
            "early_stopping_rounds": 200,
            "verbose": true
        }
    },
    "prediction_type": null,
    "time": "0:00:02",
    "best_iteration": 1035,
    "metrics": {
        "train": {
            "rmse": 8.529742744852438e-05,
            "mae": 6.389663283391049e-05,
            "r2": 0.9561109329713184,
            "score": -8.529742744852438e-05
        },
        "val": {
            "rmse": 0.00014872403257540774,
            "mae": 0.0001085472049951536,
            "r2": 0.8642141018247461,
            "score": -0.00014872403257540774
        },
        "test": {
            "rmse": 0.00016314039293725358,
            "mae": 0.00011234844865216292,
            "r2": 0.8429286552761819,
            "score": -0.00016314039293725358
        }
    }
}
