{
    "function": "bin.tabr_scaling.main",
    "gpus": [
        "NVIDIA A100-SXM4-80GB"
    ],
    "config": {
        "seed": 5,
        "batch_size": 512,
        "patience": 16,
        "n_epochs": Infinity,
        "context_size": 96,
        "freeze_contexts_after_n_epochs": 1,
        "data": {
            "seed": 0,
            "cache": true,
            "path": ":data/diamond",
            "num_policy": "quantile",
            "cat_policy": "ordinal",
            "y_policy": "standard"
        },
        "model": {
            "num_embeddings": null,
            "d_main": 265,
            "mixer_dropout": 0.38920071545944357,
            "d_multiplier": 2.0,
            "encoder_n_blocks": 0,
            "predictor_n_blocks": 1,
            "mixer_normalization": "auto",
            "dropout0": 0.38852797479169876,
            "dropout1": 0.0,
            "normalization": "LayerNorm",
            "activation": "ReLU"
        },
        "optimizer": {
            "type": "AdamW",
            "lr": 0.0003121273641315169,
            "weight_decay": 1.2260352006404615e-06
        }
    },
    "n_parameters": 642626,
    "prediction_type": null,
    "best_epoch": 19,
    "metrics": {
        "train": {
            "rmse": 0.13265135097433747,
            "mae": 0.07074609430333179,
            "r2": 0.9823205395551474,
            "score": -0.13265135097433747
        },
        "val": {
            "rmse": 0.13387402904927023,
            "mae": 0.07133011291637172,
            "r2": 0.9824930727121505,
            "score": -0.13387402904927023
        },
        "test": {
            "rmse": 0.13662407873408383,
            "mae": 0.07078150934942305,
            "r2": 0.9812589053489151,
            "score": -0.13662407873408383
        }
    },
    "time": "0:00:36",
    "chunk_size": null,
    "eval_batch_size": 32768
}