{
    "function": "bin.catboost_.main",
    "gpus": [
        "NVIDIA GeForce RTX 2080 Ti",
        "NVIDIA GeForce RTX 2080 Ti"
    ],
    "config": {
        "seed": 1,
        "data": {
            "seed": 0,
            "num_policy": null,
            "cat_policy": null,
            "cache": true,
            "path": ":data/classif-cat-medium-0-electricity",
            "y_policy": null
        },
        "model": {
            "iterations": 4000,
            "early_stopping_rounds": 200,
            "od_pval": 0.001,
            "bagging_temperature": 0.057210657985444224,
            "depth": 8,
            "l2_leaf_reg": 0.10490815259080744,
            "leaf_estimation_iterations": 9,
            "learning_rate": 0.03917415338043243,
            "task_type": "CPU",
            "thread_count": 4
        },
        "fit": {
            "logging_level": "Verbose"
        }
    },
    "prediction_type": "probs",
    "time": "0:00:43",
    "best_iteration": 2900,
    "metrics": {
        "train": {
            "0": {
                "precision": 0.9998003194888179,
                "recall": 0.9992017561364998,
                "f1-score": 0.9995009481984232,
                "support": 5011
            },
            "1": {
                "precision": 0.999198717948718,
                "recall": 0.9997995590298657,
                "f1-score": 0.999499048191564,
                "support": 4989
            },
            "accuracy": 0.9995,
            "macro avg": {
                "precision": 0.9994995187187679,
                "recall": 0.9995006575831827,
                "f1-score": 0.9994999981949936,
                "support": 10000
            },
            "weighted avg": {
                "precision": 0.9995001804804621,
                "recall": 0.9995,
                "f1-score": 0.9995000002850011,
                "support": 10000
            },
            "cross-entropy": 0.0220799777877336,
            "roc-auc": 0.999998199991288,
            "score": 0.9995
        },
        "val": {
            "0": {
                "precision": 0.8852149267831837,
                "recall": 0.8767251461988305,
                "f1-score": 0.8809495827946879,
                "support": 4275
            },
            "1": {
                "precision": 0.877669452181987,
                "recall": 0.886102648230607,
                "f1-score": 0.8818658892128279,
                "support": 4267
            },
            "accuracy": 0.8814095059704987,
            "macro avg": {
                "precision": 0.8814421894825853,
                "recall": 0.8814138972147187,
                "f1-score": 0.881407736003758,
                "support": 8542
            },
            "weighted avg": {
                "precision": 0.8814457228352434,
                "recall": 0.8814095059704987,
                "f1-score": 0.8814073069209117,
                "support": 8542
            },
            "cross-entropy": 0.3021687171457239,
            "roc-auc": 0.952258938103794,
            "score": 0.8814095059704987
        },
        "test": {
            "0": {
                "precision": 0.8827053925053315,
                "recall": 0.8734800522560546,
                "f1-score": 0.8780684917668451,
                "support": 9951
            },
            "1": {
                "precision": 0.8751611303916708,
                "recall": 0.8842801322512774,
                "f1-score": 0.879696999900329,
                "support": 9981
            },
            "accuracy": 0.8788882199478226,
            "macro avg": {
                "precision": 0.8789332614485011,
                "recall": 0.878880092253666,
                "f1-score": 0.878882745833587,
                "support": 19932
            },
            "weighted avg": {
                "precision": 0.8789275839484156,
                "recall": 0.8788882199478226,
                "f1-score": 0.8788839713815504,
                "support": 19932
            },
            "cross-entropy": 0.30739519806189264,
            "roc-auc": 0.9515672582650276,
            "score": 0.8788882199478226
        }
    }
}
