{
    "function": "bin.xgboost_.main",
    "gpus": [
        "NVIDIA GeForce RTX 2080 Ti"
    ],
    "config": {
        "seed": 3,
        "data": {
            "seed": 0,
            "num_policy": null,
            "cache": true,
            "path": ":data/regression-cat-medium-0-yprop_4_1",
            "cat_policy": null,
            "y_policy": "standard"
        },
        "model": {
            "booster": "gbtree",
            "n_estimators": 4000,
            "n_jobs": 1,
            "tree_method": "gpu_hist",
            "use_label_encoder": false,
            "colsample_bytree": 0.6183648266034416,
            "gamma": 0,
            "lambda": 7.232494352764386,
            "learning_rate": 0.009012694212175732,
            "max_depth": 12,
            "min_child_weight": 0.2700967550964692,
            "subsample": 0.9188238594263772
        },
        "fit": {
            "early_stopping_rounds": 200,
            "verbose": true
        },
        "neighbors": null
    },
    "prediction_type": null,
    "time": "0:00:06",
    "best_iteration": 476,
    "metrics": {
        "train": {
            "rmse": 0.015021962395110396,
            "mae": 0.009188511611181949,
            "r2": 0.7585933182789005,
            "score": -0.015021962395110396
        },
        "val": {
            "rmse": 0.027044047143514865,
            "mae": 0.01941014337782332,
            "r2": 0.12183620355393354,
            "score": -0.027044047143514865
        },
        "test": {
            "rmse": 0.026226616088746702,
            "mae": 0.01878701583604081,
            "r2": 0.07262360340212448,
            "score": -0.026226616088746702
        }
    }
}
