{
    "function": "bin.ffn.main",
    "gpus": [
        "A100-SXM-80GB"
    ],
    "config": {
        "seed": 4,
        "batch_size": 128,
        "patience": 16,
        "n_epochs": Infinity,
        "data": {
            "seed": 0,
            "cache": true,
            "path": ":data/regression-num-medium-0-cpu_act",
            "num_policy": "quantile",
            "cat_policy": null,
            "y_policy": "standard"
        },
        "optimizer": {
            "type": "AdamW",
            "lr": 2.7172843116478837e-05,
            "weight_decay": 0.0
        },
        "model": {
            "num_embeddings": null,
            "backbone": {
                "type": "MLP",
                "n_blocks": 3,
                "d_layer": 712,
                "dropout": 0.11816370107268528,
                "activation": "ReLU"
            }
        }
    },
    "n_parameters": 1031689,
    "prediction_type": null,
    "best_epoch": 146,
    "metrics": {
        "train": {
            "rmse": 1.94628638870408,
            "mae": 1.46961235148774,
            "r2": 0.9886251512929916,
            "score": -1.94628638870408
        },
        "val": {
            "rmse": 2.3768484688299747,
            "mae": 1.7769670617530835,
            "r2": 0.9833128766614548,
            "score": -2.3768484688299747
        },
        "test": {
            "rmse": 2.557459201494493,
            "mae": 1.863064923710425,
            "r2": 0.981684977448612,
            "score": -2.557459201494493
        }
    },
    "time": "0:00:17",
    "chunk_size": null,
    "eval_batch_size": 32768
}
