{
    "function": "bin.ffn.main",
    "gpus": [
        "A100-SXM-80GB"
    ],
    "config": {
        "seed": 2,
        "batch_size": 256,
        "patience": 16,
        "n_epochs": Infinity,
        "data": {
            "seed": 0,
            "cache": true,
            "path": ":data/classif-cat-medium-1-compass",
            "num_policy": "quantile",
            "cat_policy": "ordinal",
            "y_policy": null
        },
        "optimizer": {
            "type": "AdamW",
            "lr": 0.0007843689092942932,
            "weight_decay": 0.0
        },
        "model": {
            "num_embeddings": null,
            "backbone": {
                "type": "MLP",
                "n_blocks": 2,
                "d_layer": 456,
                "dropout": 0.10042154750537652,
                "activation": "ReLU"
            }
        }
    },
    "n_parameters": 235753,
    "prediction_type": "logits",
    "best_epoch": 116,
    "metrics": {
        "train": {
            "0": {
                "precision": 0.9626604434072346,
                "recall": 0.9842911115529926,
                "f1-score": 0.9733556189165274,
                "support": 5029
            },
            "1": {
                "precision": 0.9837381638534376,
                "recall": 0.9613759806879904,
                "f1-score": 0.9724285278258216,
                "support": 4971
            },
            "accuracy": 0.9729,
            "macro avg": {
                "precision": 0.9731993036303361,
                "recall": 0.9728335461204916,
                "f1-score": 0.9728920733711746,
                "support": 10000
            },
            "weighted avg": {
                "precision": 0.9731381782410421,
                "recall": 0.9729,
                "f1-score": 0.9728947619353375,
                "support": 10000
            },
            "cross-entropy": 0.08242867343004551,
            "roc-auc": 0.9975252367489643,
            "score": 0.9729
        },
        "val": {
            "0": {
                "precision": 0.7752475247524753,
                "recall": 0.7981651376146789,
                "f1-score": 0.7865394274234052,
                "support": 981
            },
            "1": {
                "precision": 0.7985757884028484,
                "recall": 0.775691699604743,
                "f1-score": 0.7869674185463659,
                "support": 1012
            },
            "accuracy": 0.7867536377320622,
            "macro avg": {
                "precision": 0.7869116565776618,
                "recall": 0.786928418609711,
                "f1-score": 0.7867534229848856,
                "support": 1993
            },
            "weighted avg": {
                "precision": 0.7870930856226095,
                "recall": 0.7867536377320622,
                "f1-score": 0.7867567515661229,
                "support": 1993
            },
            "cross-entropy": 0.7173752571180214,
            "roc-auc": 0.8556707884589816,
            "score": 0.7867536377320622
        },
        "test": {
            "0": {
                "precision": 0.7621017790649566,
                "recall": 0.7967128027681661,
                "f1-score": 0.779023049270459,
                "support": 2312
            },
            "1": {
                "precision": 0.7896150402864817,
                "recall": 0.7541684480547243,
                "f1-score": 0.7714848020992783,
                "support": 2339
            },
            "accuracy": 0.7753171360997635,
            "macro avg": {
                "precision": 0.7758584096757191,
                "recall": 0.7754406254114452,
                "f1-score": 0.7752539256848686,
                "support": 4651
            },
            "weighted avg": {
                "precision": 0.7759382697115158,
                "recall": 0.7753171360997635,
                "f1-score": 0.7752320451566358,
                "support": 4651
            },
            "cross-entropy": 0.7476881427391562,
            "roc-auc": 0.8436360435580815,
            "score": 0.7753171360997635
        }
    },
    "time": "0:00:14",
    "chunk_size": null,
    "eval_batch_size": 32768
}
