{
    "function": "bin.ensemble.main",
    "config": {
        "seeds": [
            10,
            11,
            12,
            13,
            14
        ]
    },
    "single_model_function": "bin.ffn.main",
    "data": ":data/regression-cat-medium-2-yprop_4_1",
    "prediction_type": null,
    "metrics": {
        "train": {
            "rmse": 0.026484682987138717,
            "mae": 0.017318514115889472,
            "r2": 0.24439022621531503,
            "score": -0.026484682987138717
        },
        "val": {
            "rmse": 0.026151690573209742,
            "mae": 0.018383910260011294,
            "r2": 0.10007368906669856,
            "score": -0.026151690573209742
        },
        "test": {
            "rmse": 0.02664127678710235,
            "mae": 0.018886883340532012,
            "r2": 0.10701498895791683,
            "score": -0.02664127678710235
        }
    }
}
