{
    "function": "bin.catboost_.main",
    "gpus": [],
    "config": {
        "seed": 9,
        "data": {
            "seed": 0,
            "num_policy": null,
            "cat_policy": null,
            "cache": true,
            "path": ":data/california",
            "y_policy": "standard"
        },
        "model": {
            "iterations": 4000,
            "early_stopping_rounds": 200,
            "od_pval": 0.001,
            "bagging_temperature": 0.6740476770505535,
            "depth": 8,
            "l2_leaf_reg": 1.6515416980300013,
            "leaf_estimation_iterations": 7,
            "learning_rate": 0.03423698442373933,
            "task_type": "CPU",
            "thread_count": 4
        },
        "fit": {
            "logging_level": "Verbose"
        }
    },
    "prediction_type": null,
    "time": "0:00:16",
    "best_iteration": 3988,
    "metrics": {
        "train": {
            "rmse": 0.12312253596891676,
            "mae": 0.08947517097840404,
            "r2": 0.9887457323302157,
            "score": -0.12312253596891676
        },
        "val": {
            "rmse": 0.43399045465504665,
            "mae": 0.27681704186028805,
            "r2": 0.8555471331854749,
            "score": -0.43399045465504665
        },
        "test": {
            "rmse": 0.42766514062799155,
            "mae": 0.27807254766300316,
            "r2": 0.8597363527823243,
            "score": -0.42766514062799155
        }
    }
}
