{
    "function": "bin.catboost_.main",
    "gpus": [
        "A100-SXM-80GB"
    ],
    "config": {
        "seed": 7,
        "data": {
            "seed": 0,
            "num_policy": null,
            "cat_policy": null,
            "cache": true,
            "path": ":data/covtype",
            "y_policy": null
        },
        "model": {
            "iterations": 4000,
            "early_stopping_rounds": 200,
            "od_pval": 0.001,
            "bagging_temperature": 0.05921106496430908,
            "depth": 11,
            "l2_leaf_reg": 8.753098932872433,
            "leaf_estimation_iterations": 8,
            "learning_rate": 0.1256280180714141,
            "task_type": "CPU",
            "thread_count": 4
        },
        "fit": {
            "logging_level": "Verbose"
        }
    },
    "prediction_type": "probs",
    "time": "1:59:44",
    "best_iteration": 3897,
    "metrics": {
        "train": {
            "0": {
                "precision": 0.99997787251619,
                "recall": 0.99997787251619,
                "f1-score": 0.99997787251619,
                "support": 135578
            },
            "1": {
                "precision": 0.9999834539357572,
                "recall": 0.9999834539357572,
                "f1-score": 0.9999834539357572,
                "support": 181312
            },
            "2": {
                "precision": 1.0,
                "recall": 1.0,
                "f1-score": 1.0,
                "support": 22882
            },
            "3": {
                "precision": 1.0,
                "recall": 1.0,
                "f1-score": 1.0,
                "support": 1759
            },
            "4": {
                "precision": 1.0,
                "recall": 1.0,
                "f1-score": 1.0,
                "support": 6075
            },
            "5": {
                "precision": 1.0,
                "recall": 1.0,
                "f1-score": 1.0,
                "support": 11115
            },
            "6": {
                "precision": 1.0,
                "recall": 1.0,
                "f1-score": 1.0,
                "support": 13126
            },
            "accuracy": 0.9999838643312976,
            "macro avg": {
                "precision": 0.999994475207421,
                "recall": 0.999994475207421,
                "f1-score": 0.999994475207421,
                "support": 371847
            },
            "weighted avg": {
                "precision": 0.9999838643312976,
                "recall": 0.9999838643312976,
                "f1-score": 0.9999838643312976,
                "support": 371847
            },
            "cross-entropy": 0.013755701035744443,
            "score": 0.9999838643312976
        },
        "val": {
            "0": {
                "precision": 0.9714574237429089,
                "recall": 0.965008556086623,
                "f1-score": 0.9682222518242233,
                "support": 33894
            },
            "1": {
                "precision": 0.9706353209500208,
                "recall": 0.9764384045181786,
                "f1-score": 0.9735282149416565,
                "support": 45328
            },
            "2": {
                "precision": 0.9640998959417274,
                "recall": 0.9716832721552177,
                "f1-score": 0.9678767302167668,
                "support": 5721
            },
            "3": {
                "precision": 0.9075829383886256,
                "recall": 0.8724373576309795,
                "f1-score": 0.8896631823461091,
                "support": 439
            },
            "4": {
                "precision": 0.9089664613278576,
                "recall": 0.8742593811718236,
                "f1-score": 0.8912751677852349,
                "support": 1519
            },
            "5": {
                "precision": 0.9409434641699675,
                "recall": 0.9402662828355524,
                "f1-score": 0.9406047516198704,
                "support": 2779
            },
            "6": {
                "precision": 0.9697062423500612,
                "recall": 0.965569774527727,
                "f1-score": 0.9676335877862596,
                "support": 3282
            },
            "accuracy": 0.9683526602267594,
            "macro avg": {
                "precision": 0.947627392410167,
                "recall": 0.9379518612751573,
                "f1-score": 0.9426862695028745,
                "support": 92962
            },
            "weighted avg": {
                "precision": 0.968307028593169,
                "recall": 0.9683526602267594,
                "f1-score": 0.9683134814285148,
                "support": 92962
            },
            "cross-entropy": 0.08495877785864632,
            "score": 0.9683526602267594
        },
        "test": {
            "0": {
                "precision": 0.9713213106184808,
                "recall": 0.9648791540785498,
                "f1-score": 0.9680895151263987,
                "support": 42368
            },
            "1": {
                "precision": 0.9696417303512584,
                "recall": 0.9763329274103881,
                "f1-score": 0.9729758251035501,
                "support": 56661
            },
            "2": {
                "precision": 0.9616560155598778,
                "recall": 0.9679765067822682,
                "f1-score": 0.9648059098194997,
                "support": 7151
            },
            "3": {
                "precision": 0.9032258064516129,
                "recall": 0.8670309653916212,
                "f1-score": 0.8847583643122677,
                "support": 549
            },
            "4": {
                "precision": 0.9099944781888459,
                "recall": 0.8678251711427067,
                "f1-score": 0.8884097035040431,
                "support": 1899
            },
            "5": {
                "precision": 0.9379688401615696,
                "recall": 0.9360783184566657,
                "f1-score": 0.9370226257385791,
                "support": 3473
            },
            "6": {
                "precision": 0.9736582964057114,
                "recall": 0.9641638225255973,
                "f1-score": 0.9688878000979911,
                "support": 4102
            },
            "accuracy": 0.9677202826088828,
            "macro avg": {
                "precision": 0.9467809253910511,
                "recall": 0.934898123683971,
                "f1-score": 0.9407071062431899,
                "support": 116203
            },
            "weighted avg": {
                "precision": 0.9676693040157746,
                "recall": 0.9677202826088828,
                "f1-score": 0.9676738687326526,
                "support": 116203
            },
            "cross-entropy": 0.08630054169766946,
            "score": 0.9677202826088828
        }
    }
}
