{
    "function": "bin.catboost_.main",
    "gpus": [
        "NVIDIA GeForce RTX 2080 Ti",
        "NVIDIA GeForce RTX 2080 Ti"
    ],
    "config": {
        "seed": 4,
        "data": {
            "seed": 0,
            "num_policy": null,
            "cat_policy": null,
            "cache": true,
            "path": ":data/classif-num-medium-2-wine",
            "y_policy": null
        },
        "model": {
            "iterations": 4000,
            "early_stopping_rounds": 3999,
            "thread_count": 4,
            "task_type": "CPU",
            "od_pval": 0.001
        },
        "fit": {
            "logging_level": "Verbose"
        }
    },
    "prediction_type": "probs",
    "time": "0:00:06",
    "best_iteration": 3694,
    "metrics": {
        "train": {
            "0": {
                "precision": 1.0,
                "recall": 1.0,
                "f1-score": 1.0,
                "support": 911
            },
            "1": {
                "precision": 1.0,
                "recall": 1.0,
                "f1-score": 1.0,
                "support": 876
            },
            "accuracy": 1.0,
            "macro avg": {
                "precision": 1.0,
                "recall": 1.0,
                "f1-score": 1.0,
                "support": 1787
            },
            "weighted avg": {
                "precision": 1.0,
                "recall": 1.0,
                "f1-score": 1.0,
                "support": 1787
            },
            "cross-entropy": 0.02714779858951464,
            "roc-auc": 1.0,
            "score": 1.0
        },
        "val": {
            "0": {
                "precision": 0.8617021276595744,
                "recall": 0.7714285714285715,
                "f1-score": 0.8140703517587939,
                "support": 105
            },
            "1": {
                "precision": 0.8235294117647058,
                "recall": 0.896,
                "f1-score": 0.8582375478927202,
                "support": 125
            },
            "accuracy": 0.8391304347826087,
            "macro avg": {
                "precision": 0.8426157697121401,
                "recall": 0.8337142857142857,
                "f1-score": 0.8361539498257571,
                "support": 230
            },
            "weighted avg": {
                "precision": 0.8409560864123633,
                "recall": 0.8391304347826087,
                "f1-score": 0.8380742627011452,
                "support": 230
            },
            "cross-entropy": 0.5008030676939493,
            "roc-auc": 0.8789333333333333,
            "score": 0.8391304347826087
        },
        "test": {
            "0": {
                "precision": 0.7903225806451613,
                "recall": 0.7509578544061303,
                "f1-score": 0.7701375245579568,
                "support": 261
            },
            "1": {
                "precision": 0.7750865051903114,
                "recall": 0.8115942028985508,
                "f1-score": 0.7929203539823009,
                "support": 276
            },
            "accuracy": 0.7821229050279329,
            "macro avg": {
                "precision": 0.7827045429177364,
                "recall": 0.7812760286523406,
                "f1-score": 0.7815289392701288,
                "support": 537
            },
            "weighted avg": {
                "precision": 0.7824917485678082,
                "recall": 0.7821229050279329,
                "f1-score": 0.7818471352118096,
                "support": 537
            },
            "cross-entropy": 0.4940335458757481,
            "roc-auc": 0.8847937142539841,
            "score": 0.7821229050279329
        }
    }
}
