{
    "function": "bin.tabr.main",
    "gpus": [
        "A100-SXM-80GB"
    ],
    "config": {
        "seed": 2,
        "batch_size": 32,
        "patience": 16,
        "n_epochs": Infinity,
        "context_size": 96,
        "data": {
            "seed": 0,
            "cache": true,
            "path": ":data/classif-num-medium-4-wine",
            "num_policy": "quantile",
            "cat_policy": null,
            "y_policy": null
        },
        "model": {
            "d_main": 279,
            "context_dropout": 0.29681897182050676,
            "d_multiplier": 2.0,
            "encoder_n_blocks": 0,
            "predictor_n_blocks": 2,
            "mixer_normalization": "auto",
            "dropout0": 0.459214849204379,
            "dropout1": 0.0,
            "normalization": "LayerNorm",
            "activation": "ReLU",
            "num_embeddings": {
                "type": "PLREmbeddings",
                "n_frequencies": 20,
                "frequency_scale": 0.08712294037761444,
                "d_embedding": 13,
                "lite": true
            }
        },
        "optimizer": {
            "type": "AdamW",
            "lr": 0.0001207274848937399,
            "weight_decay": 1.0892022550063542e-05
        }
    },
    "n_parameters": 1057885,
    "prediction_type": "logits",
    "best_epoch": 17,
    "metrics": {
        "train": {
            "0": {
                "precision": 0.8558139534883721,
                "recall": 0.8186874304783093,
                "f1-score": 0.8368391131324616,
                "support": 899
            },
            "1": {
                "precision": 0.8241639697950378,
                "recall": 0.8603603603603603,
                "f1-score": 0.8418732782369145,
                "support": 888
            },
            "accuracy": 0.8393956351426972,
            "macro avg": {
                "precision": 0.8399889616417049,
                "recall": 0.8395238954193348,
                "f1-score": 0.839356195684688,
                "support": 1787
            },
            "weighted avg": {
                "precision": 0.8400863734549748,
                "recall": 0.8393956351426972,
                "f1-score": 0.8393407016118989,
                "support": 1787
            },
            "cross-entropy": 0.34464700475308274,
            "roc-auc": 0.9282172884786902,
            "score": 0.8393956351426972
        },
        "val": {
            "0": {
                "precision": 0.8434782608695652,
                "recall": 0.8016528925619835,
                "f1-score": 0.8220338983050848,
                "support": 121
            },
            "1": {
                "precision": 0.7913043478260869,
                "recall": 0.8348623853211009,
                "f1-score": 0.8125,
                "support": 109
            },
            "accuracy": 0.8173913043478261,
            "macro avg": {
                "precision": 0.817391304347826,
                "recall": 0.8182576389415421,
                "f1-score": 0.8172669491525424,
                "support": 230
            },
            "weighted avg": {
                "precision": 0.8187523629489603,
                "recall": 0.8173913043478261,
                "f1-score": 0.8175156595431099,
                "support": 230
            },
            "cross-entropy": 0.4683222435991384,
            "roc-auc": 0.8731518689817273,
            "score": 0.8173913043478261
        },
        "test": {
            "0": {
                "precision": 0.803347280334728,
                "recall": 0.7470817120622568,
                "f1-score": 0.7741935483870969,
                "support": 257
            },
            "1": {
                "precision": 0.7818791946308725,
                "recall": 0.8321428571428572,
                "f1-score": 0.8062283737024222,
                "support": 280
            },
            "accuracy": 0.7914338919925512,
            "macro avg": {
                "precision": 0.7926132374828003,
                "recall": 0.7896122846025571,
                "f1-score": 0.7902109610447595,
                "support": 537
            },
            "weighted avg": {
                "precision": 0.7921534926306693,
                "recall": 0.7914338919925512,
                "f1-score": 0.7908969954788866,
                "support": 537
            },
            "cross-entropy": 0.4607652300405627,
            "roc-auc": 0.8583935519733186,
            "score": 0.7914338919925512
        }
    },
    "time": "0:00:22",
    "chunk_size": null,
    "eval_batch_size": 32768
}