{
    "function": "bin.ffn.main",
    "gpus": [
        "NVIDIA A100-SXM4-80GB"
    ],
    "config": {
        "seed": 8,
        "batch_size": 256,
        "patience": 16,
        "n_epochs": Infinity,
        "data": {
            "seed": 0,
            "cache": true,
            "path": ":data/regression-num-medium-0-california",
            "num_policy": "quantile",
            "cat_policy": null,
            "y_policy": "standard"
        },
        "optimizer": {
            "type": "AdamW",
            "lr": 0.00012140419103838923,
            "weight_decay": 5.0332298063057504e-05
        },
        "model": {
            "backbone": {
                "type": "MLP",
                "n_blocks": 1,
                "d_layer": 306,
                "dropout": 0.42669104439282096,
                "activation": "ReLU"
            },
            "num_embeddings": {
                "type": "PLREmbeddings",
                "n_frequencies": 81,
                "frequency_scale": 0.970825672379091,
                "d_embedding": 18,
                "lite": false
            }
        }
    },
    "n_parameters": 68797,
    "prediction_type": null,
    "best_epoch": 113,
    "metrics": {
        "train": {
            "rmse": 0.10981524065846505,
            "mae": 0.07891351475026953,
            "r2": 0.904383610733427,
            "score": -0.10981524065846505
        },
        "val": {
            "rmse": 0.14822289518756482,
            "mae": 0.10139404216811698,
            "r2": 0.8333704897173552,
            "score": -0.14822289518756482
        },
        "test": {
            "rmse": 0.13778986262760787,
            "mae": 0.09738320202645312,
            "r2": 0.8490363317277234,
            "score": -0.13778986262760787
        }
    },
    "time": "0:00:11",
    "chunk_size": null,
    "eval_batch_size": 32768
}
