{
    "function": "bin.ensemble.main",
    "config": {
        "seeds": [
            10,
            11,
            12,
            13,
            14
        ]
    },
    "single_model_function": "bin.ffn.main",
    "data": ":data/classif-num-large-0-MiniBooNE",
    "prediction_type": "probs",
    "metrics": {
        "train": {
            "0": {
                "precision": 0.9692219773042697,
                "recall": 0.9452605597356583,
                "f1-score": 0.9570913195074269,
                "support": 25119
            },
            "1": {
                "precision": 0.9460826601835151,
                "recall": 0.9696957517784655,
                "f1-score": 0.9577436833852688,
                "support": 24881
            },
            "accuracy": 0.95742,
            "macro avg": {
                "precision": 0.9576523187438923,
                "recall": 0.9574781557570619,
                "f1-score": 0.9574175014463479,
                "support": 50000
            },
            "weighted avg": {
                "precision": 0.9577073903186398,
                "recall": 0.95742,
                "f1-score": 0.9574159488203186,
                "support": 50000
            },
            "cross-entropy": 0.11676646021906953,
            "roc-auc": 0.9911367215793828,
            "score": 0.95742
        },
        "val": {
            "0": {
                "precision": 0.963386057410662,
                "recall": 0.9349061967026719,
                "f1-score": 0.9489324870167338,
                "support": 3518
            },
            "1": {
                "precision": 0.9342898134863702,
                "recall": 0.9630286897367643,
                "f1-score": 0.9484415962714826,
                "support": 3381
            },
            "accuracy": 0.9486882156834324,
            "macro avg": {
                "precision": 0.9488379354485161,
                "recall": 0.9489674432197182,
                "f1-score": 0.9486870416441082,
                "support": 6899
            },
            "weighted avg": {
                "precision": 0.949126831333255,
                "recall": 0.9486882156834324,
                "f1-score": 0.9486919156861504,
                "support": 6899
            },
            "cross-entropy": 0.1364897706083623,
            "roc-auc": 0.9872536205821281,
            "score": 0.9486882156834324
        },
        "test": {
            "0": {
                "precision": 0.9527437056165268,
                "recall": 0.9385652505723734,
                "f1-score": 0.9456013327353111,
                "support": 7862
            },
            "1": {
                "precision": 0.9421833852046924,
                "recall": 0.9555663469709846,
                "f1-score": 0.9488276776565608,
                "support": 8237
            },
            "accuracy": 0.9472638052052923,
            "macro avg": {
                "precision": 0.9474635454106095,
                "recall": 0.9470657987716791,
                "f1-score": 0.947214505195936,
                "support": 16099
            },
            "weighted avg": {
                "precision": 0.9473405526733452,
                "recall": 0.9472638052052923,
                "f1-score": 0.9472520814225796,
                "support": 16099
            },
            "cross-entropy": 0.14465563051275432,
            "roc-auc": 0.9862624042813066,
            "score": 0.9472638052052923
        }
    }
}
