{
    "function": "bin.ensemble.main",
    "config": {
        "seeds": [
            0,
            1,
            2,
            3,
            4
        ]
    },
    "single_model_function": "bin.catboost_.main",
    "data": ":data/regression-cat-medium-1-visualizing_soil",
    "prediction_type": null,
    "metrics": {
        "train": {
            "rmse": 0.033094596497693564,
            "mae": 0.022284292629879864,
            "r2": 0.9999929451874259,
            "score": -0.033094596497693564
        },
        "val": {
            "rmse": 0.04640614318289275,
            "mae": 0.03025401285345158,
            "r2": 0.9999853883226076,
            "score": -0.04640614318289275
        },
        "test": {
            "rmse": 0.05464171549964844,
            "mae": 0.031189334199180328,
            "r2": 0.9999800427761819,
            "score": -0.05464171549964844
        }
    }
}
