{
    "function": "bin.catboost_.main",
    "gpus": [
        "GeForce RTX 2080 Ti",
        "GeForce RTX 2080 Ti"
    ],
    "config": {
        "seed": 2,
        "data": {
            "seed": 0,
            "num_policy": null,
            "cat_policy": null,
            "cache": true,
            "path": ":data/classif-num-medium-2-MagicTelescope",
            "y_policy": null
        },
        "model": {
            "iterations": 4000,
            "early_stopping_rounds": 200,
            "od_pval": 0.001,
            "bagging_temperature": 0.466061346532868,
            "depth": 4,
            "l2_leaf_reg": 8.770453814008555,
            "leaf_estimation_iterations": 10,
            "learning_rate": 0.06308943412022264,
            "task_type": "CPU",
            "thread_count": 4
        },
        "fit": {
            "logging_level": "Verbose"
        }
    },
    "prediction_type": "probs",
    "time": "0:00:04",
    "best_iteration": 480,
    "metrics": {
        "train": {
            "0": {
                "precision": 0.8695303091128062,
                "recall": 0.9284183454779255,
                "f1-score": 0.8980099502487562,
                "support": 4666
            },
            "1": {
                "precision": 0.9237616982424104,
                "recall": 0.8616137960400255,
                "f1-score": 0.8916060806345009,
                "support": 4697
            },
            "accuracy": 0.8949054790131368,
            "macro avg": {
                "precision": 0.8966460036776083,
                "recall": 0.8950160707589755,
                "f1-score": 0.8948080154416285,
                "support": 9363
            },
            "weighted avg": {
                "precision": 0.8967357811561417,
                "recall": 0.8949054790131368,
                "f1-score": 0.8947974141408679,
                "support": 9363
            },
            "cross-entropy": 0.26580986390801525,
            "roc-auc": 0.9599949389041039,
            "score": 0.8949054790131368
        },
        "val": {
            "0": {
                "precision": 0.8452950558213717,
                "recall": 0.8833333333333333,
                "f1-score": 0.8638956805215974,
                "support": 600
            },
            "1": {
                "precision": 0.8784722222222222,
                "recall": 0.8391376451077943,
                "f1-score": 0.8583545377438506,
                "support": 603
            },
            "accuracy": 0.8611803823773898,
            "macro avg": {
                "precision": 0.861883639021797,
                "recall": 0.8612354892205638,
                "f1-score": 0.861125109132724,
                "support": 1203
            },
            "weighted avg": {
                "precision": 0.8619250070597033,
                "recall": 0.8611803823773898,
                "f1-score": 0.8611181999771409,
                "support": 1203
            },
            "cross-entropy": 0.33982365013838955,
            "roc-auc": 0.9282393587617469,
            "score": 0.8611803823773898
        },
        "test": {
            "0": {
                "precision": 0.8339793281653747,
                "recall": 0.9078762306610408,
                "f1-score": 0.8693602693602693,
                "support": 1422
            },
            "1": {
                "precision": 0.8961965134706814,
                "recall": 0.8148414985590778,
                "f1-score": 0.8535849056603774,
                "support": 1388
            },
            "accuracy": 0.8619217081850534,
            "macro avg": {
                "precision": 0.865087920818028,
                "recall": 0.8613588646100594,
                "f1-score": 0.8614725875103233,
                "support": 2810
            },
            "weighted avg": {
                "precision": 0.8647115179176044,
                "recall": 0.8619217081850534,
                "f1-score": 0.8615680256537035,
                "support": 2810
            },
            "cross-entropy": 0.31440392538439876,
            "roc-auc": 0.9380514921955114,
            "score": 0.8619217081850534
        }
    }
}
