{
    "function": "bin.tabr.main",
    "gpus": [
        "A100-SXM-80GB"
    ],
    "config": {
        "seed": 2,
        "batch_size": 256,
        "patience": 16,
        "n_epochs": Infinity,
        "context_size": 96,
        "data": {
            "seed": 0,
            "cache": true,
            "path": ":data/regression-num-medium-0-medical_charges",
            "num_policy": "quantile",
            "cat_policy": null,
            "y_policy": "standard"
        },
        "model": {
            "num_embeddings": null,
            "d_main": 16,
            "context_dropout": 0.15212630862391466,
            "d_multiplier": 2.0,
            "encoder_n_blocks": 0,
            "predictor_n_blocks": 1,
            "mixer_normalization": "auto",
            "dropout0": 0.09896528453624565,
            "dropout1": 0.0,
            "normalization": "LayerNorm",
            "activation": "ReLU"
        },
        "optimizer": {
            "type": "AdamW",
            "lr": 0.0009374613450551481,
            "weight_decay": 1.0106351813607753e-05
        }
    },
    "n_parameters": 2577,
    "prediction_type": null,
    "best_epoch": 94,
    "metrics": {
        "train": {
            "rmse": 0.07945093762722125,
            "mae": 0.05159671389259124,
            "r2": 0.9798457041458647,
            "score": -0.07945093762722125
        },
        "val": {
            "rmse": 0.08222728037119963,
            "mae": 0.05211684706720243,
            "r2": 0.9789430384620459,
            "score": -0.08222728037119963
        },
        "test": {
            "rmse": 0.08141901175848669,
            "mae": 0.051719911997280654,
            "r2": 0.9794044755781749,
            "score": -0.08141901175848669
        }
    },
    "time": "0:01:09",
    "chunk_size": null,
    "eval_batch_size": 32768
}