{
    "function": "bin.tabr.main",
    "gpus": [
        "A100-SXM-80GB"
    ],
    "config": {
        "seed": 1,
        "batch_size": 256,
        "patience": 16,
        "n_epochs": Infinity,
        "context_size": 96,
        "data": {
            "seed": 0,
            "cache": true,
            "path": ":data/regression-num-medium-1-pol",
            "num_policy": "quantile",
            "cat_policy": null,
            "y_policy": "standard"
        },
        "model": {
            "d_main": 144,
            "context_dropout": 0.589322709110865,
            "d_multiplier": 2.0,
            "encoder_n_blocks": 0,
            "predictor_n_blocks": 1,
            "mixer_normalization": "auto",
            "dropout0": 0.5237803596862318,
            "dropout1": 0.0,
            "normalization": "LayerNorm",
            "activation": "ReLU",
            "num_embeddings": {
                "type": "PLREmbeddings",
                "n_frequencies": 51,
                "frequency_scale": 0.08174251299829574,
                "d_embedding": 54,
                "lite": true
            }
        },
        "optimizer": {
            "type": "AdamW",
            "lr": 0.0006959294464614257,
            "weight_decay": 0.0
        }
    },
    "n_parameters": 397705,
    "prediction_type": null,
    "best_epoch": 37,
    "metrics": {
        "train": {
            "rmse": 2.1130228370438804,
            "mae": 1.094580377090466,
            "r2": 0.9974139035055409,
            "score": -2.1130228370438804
        },
        "val": {
            "rmse": 2.6728074719097603,
            "mae": 1.2893335543667632,
            "r2": 0.9960232401445144,
            "score": -2.6728074719097603
        },
        "test": {
            "rmse": 2.584377565000865,
            "mae": 1.2786407620349394,
            "r2": 0.9961969433583231,
            "score": -2.584377565000865
        }
    },
    "time": "0:00:29",
    "chunk_size": null,
    "eval_batch_size": 32768
}