{
    "function": "bin.ensemble.main",
    "config": {
        "seeds": [
            0,
            1,
            2,
            3,
            4
        ]
    },
    "single_model_function": "bin.catboost_.main",
    "data": ":data/weather-small",
    "prediction_type": null,
    "metrics": {
        "train": {
            "rmse": 0.6276114184144783,
            "mae": 0.4625610127665934,
            "r2": 0.9962644861176603,
            "score": -0.6276114184144783
        },
        "val": {
            "rmse": 1.7671126138592441,
            "mae": 1.2997533814530995,
            "r2": 0.9703700659376633,
            "score": -1.7671126138592441
        },
        "test": {
            "rmse": 1.7742617968243484,
            "mae": 1.3049585556511476,
            "r2": 0.9702100611212852,
            "score": -1.7742617968243484
        }
    }
}
