{
    "function": "bin.tabr.main",
    "gpus": [
        "A100-SXM-80GB"
    ],
    "config": {
        "seed": 7,
        "batch_size": 256,
        "patience": 16,
        "n_epochs": Infinity,
        "context_size": 96,
        "data": {
            "seed": 0,
            "cache": true,
            "path": ":data/adult",
            "num_policy": "quantile",
            "cat_policy": "ordinal",
            "y_policy": null
        },
        "model": {
            "num_embeddings": null,
            "d_main": 265,
            "mixer_dropout": 0.38920071545944357,
            "d_multiplier": 2.0,
            "encoder_n_blocks": 0,
            "predictor_n_blocks": 1,
            "mixer_normalization": "auto",
            "dropout0": 0.38852797479169876,
            "dropout1": 0.0,
            "normalization": "LayerNorm",
            "activation": "ReLU"
        },
        "optimizer": {
            "type": "AdamW",
            "lr": 0.0003121273641315169,
            "weight_decay": 1.2260352006404615e-06
        }
    },
    "n_parameters": 664091,
    "prediction_type": "logits",
    "best_epoch": 20,
    "metrics": {
        "train": {
            "0": {
                "precision": 0.898517948224425,
                "recall": 0.9442730720606827,
                "f1-score": 0.9208274773775181,
                "support": 19775
            },
            "1": {
                "precision": 0.7907330041777441,
                "recall": 0.6637972262075562,
                "f1-score": 0.7217263194384262,
                "support": 6273
            },
            "accuracy": 0.8767275798525799,
            "macro avg": {
                "precision": 0.8446254762010845,
                "recall": 0.8040351491341194,
                "f1-score": 0.8212768984079721,
                "support": 26048
            },
            "weighted avg": {
                "precision": 0.8725606787985639,
                "recall": 0.8767275798525799,
                "f1-score": 0.8728790143956413,
                "support": 26048
            },
            "cross-entropy": 0.26478400000021907,
            "roc-auc": 0.935461036130403,
            "score": 0.8767275798525799
        },
        "val": {
            "0": {
                "precision": 0.8892319567734466,
                "recall": 0.931850353892821,
                "f1-score": 0.9100424607484942,
                "support": 4945
            },
            "1": {
                "precision": 0.7468069120961683,
                "recall": 0.6339285714285714,
                "f1-score": 0.6857537081752328,
                "support": 1568
            },
            "accuracy": 0.8601259020420697,
            "macro avg": {
                "precision": 0.8180194344348075,
                "recall": 0.7828894626606961,
                "f1-score": 0.7978980844618635,
                "support": 6513
            },
            "weighted avg": {
                "precision": 0.854943231139488,
                "recall": 0.8601259020420697,
                "f1-score": 0.8560451071426484,
                "support": 6513
            },
            "cross-entropy": 0.3022469313050722,
            "roc-auc": 0.9174977043395722,
            "score": 0.8601259020420697
        },
        "test": {
            "0": {
                "precision": 0.8879950969125872,
                "recall": 0.9321270607157217,
                "f1-score": 0.909526051475204,
                "support": 12435
            },
            "1": {
                "precision": 0.7385377942998761,
                "recall": 0.6198647945917837,
                "f1-score": 0.6740175289793611,
                "support": 3846
            },
            "accuracy": 0.8583625084454272,
            "macro avg": {
                "precision": 0.8132664456062316,
                "recall": 0.7759959276537527,
                "f1-score": 0.7917717902272825,
                "support": 16281
            },
            "weighted avg": {
                "precision": 0.8526893548913055,
                "recall": 0.8583625084454272,
                "f1-score": 0.8538927502333262,
                "support": 16281
            },
            "cross-entropy": 0.3176930516471995,
            "roc-auc": 0.9087984090332653,
            "score": 0.8583625084454272
        }
    },
    "time": "0:00:55",
    "chunk_size": null,
    "eval_batch_size": 32768
}