{
    "function": "bin.ft_transformer.main",
    "gpus": [
        "A100-SXM-80GB"
    ],
    "config": {
        "seed": 1,
        "batch_size": 64,
        "patience": 16,
        "n_epochs": Infinity,
        "data": {
            "seed": 0,
            "cache": true,
            "path": ":data/classif-cat-medium-0-KDDCup09_upselling",
            "num_policy": "quantile",
            "cat_policy": "ordinal",
            "y_policy": null
        },
        "optimizer": {
            "type": "AdamW",
            "lr": 4.0837959981604614e-05,
            "weight_decay": 0.0
        },
        "model": {
            "d_token": 272,
            "n_blocks": 2,
            "attention_dropout": 0.15380960988240738,
            "ffn_d_hidden_factor": 1.6777924088588332,
            "ffn_dropout": 0.08440791950103835,
            "residual_dropout": 0.0
        }
    },
    "n_parameters": 1383857,
    "prediction_type": "logits",
    "best_epoch": 3,
    "metrics": {
        "train": {
            "0": {
                "precision": 0.8533424283765347,
                "recall": 0.6926910299003323,
                "f1-score": 0.7646699266503668,
                "support": 1806
            },
            "1": {
                "precision": 0.7385774846914743,
                "recall": 0.8794167134043747,
                "f1-score": 0.8028673835125448,
                "support": 1783
            },
            "accuracy": 0.7854555586514349,
            "macro avg": {
                "precision": 0.7959599565340045,
                "recall": 0.7860538716523535,
                "f1-score": 0.7837686550814558,
                "support": 3589
            },
            "weighted avg": {
                "precision": 0.7963276904020398,
                "recall": 0.7854555586514349,
                "f1-score": 0.783646261447041,
                "support": 3589
            },
            "cross-entropy": 0.3695124803115997,
            "roc-auc": 0.9102831652949693,
            "score": 0.7854555586514349
        },
        "val": {
            "0": {
                "precision": 0.8651685393258427,
                "recall": 0.7403846153846154,
                "f1-score": 0.7979274611398964,
                "support": 208
            },
            "1": {
                "precision": 0.8078291814946619,
                "recall": 0.9043824701195219,
                "f1-score": 0.8533834586466165,
                "support": 251
            },
            "accuracy": 0.8300653594771242,
            "macro avg": {
                "precision": 0.8364988604102523,
                "recall": 0.8223835427520687,
                "f1-score": 0.8256554598932564,
                "support": 459
            },
            "weighted avg": {
                "precision": 0.8338130299236065,
                "recall": 0.8300653594771242,
                "f1-score": 0.8282530719769045,
                "support": 459
            },
            "cross-entropy": 0.3316168640419361,
            "roc-auc": 0.9280953110634386,
            "score": 0.8300653594771242
        },
        "test": {
            "0": {
                "precision": 0.8607888631090487,
                "recall": 0.677007299270073,
                "f1-score": 0.7579162410623084,
                "support": 548
            },
            "1": {
                "precision": 0.7255813953488373,
                "recall": 0.8863636363636364,
                "f1-score": 0.7979539641943735,
                "support": 528
            },
            "accuracy": 0.7797397769516728,
            "macro avg": {
                "precision": 0.7931851292289429,
                "recall": 0.7816854678168547,
                "f1-score": 0.777935102628341,
                "support": 1076
            },
            "weighted avg": {
                "precision": 0.7944417042081271,
                "recall": 0.7797397769516728,
                "f1-score": 0.7775630048297159,
                "support": 1076
            },
            "cross-entropy": 0.39980233418038363,
            "roc-auc": 0.9014667662021676,
            "score": 0.7797397769516728
        }
    },
    "time": "0:00:27",
    "chunk_size": null,
    "eval_batch_size": 32768
}
