{
    "function": "bin.tabr_design.main",
    "gpus": [
        "A100-SXM-80GB"
    ],
    "config": {
        "seed": 8,
        "batch_size": 256,
        "patience": 16,
        "n_epochs": Infinity,
        "context_size": 96,
        "data": {
            "seed": 0,
            "cache": true,
            "path": ":data/adult",
            "num_policy": "quantile",
            "cat_policy": "ordinal",
            "y_policy": null
        },
        "model": {
            "num_embeddings": null,
            "d_main": 377,
            "context_dropout": 0.3685340811736702,
            "d_multiplier": 2.0,
            "encoder_n_blocks": 0,
            "predictor_n_blocks": 1,
            "mixer_normalization": "auto",
            "dropout0": 0.570948136614028,
            "dropout1": 0.0,
            "normalization": "LayerNorm",
            "activation": "ReLU",
            "dot_product": false,
            "use_Q": false,
            "use_V": true,
            "use_labels": false,
            "use_T": false,
            "self_attention": true,
            "scale_similarities": true
        },
        "optimizer": {
            "type": "AdamW",
            "lr": 6.0888072424091e-05,
            "weight_decay": 0.0
        }
    },
    "n_parameters": 897261,
    "prediction_type": "logits",
    "best_epoch": 23,
    "metrics": {
        "train": {
            "0": {
                "precision": 0.9032509246642009,
                "recall": 0.938558786346397,
                "f1-score": 0.9205664261091684,
                "support": 19775
            },
            "1": {
                "precision": 0.7790909090909091,
                "recall": 0.6830862426271321,
                "f1-score": 0.7279368045527903,
                "support": 6273
            },
            "accuracy": 0.8770347051597052,
            "macro avg": {
                "precision": 0.841170916877555,
                "recall": 0.8108225144867646,
                "f1-score": 0.8242516153309793,
                "support": 26048
            },
            "weighted avg": {
                "precision": 0.8733501346729824,
                "recall": 0.8770347051597052,
                "f1-score": 0.8741764684915716,
                "support": 26048
            },
            "cross-entropy": 0.26979940574142275,
            "roc-auc": 0.9350749373783618,
            "score": 0.8770347051597052
        },
        "val": {
            "0": {
                "precision": 0.8928850664581705,
                "recall": 0.9237613751263903,
                "f1-score": 0.9080608289434449,
                "support": 4945
            },
            "1": {
                "precision": 0.7301360057265569,
                "recall": 0.6505102040816326,
                "f1-score": 0.6880269814502529,
                "support": 1568
            },
            "accuracy": 0.857976354982343,
            "macro avg": {
                "precision": 0.8115105360923637,
                "recall": 0.7871357896040114,
                "f1-score": 0.7980439051968489,
                "support": 6513
            },
            "weighted avg": {
                "precision": 0.8537033487816512,
                "recall": 0.857976354982343,
                "f1-score": 0.8550878406324783,
                "support": 6513
            },
            "cross-entropy": 0.3159056952062802,
            "roc-auc": 0.9144671746352736,
            "score": 0.857976354982343
        },
        "test": {
            "0": {
                "precision": 0.8916317342027635,
                "recall": 0.9236831523924407,
                "f1-score": 0.9073744914484339,
                "support": 12435
            },
            "1": {
                "precision": 0.7208002353633421,
                "recall": 0.6370254810192407,
                "f1-score": 0.6763285024154589,
                "support": 3846
            },
            "accuracy": 0.8559670781893004,
            "macro avg": {
                "precision": 0.8062159847830528,
                "recall": 0.7803543167058407,
                "f1-score": 0.7918514969319463,
                "support": 16281
            },
            "weighted avg": {
                "precision": 0.85127684540377,
                "recall": 0.8559670781893004,
                "f1-score": 0.8527953578681365,
                "support": 16281
            },
            "cross-entropy": 0.3210155137890372,
            "roc-auc": 0.9098786701769638,
            "score": 0.8559670781893004
        }
    },
    "time": "0:00:55",
    "chunk_size": null,
    "eval_batch_size": 32768
}