{
    "function": "bin.tabr.main",
    "gpus": [
        "A100-SXM-80GB"
    ],
    "config": {
        "seed": 11,
        "batch_size": 256,
        "patience": 16,
        "n_epochs": Infinity,
        "context_size": 96,
        "data": {
            "seed": 0,
            "cache": true,
            "path": ":data/regression-num-medium-1-Ailerons",
            "num_policy": "quantile",
            "cat_policy": null,
            "y_policy": "standard"
        },
        "model": {
            "num_embeddings": null,
            "d_main": 266,
            "context_dropout": 0.268161899978092,
            "d_multiplier": 2.0,
            "encoder_n_blocks": 0,
            "predictor_n_blocks": 1,
            "mixer_normalization": "auto",
            "dropout0": 0.5970102709346801,
            "dropout1": 0.0,
            "normalization": "LayerNorm",
            "activation": "ReLU"
        },
        "optimizer": {
            "type": "AdamW",
            "lr": 0.00010573700072159575,
            "weight_decay": 0.0
        }
    },
    "n_parameters": 649307,
    "prediction_type": null,
    "best_epoch": 59,
    "metrics": {
        "train": {
            "rmse": 0.00015157316008805033,
            "mae": 0.00011306618822339541,
            "r2": 0.8614108844316006,
            "score": -0.00015157316008805033
        },
        "val": {
            "rmse": 0.0001515739342036162,
            "mae": 0.00011374626857192302,
            "r2": 0.8589602761506544,
            "score": -0.0001515739342036162
        },
        "test": {
            "rmse": 0.00016517172352807776,
            "mae": 0.00011893241057990556,
            "r2": 0.8389927850962151,
            "score": -0.00016517172352807776
        }
    },
    "time": "0:00:29",
    "chunk_size": null,
    "eval_batch_size": 32768
}