{
    "function": "bin.lightgbm_.main",
    "gpus": [],
    "config": {
        "seed": 7,
        "data": {
            "seed": 0,
            "num_policy": null,
            "cache": true,
            "path": ":data/california",
            "cat_policy": null,
            "y_policy": "standard"
        },
        "model": {
            "n_estimators": 4000,
            "n_jobs": 4,
            "feature_fraction": 0.6640957505217641,
            "lambda_l2": 0.6855691126093517,
            "learning_rate": 0.012145157889057508,
            "num_leaves": 107,
            "min_sum_hessian_in_leaf": 6.759205256523011,
            "bagging_fraction": 0.5712986090533039
        },
        "fit": {
            "early_stopping_rounds": 200,
            "verbose": true
        }
    },
    "prediction_type": null,
    "time": "0:00:03",
    "best_iteration": 2167,
    "metrics": {
        "train": {
            "rmse": 0.16442863421675707,
            "mae": 0.1147930723966663,
            "r2": 0.9799277048308332,
            "score": -0.16442863421675707
        },
        "val": {
            "rmse": 0.43663917327827256,
            "mae": 0.28167814033025357,
            "r2": 0.8537785109631718,
            "score": -0.43663917327827256
        },
        "test": {
            "rmse": 0.4344376591853981,
            "mae": 0.2837387827979637,
            "r2": 0.855258738462495,
            "score": -0.4344376591853981
        }
    }
}
