{
    "function": "bin.ffn.main",
    "gpus": [
        "A100-SXM-80GB"
    ],
    "config": {
        "seed": 4,
        "batch_size": 64,
        "patience": 16,
        "n_epochs": Infinity,
        "data": {
            "seed": 0,
            "cache": true,
            "path": ":data/regression-cat-medium-0-Mercedes_Benz_Greener_Manufacturing",
            "num_policy": null,
            "cat_policy": "ordinal",
            "y_policy": "standard"
        },
        "optimizer": {
            "type": "AdamW",
            "lr": 2.317890869906192e-05,
            "weight_decay": 0.0
        },
        "model": {
            "num_embeddings": null,
            "backbone": {
                "type": "MLP",
                "n_blocks": 5,
                "d_layer": 994,
                "dropout": 0.053633795418580446,
                "activation": "ReLU"
            }
        }
    },
    "n_parameters": 4334835,
    "prediction_type": null,
    "best_epoch": 7,
    "metrics": {
        "train": {
            "rmse": 7.719461669814273,
            "mae": 5.059755988423319,
            "r2": 0.6155014194353652,
            "score": -7.719461669814273
        },
        "val": {
            "rmse": 8.180616674751816,
            "mae": 5.444085591834977,
            "r2": 0.5696342967367113,
            "score": -8.180616674751816
        },
        "test": {
            "rmse": 10.012833257606134,
            "mae": 5.558564050582362,
            "r2": 0.448509455680564,
            "score": -10.012833257606134
        }
    },
    "time": "0:00:04",
    "chunk_size": null,
    "eval_batch_size": 32768
}
