{
    "function": "bin.tabr_design.main",
    "gpus": [
        "A100-SXM-80GB"
    ],
    "config": {
        "seed": 6,
        "batch_size": 256,
        "patience": 16,
        "n_epochs": Infinity,
        "context_size": 96,
        "data": {
            "seed": 0,
            "cache": true,
            "path": ":data/churn",
            "num_policy": "quantile",
            "cat_policy": "ordinal",
            "y_policy": null
        },
        "model": {
            "num_embeddings": null,
            "d_main": 147,
            "context_dropout": 0.58833252447231,
            "d_multiplier": 2.0,
            "encoder_n_blocks": 0,
            "predictor_n_blocks": 1,
            "mixer_normalization": "auto",
            "dropout0": 0.2153247809309639,
            "dropout1": 0.0,
            "normalization": "LayerNorm",
            "activation": "ReLU",
            "dot_product": false,
            "use_Q": false,
            "use_V": true,
            "use_labels": false,
            "use_T": false,
            "self_attention": true,
            "scale_similarities": true
        },
        "optimizer": {
            "type": "AdamW",
            "lr": 0.00034520903263040524,
            "weight_decay": 2.214479276727586e-06
        }
    },
    "n_parameters": 133183,
    "prediction_type": "logits",
    "best_epoch": 14,
    "metrics": {
        "train": {
            "0": {
                "precision": 0.8758169934640523,
                "recall": 0.9729199372056515,
                "f1-score": 0.9218183508413127,
                "support": 5096
            },
            "1": {
                "precision": 0.8132611637347767,
                "recall": 0.46088957055214724,
                "f1-score": 0.5883504650024474,
                "support": 1304
            },
            "accuracy": 0.86859375,
            "macro avg": {
                "precision": 0.8445390785994145,
                "recall": 0.7169047538788994,
                "f1-score": 0.75508440792188,
                "support": 6400
            },
            "weighted avg": {
                "precision": 0.8630712431567124,
                "recall": 0.86859375,
                "f1-score": 0.8538742691016439,
                "support": 6400
            },
            "cross-entropy": 0.31845729615874757,
            "roc-auc": 0.8843783708622666,
            "score": 0.86859375
        },
        "val": {
            "0": {
                "precision": 0.8729710656316161,
                "recall": 0.9709576138147566,
                "f1-score": 0.9193608324043107,
                "support": 1274
            },
            "1": {
                "precision": 0.7978142076502732,
                "recall": 0.44785276073619634,
                "f1-score": 0.5736738703339882,
                "support": 326
            },
            "accuracy": 0.864375,
            "macro avg": {
                "precision": 0.8353926366409447,
                "recall": 0.7094051872754765,
                "f1-score": 0.7465173513691494,
                "support": 1600
            },
            "weighted avg": {
                "precision": 0.8576578558179176,
                "recall": 0.864375,
                "f1-score": 0.8489271138824824,
                "support": 1600
            },
            "cross-entropy": 0.3373463147363249,
            "roc-auc": 0.8641951825562693,
            "score": 0.864375
        },
        "test": {
            "0": {
                "precision": 0.8653631284916201,
                "recall": 0.9723791588198368,
                "f1-score": 0.9157552468223471,
                "support": 1593
            },
            "1": {
                "precision": 0.7904761904761904,
                "recall": 0.40786240786240785,
                "f1-score": 0.5380875202593193,
                "support": 407
            },
            "accuracy": 0.8575,
            "macro avg": {
                "precision": 0.8279196594839053,
                "recall": 0.6901207833411224,
                "f1-score": 0.7269213835408332,
                "support": 2000
            },
            "weighted avg": {
                "precision": 0.8501236366054801,
                "recall": 0.8575,
                "f1-score": 0.8388998644667709,
                "support": 2000
            },
            "cross-entropy": 0.3537214150931073,
            "roc-auc": 0.8486221198085604,
            "score": 0.8575
        }
    },
    "time": "0:00:07",
    "chunk_size": null,
    "eval_batch_size": 32768
}