{
    "function": "bin.ffn.main",
    "gpus": [
        "A100-SXM-80GB"
    ],
    "config": {
        "seed": 3,
        "batch_size": 64,
        "patience": 16,
        "n_epochs": Infinity,
        "data": {
            "seed": 0,
            "cache": true,
            "path": ":data/classif-cat-medium-1-rl",
            "num_policy": "quantile",
            "cat_policy": "ordinal",
            "y_policy": null
        },
        "optimizer": {
            "type": "AdamW",
            "lr": 0.0005716599993555395,
            "weight_decay": 0.0
        },
        "model": {
            "num_embeddings": null,
            "backbone": {
                "type": "MLP",
                "n_blocks": 6,
                "d_layer": 689,
                "dropout": 0.05136917301948009,
                "activation": "ReLU"
            }
        }
    },
    "n_parameters": 2403233,
    "prediction_type": "logits",
    "best_epoch": 21,
    "metrics": {
        "train": {
            "0": {
                "precision": 0.820362473347548,
                "recall": 0.8870317002881845,
                "f1-score": 0.8523954583217946,
                "support": 1735
            },
            "1": {
                "precision": 0.8777292576419214,
                "recall": 0.8067660550458715,
                "f1-score": 0.8407529130564685,
                "support": 1744
            },
            "accuracy": 0.8467950560505892,
            "macro avg": {
                "precision": 0.8490458654947347,
                "recall": 0.846898877667028,
                "f1-score": 0.8465741856891316,
                "support": 3479
            },
            "weighted avg": {
                "precision": 0.8491200680038823,
                "recall": 0.8467950560505892,
                "f1-score": 0.8465591263463049,
                "support": 3479
            },
            "cross-entropy": 0.3351877928583308,
            "roc-auc": 0.9377994209872299,
            "score": 0.8467950560505892
        },
        "val": {
            "0": {
                "precision": 0.708502024291498,
                "recall": 0.7510729613733905,
                "f1-score": 0.7291666666666667,
                "support": 233
            },
            "1": {
                "precision": 0.71,
                "recall": 0.6635514018691588,
                "f1-score": 0.6859903381642511,
                "support": 214
            },
            "accuracy": 0.70917225950783,
            "macro avg": {
                "precision": 0.7092510121457489,
                "recall": 0.7073121816212746,
                "f1-score": 0.7075785024154589,
                "support": 447
            },
            "weighted avg": {
                "precision": 0.7092191759729732,
                "recall": 0.70917225950783,
                "f1-score": 0.7084961201353088,
                "support": 447
            },
            "cross-entropy": 0.6589742529891665,
            "roc-auc": 0.7834423007500702,
            "score": 0.70917225950783
        },
        "test": {
            "0": {
                "precision": 0.6412478336221837,
                "recall": 0.7156673114119922,
                "f1-score": 0.676416819012797,
                "support": 517
            },
            "1": {
                "precision": 0.6852248394004282,
                "recall": 0.6072106261859582,
                "f1-score": 0.6438631790744466,
                "support": 527
            },
            "accuracy": 0.6609195402298851,
            "macro avg": {
                "precision": 0.663236336511306,
                "recall": 0.6614389687989752,
                "f1-score": 0.6601399990436219,
                "support": 1044
            },
            "weighted avg": {
                "precision": 0.6634469543550715,
                "recall": 0.6609195402298851,
                "f1-score": 0.6599840908063692,
                "support": 1044
            },
            "cross-entropy": 0.7045705231167672,
            "roc-auc": 0.7463031134959756,
            "score": 0.6609195402298851
        }
    },
    "time": "0:00:09",
    "chunk_size": null,
    "eval_batch_size": 32768
}
