{
    "function": "bin.tabr.main",
    "gpus": [
        "NVIDIA A100-SXM4-80GB"
    ],
    "config": {
        "seed": 12,
        "batch_size": 256,
        "patience": 16,
        "n_epochs": Infinity,
        "context_size": 96,
        "data": {
            "seed": 0,
            "cache": true,
            "path": ":data/regression-num-large-0-year",
            "num_policy": "quantile",
            "cat_policy": null,
            "y_policy": "standard"
        },
        "model": {
            "num_embeddings": null,
            "d_main": 265,
            "mixer_dropout": 0.38920071545944357,
            "d_multiplier": 2.0,
            "encoder_n_blocks": 0,
            "predictor_n_blocks": 1,
            "mixer_normalization": "auto",
            "dropout0": 0.38852797479169876,
            "dropout1": 0.0,
            "normalization": "LayerNorm",
            "activation": "ReLU"
        },
        "optimizer": {
            "type": "AdamW",
            "lr": 0.0003121273641315169,
            "weight_decay": 1.2260352006404615e-06
        }
    },
    "n_parameters": 659586,
    "prediction_type": null,
    "best_epoch": 2,
    "metrics": {
        "train": {
            "rmse": 8.40957709829584,
            "mae": 5.966199797581908,
            "r2": 0.41457843592738763,
            "score": -8.40957709829584
        },
        "val": {
            "rmse": 8.965542923774533,
            "mae": 6.362604156567727,
            "r2": 0.30367257049246543,
            "score": -8.965542923774533
        },
        "test": {
            "rmse": 9.060665182919168,
            "mae": 6.361025976037297,
            "r2": 0.3087250520683019,
            "score": -9.060665182919168
        }
    },
    "time": "0:01:04",
    "chunk_size": null,
    "eval_batch_size": 32768
}