{
    "function": "bin.ffn.main",
    "gpus": [
        "A100-SXM-80GB"
    ],
    "config": {
        "seed": 8,
        "batch_size": 32,
        "patience": 16,
        "n_epochs": Infinity,
        "data": {
            "seed": 0,
            "cache": true,
            "path": ":data/classif-num-medium-2-wine",
            "num_policy": "quantile",
            "cat_policy": null,
            "y_policy": null
        },
        "optimizer": {
            "type": "AdamW",
            "lr": 0.0003528574715782245,
            "weight_decay": 0.0
        },
        "model": {
            "backbone": {
                "type": "MLP",
                "n_blocks": 4,
                "d_layer": 733,
                "dropout": 0.05972701735106484,
                "activation": "ReLU"
            },
            "num_embeddings": {
                "type": "PLREmbeddings",
                "n_frequencies": 68,
                "frequency_scale": 0.027781853969665184,
                "d_embedding": 58,
                "lite": false
            }
        }
    },
    "n_parameters": 2171341,
    "prediction_type": "logits",
    "best_epoch": 57,
    "metrics": {
        "train": {
            "0": {
                "precision": 0.985838779956427,
                "recall": 0.9934138309549945,
                "f1-score": 0.9896118097320941,
                "support": 911
            },
            "1": {
                "precision": 0.9930955120828538,
                "recall": 0.9851598173515982,
                "f1-score": 0.9891117478510029,
                "support": 876
            },
            "accuracy": 0.9893676552881925,
            "macro avg": {
                "precision": 0.9894671460196405,
                "recall": 0.9892868241532964,
                "f1-score": 0.9893617787915485,
                "support": 1787
            },
            "weighted avg": {
                "precision": 0.9893960812114633,
                "recall": 0.9893676552881925,
                "f1-score": 0.9893666758720852,
                "support": 1787
            },
            "cross-entropy": 0.0314021778378129,
            "roc-auc": 0.9994198256720248,
            "score": 0.9893676552881925
        },
        "val": {
            "0": {
                "precision": 0.8571428571428571,
                "recall": 0.7428571428571429,
                "f1-score": 0.7959183673469387,
                "support": 105
            },
            "1": {
                "precision": 0.8057553956834532,
                "recall": 0.896,
                "f1-score": 0.8484848484848485,
                "support": 125
            },
            "accuracy": 0.8260869565217391,
            "macro avg": {
                "precision": 0.8314491264131552,
                "recall": 0.8194285714285714,
                "f1-score": 0.8222016079158936,
                "support": 230
            },
            "weighted avg": {
                "precision": 0.8292148889583985,
                "recall": 0.8260869565217391,
                "f1-score": 0.8244871070958026,
                "support": 230
            },
            "cross-entropy": 1.2821384972926606,
            "roc-auc": 0.851047619047619,
            "score": 0.8260869565217391
        },
        "test": {
            "0": {
                "precision": 0.8055555555555556,
                "recall": 0.7777777777777778,
                "f1-score": 0.7914230019493177,
                "support": 261
            },
            "1": {
                "precision": 0.7964912280701755,
                "recall": 0.822463768115942,
                "f1-score": 0.8092691622103386,
                "support": 276
            },
            "accuracy": 0.8007448789571695,
            "macro avg": {
                "precision": 0.8010233918128655,
                "recall": 0.8001207729468599,
                "f1-score": 0.8003460820798282,
                "support": 537
            },
            "weighted avg": {
                "precision": 0.8008967950602764,
                "recall": 0.8007448789571695,
                "f1-score": 0.8005953301281664,
                "support": 537
            },
            "cross-entropy": 1.2556586587705134,
            "roc-auc": 0.8614928646787717,
            "score": 0.8007448789571695
        }
    },
    "time": "0:00:15",
    "chunk_size": null,
    "eval_batch_size": 32768
}
