{
    "function": "bin.tabr.main",
    "gpus": [
        "A100-SXM-80GB"
    ],
    "config": {
        "seed": 6,
        "batch_size": 256,
        "patience": 16,
        "n_epochs": Infinity,
        "context_size": 96,
        "data": {
            "seed": 0,
            "cache": true,
            "path": ":data/classif-num-medium-1-credit",
            "num_policy": "quantile",
            "cat_policy": null,
            "y_policy": null
        },
        "model": {
            "num_embeddings": null,
            "d_main": 300,
            "context_dropout": 0.3524655876338054,
            "d_multiplier": 2.0,
            "encoder_n_blocks": 0,
            "predictor_n_blocks": 1,
            "mixer_normalization": "auto",
            "dropout0": 0.38690884881388965,
            "dropout1": 0.0,
            "normalization": "LayerNorm",
            "activation": "ReLU"
        },
        "optimizer": {
            "type": "AdamW",
            "lr": 0.00029462970000508664,
            "weight_decay": 2.5631791325227523e-06
        }
    },
    "n_parameters": 817201,
    "prediction_type": "logits",
    "best_epoch": 29,
    "metrics": {
        "train": {
            "0": {
                "precision": 0.7868541033434651,
                "recall": 0.8214994049980167,
                "f1-score": 0.8038036095478363,
                "support": 5042
            },
            "1": {
                "precision": 0.8099662162162162,
                "recall": 0.7736990722065349,
                "f1-score": 0.7914173715700434,
                "support": 4958
            },
            "accuracy": 0.7978,
            "macro avg": {
                "precision": 0.7984101597798406,
                "recall": 0.7975992386022758,
                "f1-score": 0.7976104905589398,
                "support": 10000
            },
            "weighted avg": {
                "precision": 0.7983130889057751,
                "recall": 0.7978,
                "f1-score": 0.7976625127584466,
                "support": 10000
            },
            "cross-entropy": 0.4332672074511588,
            "roc-auc": 0.8809416792448874,
            "score": 0.7978
        },
        "val": {
            "0": {
                "precision": 0.7568590350047304,
                "recall": 0.7897334649555775,
                "f1-score": 0.7729468599033817,
                "support": 1013
            },
            "1": {
                "precision": 0.7774294670846394,
                "recall": 0.7432567432567433,
                "f1-score": 0.759959141981614,
                "support": 1001
            },
            "accuracy": 0.7666335650446872,
            "macro avg": {
                "precision": 0.7671442510446849,
                "recall": 0.7664951041061604,
                "f1-score": 0.7664530009424979,
                "support": 2014
            },
            "weighted avg": {
                "precision": 0.7670829687246853,
                "recall": 0.7666335650446872,
                "f1-score": 0.7664916932501099,
                "support": 2014
            },
            "cross-entropy": 0.4929154649796316,
            "roc-auc": 0.8432199587184779,
            "score": 0.7666335650446872
        },
        "test": {
            "0": {
                "precision": 0.761274306992139,
                "recall": 0.7993049522154648,
                "f1-score": 0.7798262343716889,
                "support": 2302
            },
            "1": {
                "precision": 0.797634691195795,
                "recall": 0.7593828190158466,
                "f1-score": 0.7780388805810725,
                "support": 2398
            },
            "accuracy": 0.778936170212766,
            "macro avg": {
                "precision": 0.779454499093967,
                "recall": 0.7793438856156557,
                "f1-score": 0.7789325574763807,
                "support": 4700
            },
            "weighted avg": {
                "precision": 0.7798258391879618,
                "recall": 0.778936170212766,
                "f1-score": 0.778914303650434,
                "support": 4700
            },
            "cross-entropy": 0.4854868387541642,
            "roc-auc": 0.8505476073675646,
            "score": 0.778936170212766
        }
    },
    "time": "0:00:25",
    "chunk_size": null,
    "eval_batch_size": 32768
}