{
    "function": "bin.tabr_design.main",
    "gpus": [
        "GeForce RTX 2080 Ti"
    ],
    "config": {
        "seed": 9,
        "batch_size": 256,
        "patience": 16,
        "n_epochs": Infinity,
        "context_size": 96,
        "data": {
            "seed": 0,
            "cache": true,
            "path": ":data/california",
            "num_policy": "quantile",
            "cat_policy": null,
            "y_policy": "standard"
        },
        "model": {
            "num_embeddings": null,
            "d_main": 289,
            "context_dropout": 0.23416968626427292,
            "d_multiplier": 2.0,
            "encoder_n_blocks": 0,
            "predictor_n_blocks": 1,
            "mixer_normalization": "auto",
            "dropout0": 0.255685140131592,
            "dropout1": 0.0,
            "normalization": "LayerNorm",
            "activation": "ReLU",
            "dot_product": true,
            "use_Q": false,
            "use_V": true,
            "use_labels": true,
            "use_T": false,
            "self_attention": true,
            "scale_similarities": true
        },
        "optimizer": {
            "type": "AdamW",
            "lr": 0.00016202960232769128,
            "weight_decay": 0.0
        }
    },
    "n_parameters": 507485,
    "prediction_type": null,
    "best_epoch": 93,
    "metrics": {
        "train": {
            "rmse": 0.39065774222796984,
            "mae": 0.2717991442032961,
            "r2": 0.8866986717537453,
            "score": -0.39065774222796984
        },
        "val": {
            "rmse": 0.49322154276011143,
            "mae": 0.32546172853918875,
            "r2": 0.8134265262350905,
            "score": -0.49322154276011143
        },
        "test": {
            "rmse": 0.4988555274254947,
            "mae": 0.3349881034494899,
            "r2": 0.8091522562821887,
            "score": -0.4988555274254947
        }
    },
    "time": "0:01:19",
    "chunk_size": null,
    "eval_batch_size": 32768
}