{
    "function": "bin.xgboost_.main",
    "gpus": [
        "NVIDIA GeForce RTX 2080 Ti"
    ],
    "config": {
        "seed": 9,
        "data": {
            "seed": 0,
            "num_policy": null,
            "cache": true,
            "path": ":data/classif-num-medium-1-kdd_ipums_la_97-small",
            "cat_policy": null,
            "y_policy": null
        },
        "model": {
            "booster": "gbtree",
            "n_estimators": 4000,
            "n_jobs": 1,
            "tree_method": "gpu_hist",
            "use_label_encoder": false,
            "colsample_bytree": 0.9003852832866783,
            "gamma": 0.003064419374514074,
            "lambda": 1.6010271625583408,
            "learning_rate": 0.18918825787401214,
            "max_depth": 3,
            "min_child_weight": 8.534121100077254,
            "subsample": 0.8944598414260984
        },
        "fit": {
            "early_stopping_rounds": 200,
            "verbose": true
        },
        "neighbors": null
    },
    "prediction_type": "probs",
    "time": "0:00:00",
    "best_iteration": 49,
    "metrics": {
        "train": {
            "0": {
                "precision": 0.9450617283950618,
                "recall": 0.8515016685205784,
                "f1-score": 0.895845523698069,
                "support": 1798
            },
            "1": {
                "precision": 0.8672302337145699,
                "recall": 0.9514457174031642,
                "f1-score": 0.9073881373569198,
                "support": 1833
            },
            "accuracy": 0.9019553841916828,
            "macro avg": {
                "precision": 0.9061459810548158,
                "recall": 0.9014736929618713,
                "f1-score": 0.9016168305274944,
                "support": 3631
            },
            "weighted avg": {
                "precision": 0.9057708636885508,
                "recall": 0.9019553841916828,
                "f1-score": 0.9016724614112813,
                "support": 3631
            },
            "cross-entropy": 0.2333527232935273,
            "roc-auc": 0.9616084004352293,
            "score": 0.9019553841916828
        },
        "val": {
            "0": {
                "precision": 0.9532710280373832,
                "recall": 0.8831168831168831,
                "f1-score": 0.9168539325842696,
                "support": 231
            },
            "1": {
                "precision": 0.8932806324110671,
                "recall": 0.9576271186440678,
                "f1-score": 0.9243353783231084,
                "support": 236
            },
            "accuracy": 0.9207708779443254,
            "macro avg": {
                "precision": 0.9232758302242252,
                "recall": 0.9203720008804754,
                "f1-score": 0.920594655453689,
                "support": 467
            },
            "weighted avg": {
                "precision": 0.9229546824960329,
                "recall": 0.9207708779443254,
                "f1-score": 0.9206347060197428,
                "support": 467
            },
            "cross-entropy": 0.2430443990668679,
            "roc-auc": 0.9518306552204857,
            "score": 0.9207708779443254
        },
        "test": {
            "0": {
                "precision": 0.9248554913294798,
                "recall": 0.8495575221238938,
                "f1-score": 0.8856088560885608,
                "support": 565
            },
            "1": {
                "precision": 0.851138353765324,
                "recall": 0.9257142857142857,
                "f1-score": 0.8868613138686132,
                "support": 525
            },
            "accuracy": 0.8862385321100917,
            "macro avg": {
                "precision": 0.8879969225474018,
                "recall": 0.8876359039190898,
                "f1-score": 0.8862350849785869,
                "support": 1090
            },
            "weighted avg": {
                "precision": 0.889349530576102,
                "recall": 0.8862385321100917,
                "f1-score": 0.8862121041018888,
                "support": 1090
            },
            "cross-entropy": 0.2598429293527761,
            "roc-auc": 0.949394016013485,
            "score": 0.8862385321100917
        }
    }
}
