{
    "function": "bin.catboost_.main",
    "gpus": [
        "NVIDIA GeForce RTX 2080 Ti",
        "NVIDIA GeForce RTX 2080 Ti"
    ],
    "config": {
        "seed": 14,
        "data": {
            "seed": 0,
            "num_policy": null,
            "cat_policy": null,
            "cache": true,
            "path": ":data/regression-num-medium-0-california",
            "y_policy": "standard"
        },
        "model": {
            "iterations": 4000,
            "early_stopping_rounds": 3999,
            "thread_count": 4,
            "task_type": "CPU",
            "od_pval": 0.001
        },
        "fit": {
            "logging_level": "Verbose"
        }
    },
    "prediction_type": null,
    "time": "0:00:08",
    "best_iteration": 3988,
    "metrics": {
        "train": {
            "rmse": 0.07297987850902633,
            "mae": 0.0541362631263085,
            "r2": 0.9577707504775529,
            "score": -0.07297987850902633
        },
        "val": {
            "rmse": 0.14185564402215917,
            "mae": 0.0951286558784931,
            "r2": 0.8473789003855716,
            "score": -0.14185564402215917
        },
        "test": {
            "rmse": 0.1294211693566497,
            "mae": 0.08957421685920221,
            "r2": 0.8668170791265788,
            "score": -0.1294211693566497
        }
    }
}
