{
    "function": "bin.xgboost_.main",
    "gpus": [
        "NVIDIA GeForce RTX 2080 Ti"
    ],
    "config": {
        "seed": 5,
        "data": {
            "seed": 0,
            "num_policy": null,
            "cache": true,
            "path": ":data/classif-num-medium-2-MagicTelescope",
            "cat_policy": null,
            "y_policy": null
        },
        "model": {
            "booster": "gbtree",
            "n_estimators": 4000,
            "n_jobs": 1,
            "tree_method": "gpu_hist",
            "use_label_encoder": false,
            "colsample_bytree": 0.7124979092973229,
            "gamma": 2.224092644212051,
            "lambda": 0.0,
            "learning_rate": 0.21393266859908452,
            "max_depth": 3,
            "min_child_weight": 2.803582752159158,
            "subsample": 0.5642608365455003
        },
        "fit": {
            "early_stopping_rounds": 200,
            "verbose": true
        },
        "neighbors": null
    },
    "prediction_type": "probs",
    "time": "0:00:01",
    "best_iteration": 245,
    "metrics": {
        "train": {
            "0": {
                "precision": 0.8834380701398743,
                "recall": 0.9339905700814402,
                "f1-score": 0.9080112511719971,
                "support": 4666
            },
            "1": {
                "precision": 0.9304740406320542,
                "recall": 0.8775814349584842,
                "f1-score": 0.9032540812972498,
                "support": 4697
            },
            "accuracy": 0.9056926198867884,
            "macro avg": {
                "precision": 0.9069560553859642,
                "recall": 0.9057860025199622,
                "f1-score": 0.9056326662346235,
                "support": 9363
            },
            "weighted avg": {
                "precision": 0.9070339211920765,
                "recall": 0.9056926198867884,
                "f1-score": 0.9056247909667543,
                "support": 9363
            },
            "cross-entropy": 0.2401000425695453,
            "roc-auc": 0.9672455565065516,
            "score": 0.9056926198867884
        },
        "val": {
            "0": {
                "precision": 0.8467741935483871,
                "recall": 0.875,
                "f1-score": 0.8606557377049181,
                "support": 600
            },
            "1": {
                "precision": 0.8713550600343053,
                "recall": 0.8424543946932007,
                "f1-score": 0.8566610455311973,
                "support": 603
            },
            "accuracy": 0.8586866167913549,
            "macro avg": {
                "precision": 0.8590646267913462,
                "recall": 0.8587271973466004,
                "f1-score": 0.8586583916180577,
                "support": 1203
            },
            "weighted avg": {
                "precision": 0.859095276250805,
                "recall": 0.8586866167913549,
                "f1-score": 0.8586534107051228,
                "support": 1203
            },
            "cross-entropy": 0.35440351015,
            "roc-auc": 0.9218960751796572,
            "score": 0.8586866167913549
        },
        "test": {
            "0": {
                "precision": 0.8367346938775511,
                "recall": 0.8938115330520394,
                "f1-score": 0.8643318599115947,
                "support": 1422
            },
            "1": {
                "precision": 0.8830364058869093,
                "recall": 0.8213256484149856,
                "f1-score": 0.851063829787234,
                "support": 1388
            },
            "accuracy": 0.8580071174377224,
            "macro avg": {
                "precision": 0.8598855498822302,
                "recall": 0.8575685907335124,
                "f1-score": 0.8576978448494144,
                "support": 2810
            },
            "weighted avg": {
                "precision": 0.8596054327633125,
                "recall": 0.8580071174377224,
                "f1-score": 0.8577781140708072,
                "support": 2810
            },
            "cross-entropy": 0.33412787357206675,
            "roc-auc": 0.9282903083289761,
            "score": 0.8580071174377224
        }
    }
}
