{
    "function": "bin.ffn.main",
    "gpus": [
        "A100-SXM-80GB"
    ],
    "config": {
        "seed": 14,
        "batch_size": 1024,
        "patience": 16,
        "n_epochs": Infinity,
        "data": {
            "seed": 0,
            "cache": true,
            "path": ":data/covtype",
            "num_policy": "quantile",
            "cat_policy": null,
            "y_policy": null
        },
        "optimizer": {
            "type": "AdamW",
            "lr": 0.0002704453888822608,
            "weight_decay": 2.5695981842685024e-06
        },
        "model": {
            "backbone": {
                "type": "MLP",
                "n_blocks": 6,
                "d_layer": 803,
                "dropout": 0.28139823636802674,
                "activation": "ReLU"
            },
            "num_embeddings": {
                "type": "PLREmbeddings",
                "n_frequencies": 57,
                "frequency_scale": 0.5553089189976465,
                "d_embedding": 16,
                "lite": false
            }
        }
    },
    "n_parameters": 3417273,
    "prediction_type": "logits",
    "best_epoch": 83,
    "metrics": {
        "train": {
            "0": {
                "precision": 0.9909644759690379,
                "recall": 0.993376506512856,
                "f1-score": 0.9921690252904385,
                "support": 135578
            },
            "1": {
                "precision": 0.9960554785020804,
                "recall": 0.9902212760324745,
                "f1-score": 0.9931298089954143,
                "support": 181312
            },
            "2": {
                "precision": 0.9941438685429596,
                "recall": 0.9941438685429596,
                "f1-score": 0.9941438685429596,
                "support": 22882
            },
            "3": {
                "precision": 0.9869318181818182,
                "recall": 0.9874928936895964,
                "f1-score": 0.9872122762148337,
                "support": 1759
            },
            "4": {
                "precision": 0.933271690553244,
                "recall": 0.9968724279835391,
                "f1-score": 0.9640241961158867,
                "support": 6075
            },
            "5": {
                "precision": 0.9840662275235891,
                "recall": 0.9946018893387314,
                "f1-score": 0.9893060092174146,
                "support": 11115
            },
            "6": {
                "precision": 0.9825127589312519,
                "recall": 0.9973335364924577,
                "f1-score": 0.989867674858223,
                "support": 13126
            },
            "accuracy": 0.9920908330576823,
            "macro avg": {
                "precision": 0.9811351883148544,
                "recall": 0.9934346283703736,
                "f1-score": 0.9871218370335957,
                "support": 371847
            },
            "weighted avg": {
                "precision": 0.9921763247304631,
                "recall": 0.9920908330576823,
                "f1-score": 0.9921089502330532,
                "support": 371847
            },
            "cross-entropy": 0.02189981713217052,
            "score": 0.9920908330576823
        },
        "val": {
            "0": {
                "precision": 0.9666559136631573,
                "recall": 0.9725025078184929,
                "f1-score": 0.9695703969526274,
                "support": 33894
            },
            "1": {
                "precision": 0.9796246289807851,
                "recall": 0.9684080480056477,
                "f1-score": 0.9739840465069838,
                "support": 45328
            },
            "2": {
                "precision": 0.9674272774777913,
                "recall": 0.9708092990735885,
                "f1-score": 0.9691153376374105,
                "support": 5721
            },
            "3": {
                "precision": 0.9300699300699301,
                "recall": 0.908883826879271,
                "f1-score": 0.9193548387096775,
                "support": 439
            },
            "4": {
                "precision": 0.8567146282973621,
                "recall": 0.9407504937458855,
                "f1-score": 0.8967681204894886,
                "support": 1519
            },
            "5": {
                "precision": 0.9367311072056239,
                "recall": 0.9589780496581504,
                "f1-score": 0.947724039829303,
                "support": 2779
            },
            "6": {
                "precision": 0.9531296351231089,
                "recall": 0.9789762340036563,
                "f1-score": 0.9658800541109274,
                "support": 3282
            },
            "accuracy": 0.9694068544136314,
            "macro avg": {
                "precision": 0.9414790172596798,
                "recall": 0.9570440655978132,
                "f1-score": 0.9489138334623455,
                "support": 92962
            },
            "weighted avg": {
                "precision": 0.9696855661848216,
                "recall": 0.9694068544136314,
                "f1-score": 0.9694843886157708,
                "support": 92962
            },
            "cross-entropy": 0.08695291132862552,
            "score": 0.9694068544136314
        },
        "test": {
            "0": {
                "precision": 0.9677464854953218,
                "recall": 0.9716295317220544,
                "f1-score": 0.969684121263515,
                "support": 42368
            },
            "1": {
                "precision": 0.9788478687355092,
                "recall": 0.9686380402746156,
                "f1-score": 0.9737161916420505,
                "support": 56661
            },
            "2": {
                "precision": 0.9648122392211405,
                "recall": 0.9700741155083206,
                "f1-score": 0.9674360225925668,
                "support": 7151
            },
            "3": {
                "precision": 0.9080882352941176,
                "recall": 0.8998178506375227,
                "f1-score": 0.9039341262580054,
                "support": 549
            },
            "4": {
                "precision": 0.8441190363722249,
                "recall": 0.9410215903106899,
                "f1-score": 0.8899402390438248,
                "support": 1899
            },
            "5": {
                "precision": 0.9357021996615905,
                "recall": 0.955369997120645,
                "f1-score": 0.945433822481835,
                "support": 3473
            },
            "6": {
                "precision": 0.957122439256789,
                "recall": 0.9795221843003413,
                "f1-score": 0.9681927710843374,
                "support": 4102
            },
            "accuracy": 0.9690283383389413,
            "macro avg": {
                "precision": 0.9366340720052421,
                "recall": 0.9551533299820271,
                "f1-score": 0.9454767563380193,
                "support": 116203
            },
            "weighted avg": {
                "precision": 0.9693440529681872,
                "recall": 0.9690283383389413,
                "f1-score": 0.9691205884840279,
                "support": 116203
            },
            "cross-entropy": 0.08846186363917302,
            "score": 0.9690283383389413
        }
    },
    "time": "0:03:15",
    "chunk_size": null,
    "eval_batch_size": 32768
}
