{
    "function": "bin.anp.main",
    "gpus": [
        "A100-SXM-80GB"
    ],
    "config": {
        "seed": 4,
        "batch_size": 512,
        "patience": 16,
        "n_epochs": Infinity,
        "num_accumulate": 1,
        "eval_batch_size": 16384,
        "eval_batch_size_context": 10000000,
        "data": {
            "seed": 0,
            "cache": true,
            "path": ":data/diamond",
            "num_policy": "quantile",
            "cat_policy": "ordinal",
            "y_policy": "standard"
        },
        "model": {
            "num_embeddings": null,
            "d_hidden": 305,
            "num_layers_dec": 3,
            "num_self_attention_l": 2,
            "num_cross_attention_l": 1
        },
        "optimizer": {
            "type": "AdamW",
            "lr": 7.822862585782455e-05,
            "weight_decay": 0.0
        }
    },
    "n_parameters": 5134562,
    "prediction_type": null,
    "best_epoch": 130,
    "metrics": {
        "train": {
            "rmse": 0.13071064377733677,
            "mae": 0.07414901173938412,
            "r2": 0.982834061220861,
            "score": -0.13071064377733677
        },
        "val": {
            "rmse": 0.1366591570543969,
            "mae": 0.07461972529607731,
            "r2": 0.9817570639791228,
            "score": -0.1366591570543969
        },
        "test": {
            "rmse": 0.1392069693282332,
            "mae": 0.0745538642380059,
            "r2": 0.9805436030490086,
            "score": -0.1392069693282332
        }
    },
    "time": "1:59:50",
    "chunk_size": null,
    "eval_batch_size": 16384
}
