{
    "function": "bin.xgboost_.main",
    "gpus": [
        "A100-SXM-80GB"
    ],
    "config": {
        "seed": 1,
        "data": {
            "seed": 0,
            "num_policy": null,
            "cache": true,
            "path": ":data/higgs-small",
            "cat_policy": null,
            "y_policy": null
        },
        "model": {
            "booster": "gbtree",
            "n_estimators": 4000,
            "n_jobs": 1,
            "tree_method": "gpu_hist",
            "use_label_encoder": false,
            "colsample_bytree": 0.85082984663905,
            "gamma": 0.30770198223781786,
            "lambda": 0.12933987720822263,
            "learning_rate": 0.012927809711070977,
            "max_depth": 11,
            "min_child_weight": 0.013026548411152741,
            "subsample": 0.7524947091385682
        },
        "fit": {
            "early_stopping_rounds": 200,
            "verbose": true
        },
        "neighbors": null
    },
    "prediction_type": "probs",
    "time": "0:00:15",
    "metrics": {
        "train": {
            "0": {
                "precision": 0.9887427705866153,
                "recall": 0.9708944628490298,
                "f1-score": 0.9797373358348969,
                "support": 29582
            },
            "1": {
                "precision": 0.9744533127614753,
                "recall": 0.990141397087642,
                "f1-score": 0.9822347170714201,
                "support": 33169
            },
            "accuracy": 0.9810680307883539,
            "macro avg": {
                "precision": 0.9815980416740453,
                "recall": 0.980517929968336,
                "f1-score": 0.9809860264531585,
                "support": 62751
            },
            "weighted avg": {
                "precision": 0.9811896315672839,
                "recall": 0.9810680307883539,
                "f1-score": 0.9810574046502821,
                "support": 62751
            },
            "cross-entropy": 0.1957407448770323,
            "roc-auc": 0.9984304463001109,
            "score": 0.9810680307883539
        },
        "val": {
            "0": {
                "precision": 0.7203177257525084,
                "recall": 0.6988912925905895,
                "f1-score": 0.7094427669503156,
                "support": 7396
            },
            "1": {
                "precision": 0.7383693609022557,
                "recall": 0.757959479015919,
                "f1-score": 0.7480361818614616,
                "support": 8292
            },
            "accuracy": 0.7301121876593575,
            "macro avg": {
                "precision": 0.729343543327382,
                "recall": 0.7284253858032542,
                "f1-score": 0.7287394744058886,
                "support": 15688
            },
            "weighted avg": {
                "precision": 0.7298590413224795,
                "recall": 0.7301121876593575,
                "f1-score": 0.7298415811040141,
                "support": 15688
            },
            "cross-entropy": 0.5277699646351672,
            "roc-auc": 0.810096817369371,
            "score": 0.7301121876593575
        },
        "test": {
            "0": {
                "precision": 0.7131192761778661,
                "recall": 0.6990805840995132,
                "f1-score": 0.7060301507537688,
                "support": 9245
            },
            "1": {
                "precision": 0.7362283113681616,
                "recall": 0.749155812831645,
                "f1-score": 0.7426358071920429,
                "support": 10365
            },
            "accuracy": 0.7255481896991332,
            "macro avg": {
                "precision": 0.7246737937730139,
                "recall": 0.7241181984655791,
                "f1-score": 0.7243329789729058,
                "support": 19610
            },
            "weighted avg": {
                "precision": 0.7253337152266888,
                "recall": 0.7255481896991332,
                "f1-score": 0.7253783215331013,
                "support": 19610
            },
            "cross-entropy": 0.5344976913370476,
            "roc-auc": 0.8045656470153617,
            "score": 0.7255481896991332
        }
    }
}
