{
    "function": "bin.ensemble.main",
    "config": {
        "seeds": [
            0,
            1,
            2,
            3,
            4
        ]
    },
    "single_model_function": "bin.tabr_design.main",
    "data": ":data/black-friday",
    "prediction_type": null,
    "metrics": {
        "train": {
            "rmse": 0.659213734998285,
            "mae": 0.5101839410708843,
            "r2": 0.564700505014373,
            "score": -0.659213734998285
        },
        "val": {
            "rmse": 0.6922398552309438,
            "mae": 0.5364142401467475,
            "r2": 0.5194396983346301,
            "score": -0.6922398552309438
        },
        "test": {
            "rmse": 0.6930633832564391,
            "mae": 0.5374344864766573,
            "r2": 0.5232900345767508,
            "score": -0.6930633832564391
        }
    }
}