{
    "function": "bin.tabr_design.main",
    "gpus": [
        "A100-SXM-80GB"
    ],
    "config": {
        "seed": 11,
        "batch_size": 512,
        "patience": 16,
        "n_epochs": Infinity,
        "context_size": 96,
        "data": {
            "seed": 0,
            "cache": true,
            "path": ":data/otto",
            "num_policy": null,
            "cat_policy": null,
            "y_policy": null
        },
        "model": {
            "num_embeddings": null,
            "d_main": 343,
            "context_dropout": 0.11636077121418828,
            "d_multiplier": 2.0,
            "encoder_n_blocks": 0,
            "predictor_n_blocks": 1,
            "mixer_normalization": "auto",
            "dropout0": 0.5743971441291,
            "dropout1": 0.0,
            "normalization": "LayerNorm",
            "activation": "ReLU",
            "dot_product": true,
            "use_Q": true,
            "use_V": true,
            "use_labels": false,
            "use_T": false,
            "self_attention": true,
            "scale_similarities": true
        },
        "optimizer": {
            "type": "AdamW",
            "lr": 0.0008875220633977548,
            "weight_decay": 1.8311655008654914e-06
        }
    },
    "n_parameters": 862311,
    "prediction_type": "logits",
    "best_epoch": 34,
    "metrics": {
        "train": {
            "0": {
                "precision": 0.943950177935943,
                "recall": 0.8591093117408907,
                "f1-score": 0.8995337007206443,
                "support": 1235
            },
            "1": {
                "precision": 0.830000888651915,
                "recall": 0.9052141887962784,
                "f1-score": 0.8659774697510546,
                "support": 10318
            },
            "2": {
                "precision": 0.7531823085221143,
                "recall": 0.6815696993361968,
                "f1-score": 0.7155888080352568,
                "support": 5122
            },
            "3": {
                "precision": 0.9041604754829123,
                "recall": 0.7067363530778165,
                "f1-score": 0.7933507170795305,
                "support": 1722
            },
            "4": {
                "precision": 0.9897669130187606,
                "recall": 0.9931545921277809,
                "f1-score": 0.9914578587699315,
                "support": 1753
            },
            "5": {
                "precision": 0.9831317278881367,
                "recall": 0.9793278797258457,
                "f1-score": 0.9812261172952318,
                "support": 9046
            },
            "6": {
                "precision": 0.8996117581808097,
                "recall": 0.8926802421574023,
                "f1-score": 0.8961325966850829,
                "support": 1817
            },
            "7": {
                "precision": 0.9699523635031146,
                "recall": 0.977293705002769,
                "f1-score": 0.9736091954022988,
                "support": 5417
            },
            "8": {
                "precision": 0.9464508094645081,
                "recall": 0.9586881110059918,
                "f1-score": 0.952530158232806,
                "support": 3171
            },
            "accuracy": 0.9006085704906441,
            "macro avg": {
                "precision": 0.9133563802942462,
                "recall": 0.8837526758856636,
                "f1-score": 0.8966007357746487,
                "support": 39601
            },
            "weighted avg": {
                "precision": 0.9005576830235101,
                "recall": 0.9006085704906441,
                "f1-score": 0.8993323304399522,
                "support": 39601
            },
            "cross-entropy": 0.2543638893823343,
            "score": 0.9006085704906441
        },
        "val": {
            "0": {
                "precision": 0.6627450980392157,
                "recall": 0.5487012987012987,
                "f1-score": 0.6003552397868561,
                "support": 308
            },
            "1": {
                "precision": 0.7465277777777778,
                "recall": 0.8333333333333334,
                "f1-score": 0.7875457875457875,
                "support": 2580
            },
            "2": {
                "precision": 0.6158590308370044,
                "recall": 0.5456674473067916,
                "f1-score": 0.5786423841059604,
                "support": 1281
            },
            "3": {
                "precision": 0.7363344051446945,
                "recall": 0.531322505800464,
                "f1-score": 0.6172506738544474,
                "support": 431
            },
            "4": {
                "precision": 0.9724137931034482,
                "recall": 0.9657534246575342,
                "f1-score": 0.9690721649484535,
                "support": 438
            },
            "5": {
                "precision": 0.9467084639498433,
                "recall": 0.9345711759504863,
                "f1-score": 0.9406006674082313,
                "support": 2262
            },
            "6": {
                "precision": 0.755656108597285,
                "recall": 0.73568281938326,
                "f1-score": 0.7455357142857143,
                "support": 454
            },
            "7": {
                "precision": 0.9085714285714286,
                "recall": 0.9394387001477105,
                "f1-score": 0.9237472766884531,
                "support": 1354
            },
            "8": {
                "precision": 0.8530864197530864,
                "recall": 0.8713745271122321,
                "f1-score": 0.8621334996880848,
                "support": 793
            },
            "accuracy": 0.8161801838198162,
            "macro avg": {
                "precision": 0.7997669473081983,
                "recall": 0.767316136932568,
                "f1-score": 0.7805426009235543,
                "support": 9901
            },
            "weighted avg": {
                "precision": 0.8134113331248608,
                "recall": 0.8161801838198162,
                "f1-score": 0.812952700766878,
                "support": 9901
            },
            "cross-entropy": 0.516565586666343,
            "score": 0.8161801838198162
        },
        "test": {
            "0": {
                "precision": 0.6536144578313253,
                "recall": 0.5621761658031088,
                "f1-score": 0.6044568245125349,
                "support": 386
            },
            "1": {
                "precision": 0.7546256760603473,
                "recall": 0.8222704714640199,
                "f1-score": 0.7869971797535996,
                "support": 3224
            },
            "2": {
                "precision": 0.5920602327173169,
                "recall": 0.5402873204247346,
                "f1-score": 0.5649902024820379,
                "support": 1601
            },
            "3": {
                "precision": 0.7156862745098039,
                "recall": 0.5427509293680297,
                "f1-score": 0.6173361522198731,
                "support": 538
            },
            "4": {
                "precision": 0.9709090909090909,
                "recall": 0.9744525547445255,
                "f1-score": 0.9726775956284153,
                "support": 548
            },
            "5": {
                "precision": 0.9460035523978686,
                "recall": 0.9419879731163778,
                "f1-score": 0.9439914923785893,
                "support": 2827
            },
            "6": {
                "precision": 0.7348066298342542,
                "recall": 0.7024647887323944,
                "f1-score": 0.7182718271827184,
                "support": 568
            },
            "7": {
                "precision": 0.9144851657940664,
                "recall": 0.928529238038984,
                "f1-score": 0.9214536928487691,
                "support": 1693
            },