{
    "function": "bin.tabr_design.main",
    "gpus": [
        "GeForce RTX 2080 Ti"
    ],
    "config": {
        "seed": 5,
        "batch_size": 256,
        "patience": 16,
        "n_epochs": Infinity,
        "context_size": 96,
        "data": {
            "seed": 0,
            "cache": true,
            "path": ":data/adult",
            "num_policy": "quantile",
            "cat_policy": "ordinal",
            "y_policy": null
        },
        "model": {
            "num_embeddings": null,
            "d_main": 377,
            "context_dropout": 0.2579029661844488,
            "d_multiplier": 2.0,
            "encoder_n_blocks": 0,
            "predictor_n_blocks": 1,
            "mixer_normalization": "auto",
            "dropout0": 0.562743641744456,
            "dropout1": 0.0,
            "normalization": "LayerNorm",
            "activation": "ReLU",
            "dot_product": false,
            "use_Q": true,
            "use_V": true,
            "use_labels": false,
            "use_T": false,
            "self_attention": true,
            "scale_similarities": true
        },
        "optimizer": {
            "type": "AdamW",
            "lr": 8.21208446703448e-05,
            "weight_decay": 0.0
        }
    },
    "n_parameters": 1039767,
    "prediction_type": "logits",
    "best_epoch": 24,
    "metrics": {
        "train": {
            "0": {
                "precision": 0.9042216487315576,
                "recall": 0.9390644753476612,
                "f1-score": 0.9213137527287161,
                "support": 19775
            },
            "1": {
                "precision": 0.7813463981128652,
                "recall": 0.6864339231627611,
                "f1-score": 0.7308214528173794,
                "support": 6273
            },
            "accuracy": 0.8782248157248157,
            "macro avg": {
                "precision": 0.8427840234222115,
                "recall": 0.8127491992552112,
                "f1-score": 0.8260676027730478,
                "support": 26048
            },
            "weighted avg": {
                "precision": 0.87463026178703,
                "recall": 0.8782248157248157,
                "f1-score": 0.8754385148085757,
                "support": 26048
            },
            "cross-entropy": 0.26740186512251696,
            "roc-auc": 0.9360781895318023,
            "score": 0.8782248157248157
        },
        "val": {
            "0": {
                "precision": 0.8937707479008006,
                "recall": 0.9255813953488372,
                "f1-score": 0.9093979733757203,
                "support": 4945
            },
            "1": {
                "precision": 0.735632183908046,
                "recall": 0.6530612244897959,
                "f1-score": 0.6918918918918919,
                "support": 1568
            },
            "accuracy": 0.8599723629663749,
            "macro avg": {
                "precision": 0.8147014659044233,
                "recall": 0.7893213099193166,
                "f1-score": 0.8006449326338061,
                "support": 6513
            },
            "weighted avg": {
                "precision": 0.8556990039516774,
                "recall": 0.8599723629663749,
                "f1-score": 0.8570335428879814,
                "support": 6513
            },
            "cross-entropy": 0.31445112240010564,
            "roc-auc": 0.9145695765667238,
            "score": 0.8599723629663749
        },
        "test": {
            "0": {
                "precision": 0.8922206725554006,
                "recall": 0.9260152794531564,
                "f1-score": 0.9088039146047907,
                "support": 12435
            },
            "1": {
                "precision": 0.7274074074074074,
                "recall": 0.6383255330213209,
                "f1-score": 0.6799612242071736,
                "support": 3846
            },
            "accuracy": 0.858055402002334,
            "macro avg": {
                "precision": 0.809814039981404,
                "recall": 0.7821704062372387,
                "f1-score": 0.7943825694059822,
                "support": 16281
            },
            "weighted avg": {
                "precision": 0.853287448689595,
                "recall": 0.858055402002334,
                "f1-score": 0.8547452580560999,
                "support": 16281
            },
            "cross-entropy": 0.3177319108816002,
            "roc-auc": 0.9111819631611158,
            "score": 0.858055402002334
        }
    },
    "time": "0:01:03",
    "chunk_size": null,
    "eval_batch_size": 8192
}