{
    "function": "bin.catboost_.main",
    "gpus": [
        "NVIDIA GeForce RTX 2080 Ti",
        "NVIDIA GeForce RTX 2080 Ti"
    ],
    "config": {
        "seed": 0,
        "data": {
            "seed": 0,
            "num_policy": null,
            "cat_policy": null,
            "cache": true,
            "path": ":data/regression-num-medium-0-house_16H",
            "y_policy": "standard"
        },
        "model": {
            "iterations": 4000,
            "early_stopping_rounds": 200,
            "od_pval": 0.001,
            "bagging_temperature": 0.7730377245331524,
            "depth": 5,
            "l2_leaf_reg": 1.040766659390394,
            "leaf_estimation_iterations": 7,
            "learning_rate": 0.03600739578366189,
            "task_type": "CPU",
            "thread_count": 4
        },
        "fit": {
            "logging_level": "Verbose"
        }
    },
    "prediction_type": null,
    "time": "0:00:06",
    "best_iteration": 1867,
    "metrics": {
        "train": {
            "rmse": 0.2505713872576252,
            "mae": 0.19273754722176803,
            "r2": 0.9192068354658056,
            "score": -0.2505713872576252
        },
        "val": {
            "rmse": 0.5811214762901487,
            "mae": 0.2881557729086776,
            "r2": 0.594269708038982,
            "score": -0.5811214762901487
        },
        "test": {
            "rmse": 0.5919835248064055,
            "mae": 0.2944974862762777,
            "r2": 0.5181998802870706,
            "score": -0.5919835248064055
        }
    }
}
