{
    "function": "bin.catboost_.main",
    "gpus": [],
    "config": {
        "seed": 4,
        "data": {
            "seed": 0,
            "num_policy": null,
            "cat_policy": null,
            "cache": true,
            "path": ":data/black-friday",
            "y_policy": "standard"
        },
        "model": {
            "iterations": 4000,
            "early_stopping_rounds": 200,
            "od_pval": 0.001,
            "bagging_temperature": 0.502359043421886,
            "depth": 9,
            "l2_leaf_reg": 7.4534308224425905,
            "leaf_estimation_iterations": 4,
            "learning_rate": 0.037146527365492,
            "task_type": "CPU",
            "thread_count": 4
        },
        "fit": {
            "logging_level": "Verbose"
        }
    },
    "prediction_type": null,
    "time": "0:01:26",
    "best_iteration": 2331,
    "metrics": {
        "train": {
            "rmse": 0.6512411780922832,
            "mae": 0.503149967265066,
            "r2": 0.5751658941051836,
            "score": -0.6512411780922832
        },
        "val": {
            "rmse": 0.6818035728475278,
            "mae": 0.5268742499569165,
            "r2": 0.5338204296693237,
            "score": -0.6818035728475278
        },
        "test": {
            "rmse": 0.682242369218308,
            "mae": 0.5285074141381453,
            "r2": 0.5380598661244411,
            "score": -0.682242369218308
        }
    }
}
