{
    "function": "bin.tabr.main",
    "gpus": [
        "A100-SXM-80GB"
    ],
    "config": {
        "seed": 11,
        "batch_size": 64,
        "patience": 16,
        "n_epochs": Infinity,
        "context_size": 96,
        "data": {
            "seed": 0,
            "cache": true,
            "path": ":data/regression-cat-medium-0-analcatdata_supreme",
            "num_policy": "quantile",
            "cat_policy": null,
            "y_policy": "standard"
        },
        "model": {
            "num_embeddings": null,
            "d_main": 307,
            "context_dropout": 0.5725705923864058,
            "d_multiplier": 2.0,
            "encoder_n_blocks": 0,
            "predictor_n_blocks": 1,
            "mixer_normalization": "auto",
            "dropout0": 0.5853881065301391,
            "dropout1": 0.0,
            "normalization": "LayerNorm",
            "activation": "ReLU"
        },
        "optimizer": {
            "type": "AdamW",
            "lr": 0.0009866383178475473,
            "weight_decay": 0.0
        }
    },
    "n_parameters": 854689,
    "prediction_type": null,
    "best_epoch": 17,
    "metrics": {
        "train": {
            "rmse": 0.07789358773876473,
            "mae": 0.023474979070009727,
            "r2": 0.9790883345915105,
            "score": -0.07789358773876473
        },
        "val": {
            "rmse": 0.04450125306390638,
            "mae": 0.01737958030504627,
            "r2": 0.9935329720435937,
            "score": -0.04450125306390638
        },
        "test": {
            "rmse": 0.07868117189188258,
            "mae": 0.025110883054216382,
            "r2": 0.9816421345149203,
            "score": -0.07868117189188258
        }
    },
    "time": "0:00:13",
    "chunk_size": null,
    "eval_batch_size": 32768
}