{
    "function": "bin.ensemble.main",
    "config": {
        "seeds": [
            10,
            11,
            12,
            13,
            14
        ]
    },
    "single_model_function": "bin.tabr.main",
    "data": ":data/classif-num-medium-2-phoneme",
    "prediction_type": "probs",
    "metrics": {
        "train": {
            "0": {
                "precision": 0.9292364990689013,
                "recall": 0.8746713409290097,
                "f1-score": 0.9011286681715575,
                "support": 1141
            },
            "1": {
                "precision": 0.87521815008726,
                "recall": 0.9295644114921223,
                "f1-score": 0.9015730337078651,
                "support": 1079
            },
            "accuracy": 0.9013513513513514,
            "macro avg": {
                "precision": 0.9022273245780806,
                "recall": 0.9021178762105659,
                "f1-score": 0.9013508509397112,
                "support": 2220
            },
            "weighted avg": {
                "precision": 0.9029816348566531,
                "recall": 0.9013513513513514,
                "f1-score": 0.9013446458353754,
                "support": 2220
            },
            "cross-entropy": 0.2528776874814823,
            "roc-auc": 0.9668737648632689,
            "score": 0.9013513513513514
        },
        "val": {
            "0": {
                "precision": 0.875,
                "recall": 0.8686131386861314,
                "f1-score": 0.8717948717948718,
                "support": 137
            },
            "1": {
                "precision": 0.8791946308724832,
                "recall": 0.8851351351351351,
                "f1-score": 0.8821548821548821,
                "support": 148
            },
            "accuracy": 0.8771929824561403,
            "macro avg": {
                "precision": 0.8770973154362416,
                "recall": 0.8768741369106332,
                "f1-score": 0.876974876974877,
                "support": 285
            },
            "weighted avg": {
                "precision": 0.877178264453079,
                "recall": 0.8771929824561403,
                "f1-score": 0.8771748069993683,
                "support": 285
            },
            "cross-entropy": 0.28691588021955994,
            "roc-auc": 0.9540343262971,
            "score": 0.8771929824561403
        },
        "test": {
            "0": {
                "precision": 0.8933333333333333,
                "recall": 0.8701298701298701,
                "f1-score": 0.881578947368421,
                "support": 308
            },
            "1": {
                "precision": 0.8910081743869209,
                "recall": 0.9108635097493036,
                "f1-score": 0.9008264462809917,
                "support": 359
            },
            "accuracy": 0.8920539730134932,
            "macro avg": {
                "precision": 0.8921707538601271,
                "recall": 0.8904966899395869,
                "f1-score": 0.8912026968247064,
                "support": 667
            },
            "weighted avg": {
                "precision": 0.8920818609768685,
                "recall": 0.8920539730134932,
                "f1-score": 0.8919385457336578,
                "support": 667
            },
            "cross-entropy": 0.2857982801024827,
            "roc-auc": 0.9566526787975256,
            "score": 0.8920539730134932
        }
    }
}