{
    "function": "bin.tabr.main",
    "gpus": [
        "A100-SXM-80GB"
    ],
    "config": {
        "seed": 0,
        "batch_size": 256,
        "patience": 16,
        "n_epochs": Infinity,
        "context_size": 96,
        "data": {
            "seed": 0,
            "cache": true,
            "path": ":data/adult",
            "num_policy": "quantile",
            "cat_policy": "ordinal",
            "y_policy": null
        },
        "model": {
            "d_main": 153,
            "context_dropout": 0.5037445620206921,
            "d_multiplier": 2.0,
            "encoder_n_blocks": 0,
            "predictor_n_blocks": 2,
            "mixer_normalization": "auto",
            "dropout0": 0.12973894382439688,
            "dropout1": 0.0,
            "normalization": "LayerNorm",
            "activation": "ReLU",
            "num_embeddings": {
                "type": "LREmbeddings",
                "d_embedding": 91
            }
        },
        "optimizer": {
            "type": "AdamW",
            "lr": 0.0008946922941600689,
            "weight_decay": 0.0
        }
    },
    "n_parameters": 407308,
    "prediction_type": "logits",
    "best_epoch": 40,
    "metrics": {
        "train": {
            "0": {
                "precision": 0.9119084865076261,
                "recall": 0.9433122629582806,
                "f1-score": 0.9273445850215007,
                "support": 19775
            },
            "1": {
                "precision": 0.7995350500715308,
                "recall": 0.7127371273712737,
                "f1-score": 0.7536451748841129,
                "support": 6273
            },
            "accuracy": 0.8877840909090909,
            "macro avg": {
                "precision": 0.8557217682895785,
                "recall": 0.8280246951647772,
                "f1-score": 0.8404948799528068,
                "support": 26048
            },
            "weighted avg": {
                "precision": 0.8848461950931747,
                "recall": 0.8877840909090909,
                "f1-score": 0.885513488592146,
                "support": 26048
            },
            "cross-entropy": 0.24285872230938355,
            "roc-auc": 0.9460146559523155,
            "score": 0.8877840909090909
        },
        "val": {
            "0": {
                "precision": 0.9045009784735812,
                "recall": 0.9346814964610718,
                "f1-score": 0.919343610144207,
                "support": 4945
            },
            "1": {
                "precision": 0.7697790449037776,
                "recall": 0.6887755102040817,
                "f1-score": 0.7270279367216426,
                "support": 1568
            },
            "accuracy": 0.8754798096115461,
            "macro avg": {
                "precision": 0.8371400116886794,
                "recall": 0.8117285033325767,
                "f1-score": 0.8231857734329248,
                "support": 6513
            },
            "weighted avg": {
                "precision": 0.8720667712207865,
                "recall": 0.8754798096115461,
                "f1-score": 0.8730437520255856,
                "support": 6513
            },
            "cross-entropy": 0.2947208123861485,
            "roc-auc": 0.926423954313778,
            "score": 0.8754798096115461
        },
        "test": {
            "0": {
                "precision": 0.9012134411947729,
                "recall": 0.9317249698431845,
                "f1-score": 0.9162152544383377,
                "support": 12435
            },
            "1": {
                "precision": 0.7521167883211679,
                "recall": 0.6697867914716589,
                "f1-score": 0.7085682849676799,
                "support": 3846
            },
            "accuracy": 0.869848289417112,
            "macro avg": {
                "precision": 0.8266651147579704,
                "recall": 0.8007558806574218,
                "f1-score": 0.8123917697030087,
                "support": 16281
            },
            "weighted avg": {
                "precision": 0.8659928941183104,
                "recall": 0.869848289417112,
                "f1-score": 0.8671635841119358,
                "support": 16281
            },
            "cross-entropy": 0.3020539130930653,
            "roc-auc": 0.9220412708747996,
            "score": 0.869848289417112
        }
    },
    "time": "0:02:58",
    "chunk_size": null,
    "eval_batch_size": 32768
}